codigo,arquivo_final,nome_exercicio,grupo_muscular,estacao,prioridade,exercise_id
001,001-mergulho-em-banco.mp4,Mergulho em banco,Peso Corporal,Banco,normal,f051cdea-2073-4765-b7ad-bb4b082934e5
002,002-agachamento-bulgaro-smith.mp4,Agachamento Búlgaro Smith,quadríceps,Barra,ALTA,b09418bb-1aaf-49bf-90d1-7e3276065408
003,003-agachamento-livre-com-barra.mp4,Agachamento livre com barra,Peso Livre,Barra,ALTA,78d913ba-0a6b-4dd1-8250-df13b74940a0
004,004-agachamento-smith.mp4,Agachamento Smith,quadríceps,Barra,ALTA,ec82da9b-8652-4a1d-a570-8aafdda2c2c9
005,005-barra-fixa-pronada.mp4,Barra Fixa Pronada,costas,Barra,ALTA,e3df9e3e-f6e2-452d-9996-8e0f90f2e01f
006,006-bom-dia-smith.mp4,Bom dia Smith,posterior de coxa,Barra,ALTA,99a351d1-7fc4-441c-b95c-691e795f26d1
007,007-flexao-de-punho-na-barra-fixa-ou-antebraco-na-barra-fixa.mp4,Flexão de Punho na Barra Fixa ou Antebraço na Barra Fixa,antebraço,Barra,ALTA,fd207a91-506b-466d-8d6c-d905e97e690a
008,008-levantamento-terra.mp4,Levantamento terra,Peso Livre,Barra,ALTA,f0cf83a8-0bf6-4e3f-aa65-fb7fb7b81aee
009,009-rack-pulls-smith.mp4,Rack Pulls Smith,posterior de coxa,Barra,ALTA,4fa767dc-338d-48f0-accc-9088900c2738
010,010-rdl-b-stance-barra.mp4,RDL B-Stance Barra,posterior de coxa,Barra,ALTA,3da3626b-01f8-4fcd-bc73-281255db1d62
011,011-rosca-direta-barra-w.mp4,Rosca Direta Barra W,bíceps,Barra,ALTA,21c97317-199d-400a-ad43-0a29179570ae
012,012-snatch-arranco-com-barra.mp4,Snatch (arranco) com barra,Peso Livre,Barra,ALTA,fc064b37-3ef2-4dcd-baaa-e1272d67cc23
013,013-supino-inclinado-barra.mp4,Supino Inclinado Barra,peitoral,Barra,ALTA,f1fed726-d7ce-4fec-9dcb-9f987df66ca8
014,014-supino-inclinado-smith-com-dead-stop.mp4,Supino Inclinado Smith com Dead Stop,peitoral,Barra,ALTA,34966f6e-48c5-4757-ac4a-d0c9d6c79d23
015,015-afundo-barra-livre.mp4,Afundo Barra Livre,quadríceps,Barra,normal,78b51c57-8c6b-4aba-8696-0716caaa3e9c
016,016-afundo-smith.mp4,Afundo Smith,quadríceps,Barra,normal,1682b804-b531-426d-bb6b-93e5b9b7ceda
017,017-afundo-smith-2-steps.mp4,Afundo Smith 2 Steps,quadríceps,Barra,normal,02b41ea3-d381-4c67-baec-67c4998ba7a8
018,018-afundo-smith-com-step-na-frente.mp4,Afundo Smith com Step na Frente,quadríceps,Barra,normal,9898104c-2955-45b1-a364-661ee61c444d
019,019-agachamento-bulgaro-barra-livre.mp4,Agachamento Búlgaro Barra Livre,quadríceps,Barra,normal,553c7283-a12a-4407-b23c-1498460c8e87
020,020-agachamento-frontal.mp4,Agachamento frontal,Peso Livre,Barra,normal,9d75460b-b20b-4085-b130-72678225af6d
021,021-agachamento-no-banco-smith.mp4,Agachamento no Banco Smith,quadríceps,Barra,normal,59a8c0a7-e25a-4f86-aedc-232ee1622301
022,022-avanco-com-barra-reta-afundo.mp4,Avanço com Barra Reta ( afundo ),Quadríceps,Barra,normal,7bd6ccb0-1a4c-42c5-b7b2-6687526f81b2
023,023-barra-fixa-pull-up.mp4,Barra fixa (pull-up),Peso Corporal,Barra,normal,ba2b681b-0c91-46ab-a869-389a2479c1e1
024,024-barra-fixa-neutra.mp4,Barra Fixa Neutra,costas,Barra,normal,833e0423-bcfe-4393-bf44-933ca6793062
025,025-barra-fixa-supinada.mp4,Barra Fixa Supinada,costas,Barra,normal,fce1dba8-86af-4d27-bafc-18afa8692769
026,026-barra-supinada-chin-up.mp4,Barra supinada (chin-up),Peso Corporal,Barra,normal,bdec8f3b-dea0-4164-bd7b-ab273d6d101d
027,027-biset-rosca-direta-rosca-invertida-barra-w.mp4,Biset Rosca Direta + Rosca Invertida Barra W,bíceps,Barra,normal,c4304ed9-f79d-4d0e-b66b-5b143db31253
028,028-biset-triceps-testa-supino-fechado-barra.mp4,Biset Tríceps Testa + Supino Fechado Barra,tríceps,Barra,normal,f6b33aae-c260-4759-b01c-ce85a045b9ab
029,029-desenvolvimento-barra-sentado.mp4,Desenvolvimento Barra Sentado,ombro,Barra,normal,7c4dd9a3-c6c2-4e9a-a896-42b7c9911ade
030,030-desenvolvimento-militar.mp4,Desenvolvimento militar,Peso Livre,Barra,normal,8cc16422-0075-4d1f-be09-83902ea0bbf5
031,031-desenvolvimento-sentado-smith.mp4,Desenvolvimento Sentado Smith,ombro,Barra,normal,a863ae76-f3e6-42c0-9757-26e7e1a111a7
032,032-drop-jump-barra-plio.mp4,Drop jump barra (plio),Musculação,Barra,normal,6ba0ecfc-8dad-4f04-acf1-554cdea238f1
033,033-elevacao-frontal-barra.mp4,Elevação Frontal Barra,ombro,Barra,normal,ed0553ab-2073-41b1-92e7-d9856c2daa26
034,034-elevacao-pelvica-barra.mp4,Elevação Pélvica Barra,glúteo,Barra,normal,54a3288a-01d2-412f-bf86-f2904b58cb91
035,035-elevacao-pelvica-smith.mp4,Elevação Pélvica Smith,glúteo,Barra,normal,7edea8df-450e-4ead-befd-adbd6efc207a
036,036-encolhimento-inclinado-smith.mp4,Encolhimento Inclinado Smith,trapézio,Barra,normal,c4343ec8-b13c-4ecb-9d18-2aba9b6f74dc
037,037-encolhimento-overhead-barra.mp4,Encolhimento Overhead Barra,trapézio,Barra,normal,c8dfd65e-2b07-405f-a506-311c0995241c
038,038-encolhimento-overhead-smith.mp4,Encolhimento Overhead Smith,trapézio,Barra,normal,c7e285f9-ef03-4c45-81ee-635ae58b236f
039,039-encolhimento-smith.mp4,Encolhimento Smith,trapézio,Barra,normal,83aeb5e9-935b-4419-9e11-2192f9ed1794
040,040-flexao-aberta-smith.mp4,Flexão Aberta Smith,peitoral,Barra,normal,22b81e41-787c-467f-9cdf-73a3c26da25e
041,041-flexao-fechada-smith.mp4,Flexão Fechada Smith,tríceps,Barra,normal,6ccb4b47-ee73-4d8d-a9cb-af6de89b1513
042,042-good-morning.mp4,Good morning,Peso Livre,Barra,normal,b431d92e-8371-43bc-b580-cf9572493f8a
043,043-hang-clean.mp4,Hang clean,Peso Livre,Barra,normal,d56a3b0c-bfe3-472a-8842-ebf415a7e724
044,044-hip-thrust-com-barra.mp4,Hip thrust com barra,Peso Livre,Barra,normal,cdf66f46-565a-4815-b724-f9dfea82b821
045,045-hip-thrust-explosivo.mp4,Hip thrust explosivo,Performance,Barra,normal,43109c36-7ff8-468c-99c8-fed5c171132e
046,046-muscle-up-progressao.mp4,Muscle-up (progressão),Peso Corporal,Barra,normal,caa940f6-6aca-4e19-a77c-3212a87260a5
047,047-panturrilha-smith-com-step.mp4,Panturrilha Smith com Step,panturrilha,Barra,normal,7cf75d18-f767-4032-ba36-b3ffc33beaaa
048,048-passada-barra.mp4,Passada Barra,quadríceps,Barra,normal,0c28726e-c6d5-4df2-9056-a0f0f8499264
049,049-passada-com-barra-reta-afundo.mp4,Passada com Barra Reta ( afundo),Quadríceps,Barra,normal,8ca3b7f7-6c36-4b2d-9468-1127f7b12841
050,050-power-clean.mp4,Power clean,Peso Livre,Barra,normal,0c145a70-2e35-476a-ad40-2998fcb92be3
051,051-pulldown-barra.mp4,Pulldown barra,costas,Barra,normal,afbe8bbe-2cf2-4404-a609-7c9647ec3eeb
052,052-rdl-barra.mp4,RDL Barra,posterior de coxa,Barra,normal,506123c3-3d0d-4d4e-91a4-2e2363dd9280
053,053-recuo-barra-livre.mp4,Recuo Barra Livre,quadríceps,Barra,normal,b1c0882e-f674-473d-a6a4-5f8d1fea2b0f
054,054-recuo-com-barra-reta-afundo.mp4,Recuo com Barra Reta ( afundo ),Quadríceps,Barra,normal,658aa167-54ef-4662-bc7f-7883b7175af8
055,055-recuo-smith.mp4,Recuo Smith,quadríceps,Barra,normal,7b60f329-d660-474c-a47f-1780c9c6f03b
056,056-recuo-smith-com-step-na-frente.mp4,Recuo Smith com Step na Frente,quadríceps,Barra,normal,3b94a40d-82de-4b73-8758-d7b722a9e771
057,057-remada-aberta-smith-barra.mp4,Remada aberta Smith/Barra,Dorsal,Barra,normal,11cc5dbc-403b-4ccb-9c06-cc93d225c09b
058,058-remada-alta-barra.mp4,Remada Alta Barra,ombro,Barra,normal,b222ffd2-a90e-47a2-9924-a63381446069
059,059-remada-alta-no-smith.mp4,Remada Alta no Smith,ombro,Barra,normal,e2e6d537-a9ba-4feb-bd2d-f6b7591895c2
060,060-remada-australiana-inverted-row.mp4,Remada australiana (inverted row),Peso Corporal,Barra,normal,55c3a5c2-7d07-4f7b-9b3c-6343a526a376
061,061-remada-cavalinho.mp4,Remada cavalinho,Peso Livre,Barra,normal,ed6127ab-bec4-46e3-86ff-749e9391d515
062,062-remada-curvada-com-barra.mp4,Remada curvada com barra,Peso Livre,Barra,normal,6163ca32-b640-4c24-aa1f-860ca50be982
063,063-remada-curvada-pronada-barra.mp4,Remada Curvada Pronada Barra,costas,Barra,normal,8fb786df-8ccc-4223-bbea-5fec0fb06c49
064,064-remada-curvada-pronada-barra-com-rotacao.mp4,Remada Curvada Pronada Barra com Rotação,costas,Barra,normal,90a3c261-85ad-46f5-9449-b4fd542a109e
065,065-remada-curvada-pronada-smith.mp4,Remada Curvada Pronada Smith,costas,Barra,normal,e00a0b68-7e1f-4b96-b53e-9b61ccf2da62
066,066-remada-curvada-supinada-barra.mp4,Remada Curvada Supinada Barra,costas,Barra,normal,15e3ad55-f384-4e29-be43-b63cb85a9a5c
067,067-remada-curvada-supinada-smith.mp4,Remada Curvada Supinada Smith,costas,Barra,normal,8b7d520a-d5b0-4393-ad75-bf85be89a91d
068,068-rosca-scott-barra.mp4,Rosca Scott Barra,bíceps,Barra,normal,bf33e722-9da1-4e32-af62-546bb5176c3a
069,069-salto-barra-hexagonal-c-contramovimento-pre-plio.mp4,Salto barra Hexagonal c/ contramovimento ( pré plio ),Musculação,Barra,normal,9d3992cd-2ed4-4ace-a7b7-242d3a6fcc2b
070,070-salto-barra-hexagonal-continuo-pre-plio.mp4,Salto Barra Hexagonal Contínuo ( pré plio ),Musculação,Barra,normal,8f4d5caa-48e0-4974-99c9-91600a9c704c
071,071-salto-com-barra-hexagonal-s-contramovimento-pre-plio.mp4,Salto com Barra Hexagonal S/ contramovimento ( pré plio ),Musculação,Barra,normal,f18ce369-a648-4f14-a9c9-b0ed18e75cd7
072,072-step-up-smith.mp4,Step Up Smith,quadríceps,Barra,normal,50ec90c8-f48d-421b-a38b-23e79a131e18
073,073-stiff.mp4,Stiff,Peso Livre,Barra,normal,490b2080-ea0b-40bf-85bc-8613544d4140
074,074-stiff-abduzido-barra.mp4,Stiff Abduzido Barra,posterior de coxa,Barra,normal,da6ed290-59ef-49c0-a831-51ee224233bf
075,075-stiff-b-stance-barra.mp4,Stiff B-Stance Barra,posterior de coxa,Barra,normal,af71347e-48d2-40df-83b4-d77c4dd21ea7
076,076-stiff-barra.mp4,Stiff Barra,posterior de coxa,Barra,normal,e07a88c2-da55-42e7-935a-1b53261381c6
077,077-stiff-com-barra-reta-romanian-deadlift.mp4,Stiff com Barra Reta ( Romanian Deadlift ),Quadríceps,Barra,normal,10bc07ad-3778-4967-9c7f-e9eff2993ccf
078,078-stiff-smith.mp4,Stiff Smith,posterior de coxa,Barra,normal,fc025e5f-41e3-41df-8dc7-0d2507f26f17
079,079-supino-declinado-barra.mp4,Supino Declinado Barra,peitoral,Barra,normal,561114a6-a613-4936-a51e-eda2cf36508b
080,080-supino-fechado-barra.mp4,Supino Fechado Barra,tríceps,Barra,normal,1173e1a7-fa43-4cd2-a1fd-811419b9e7d2
081,081-supino-fechado-smith.mp4,Supino Fechado Smith,tríceps,Barra,normal,630de071-ce64-490d-9257-4e1e7260804f
082,082-supino-inclinado-smith.mp4,Supino Inclinado Smith,peitoral,Barra,normal,bfcb16f7-0b17-43c0-a487-42171c4d7f5c
083,083-supino-reto-barra.mp4,Supino Reto Barra,peitoral,Barra,normal,b61721db-87fe-41d8-b13e-f6b5833b8550
084,084-supino-reto-com-barra.mp4,Supino reto com barra,Peso Livre,Barra,normal,8738b381-20aa-48cf-8475-264a24f7a289
085,085-supino-reto-smith.mp4,Supino Reto Smith,peitoral,Barra,normal,0f40befe-bf63-4884-b88a-37ebf683386a
086,086-terra-barra-hexagonal.mp4,Terra Barra Hexagonal,Quadríceps,Barra,normal,04403333-4324-4ff1-b7e3-64553fd0d142
087,087-terra-com-barra-reta-deadlift.mp4,Terra com Barra Reta ( Deadlift ),Quadríceps,Barra,normal,166260ad-3ebd-4718-8ef1-95598bf6f4a6
088,088-terra-romeno.mp4,Terra romeno,Peso Livre,Barra,normal,6b34cc78-f024-4f8c-970b-2b90dda2870c
089,089-terra-sumo.mp4,Terra sumô,Peso Livre,Barra,normal,39cd91ca-af97-43a3-85ad-25d47721db10
090,090-triceps-testa-barra-banco-45.mp4,Tríceps Testa Barra Banco 45,tríceps,Barra,normal,ecdca299-adb9-46e7-bc96-adf9dfff162a
091,091-triceps-testa-barra-banco-reto.mp4,Tríceps Testa Barra Banco Reto,tríceps,Barra,normal,043b569d-b13d-4ff7-9d4e-a552ff9d85ef
092,092-triceps-testa-barra-solo.mp4,Tríceps Testa Barra Solo,tríceps,Barra,normal,7bfed90c-0875-45ea-af5e-beb5ce49cb60
093,093-prancha-na-bola-suica.mp4,Prancha na bola suíça,Core,Bola Suíça,normal,721e4851-7b5b-47c4-8d90-a8315323ad40
094,094-stir-the-pot-na-bola.mp4,Stir the pot na bola,Core,Bola Suíça,normal,7a360b5d-f93d-4864-ad2c-9cfedb42613f
095,095-med-ball-arremesso-reverso-acima-da-cabeca.mp4,Med ball arremesso reverso acima da cabeça,Performance,Bola/Medicine,ALTA,5371919c-fce9-4b92-b230-b782712f7e2c
096,096-med-ball-side-throw-na-parede-lateral.mp4,Med ball side throw na parede (lateral),Performance,Bola/Medicine,ALTA,ea9d5caf-fe01-458b-bf80-e394dc8b69fb
097,097-med-ball-slam-frontal.mp4,Med ball slam frontal,Performance,Bola/Medicine,ALTA,7603535e-d772-4d15-a000-615d745703dc
098,098-slam-ball-rotacional.mp4,Slam ball rotacional,Performance,Bola/Medicine,ALTA,4753f368-2ae5-40ca-9068-dd6622c25c7a
099,099-arremesso-acima-da-cabeca-com-medicine-ball.mp4,Arremesso acima da cabeça com medicine ball,Pliometria,Bola/Medicine,normal,4dbab5a1-26ad-419a-b995-b1d96e6e90a4
100,100-arremesso-de-peito-com-medicine-ball.mp4,Arremesso de peito com medicine ball,Pliometria,Bola/Medicine,normal,2647a1f4-34d8-4667-a846-fd72eed9c2d6
101,101-arremesso-rotacional-com-medicine-ball.mp4,Arremesso rotacional com medicine ball,Core,Bola/Medicine,normal,16945c86-3ad5-44fb-bfaf-e601ea1a5877
102,102-liberacao-de-gluteo-com-bolinha.mp4,Liberação de glúteo com bolinha,Liberação Miofascial,Bola/Medicine,normal,afef4221-dc2d-451d-9ed9-2b1f50533efb
103,103-liberacao-de-peitoral-com-bolinha.mp4,Liberação de peitoral com bolinha,Liberação Miofascial,Bola/Medicine,normal,d1ccbd02-4d54-49b7-9c55-8cb96cc55f37
104,104-liberacao-de-planta-do-pe-com-bolinha.mp4,Liberação de planta do pé com bolinha,Liberação Miofascial,Bola/Medicine,normal,3315fa14-ef57-40ec-9dbc-305a9f6ecd80
105,105-med-ball-arremesso-rotacional-na-parede.mp4,Med ball arremesso rotacional na parede,Performance,Bola/Medicine,normal,85570995-10cb-4b8e-9cf4-b7c454386410
106,106-med-ball-chest-pass-na-parede.mp4,Med ball chest pass na parede,Performance,Bola/Medicine,normal,49ff3d8a-2107-402a-aac3-553af863775b
107,107-med-ball-chest-throw-deitado-supino-explosivo.mp4,Med ball chest throw deitado (supino explosivo),Performance,Bola/Medicine,normal,43870805-9053-422a-b7e5-81c711089b90
108,108-med-ball-overhead-slam-arremesso-acima-ao-solo.mp4,Med ball overhead slam (arremesso acima ao solo),Performance,Bola/Medicine,normal,10d2d0e8-d39c-41cd-ae06-46f0a56a3dde
109,109-med-ball-scoop-toss-arremesso-de-baixo-para-frente.mp4,Med ball scoop toss (arremesso de baixo para frente),Performance,Bola/Medicine,normal,4aba82e0-0c2a-4723-9a5c-929db6b67476
110,110-med-ball-shot-put-arremesso-unilateral.mp4,Med ball shot put (arremesso unilateral),Performance,Bola/Medicine,normal,4fa9dd22-d57d-44a3-85cd-98310fe955ca
111,111-med-ball-squat-to-press-throw.mp4,Med ball squat to press throw,Performance,Bola/Medicine,normal,8fd89d73-2bba-4da8-a102-754e02df5583
112,112-med-ball-step-and-throw-passo-e-arremesso.mp4,Med ball step and throw (passo e arremesso),Performance,Bola/Medicine,normal,6d6cc96b-876b-494a-85e9-b3bc301d61f4
113,113-slam-ball.mp4,Slam ball,Funcional,Bola/Medicine,normal,cce6cde7-2251-49cf-9083-b7bbd0193630
114,114-slam-ball-lateral.mp4,Slam ball lateral,Performance,Bola/Medicine,normal,069009fe-c5ed-4edd-b018-c247ca09675f
115,115-wall-ball.mp4,Wall ball,Funcional,Bola/Medicine,normal,d2b04cb4-1a7d-4e74-af31-19809acb719a
116,116-wall-ball-lateral.mp4,Wall ball lateral,Performance,Bola/Medicine,normal,49a466e8-8b75-499a-9595-b8c2dff6b6c4
117,117-wall-ball-unilateral.mp4,Wall ball unilateral,Performance,Bola/Medicine,normal,191b67b9-e656-4ec4-bcc4-8041176133a9
118,118-chop-meio-ajoelhado-tall-half-kneeling.mp4,Chop meio-ajoelhado (tall/half kneeling),Controle Motor,Cabo/Polia,ALTA,73c71887-0b9f-47f9-9397-4a14d0d10844
119,119-cross-over-polia-alta.mp4,Cross Over Polia Alta,peitoral,Cabo/Polia,ALTA,b551a0d4-326f-4b4c-b909-8af4929130b2
120,120-cross-over-polia-alta-3-porcoes.mp4,Cross Over Polia Alta 3 Porções,peitoral,Cabo/Polia,ALTA,b10456d7-2463-41ee-9087-f7cf42006a00
121,121-extensao-de-quadril-em-diagonal-polia.mp4,Extensão de Quadril em Diagonal Polia,glúteo,Cabo/Polia,ALTA,f22fa86e-fde5-4fe9-b8a0-098ced95239a
122,122-puxada-neutra-polia.mp4,Puxada Neutra Polia,costas,Cabo/Polia,ALTA,3b59a032-f393-479c-b31f-e9059390c3da
123,123-puxada-pronada-polia.mp4,Puxada Pronada Polia,costas,Cabo/Polia,ALTA,f0d967d8-ff18-4881-8c28-aca104bf5ac6
124,124-rosca-inclinada-polia-barra.mp4,Rosca Inclinada Polia Barra,bíceps,Cabo/Polia,ALTA,f4558c21-4ace-4c19-834c-9deafaab7fef
125,125-triceps-frances-polia-corda.mp4,Tríceps Francês Polia Corda,tríceps,Cabo/Polia,ALTA,99e2a39b-507d-4e8a-b260-6f5e4dae07c5
126,126-triceps-polia-barra.mp4,Tríceps Polia Barra,tríceps,Cabo/Polia,ALTA,d06f7cc9-380d-4fb1-9b60-5bd92a25dc22
127,127-abdominal-anti-rotacao-polia.mp4,Abdominal Anti Rotação Polia,abdômen,Cabo/Polia,normal,acd1e2e2-39a0-4f00-bad8-c6cb8e674264
128,128-abdominal-anti-rotacao-polia-com-movimento.mp4,Abdominal Anti Rotação Polia Com Movimento,abdômen,Cabo/Polia,normal,2f4377e5-6822-44b1-9d65-35bcdff31bf2
129,129-abdominal-polia-alta-com-corda.mp4,Abdominal Polia Alta com Corda,abdômen,Cabo/Polia,normal,9c193276-7c38-4009-a259-2cf7cf1ee406
130,130-abducao-de-quadril-cruzada-polia.mp4,Abdução de Quadril Cruzada Polia,glúteo,Cabo/Polia,normal,c0aa51e9-82b6-40f0-af1f-cf32be16c1da
131,131-abducao-de-quadril-polia.mp4,Abdução de Quadril Polia,glúteo,Cabo/Polia,normal,fb5c8403-d675-4928-8d39-cec23fc7054b
132,132-biset-rosca-direta-polia-rosca-invertida-polia.mp4,Biset Rosca Direta Polia + Rosca Invertida Polia,bíceps,Cabo/Polia,normal,fd6071fb-701b-4d09-afb2-fa7ba8fc5e24
133,133-biset-triceps-polia-inverso-polia-barra.mp4,Biset Tríceps Polia + Inverso Polia Barra,tríceps,Cabo/Polia,normal,b5b7247a-e72d-4010-aec7-b0f21a8e5fa1
134,134-biset-triceps-polia-testa-polia-barra.mp4,Biset Tríceps Polia + Testa Polia Barra,tríceps,Cabo/Polia,normal,39a9d0bc-1aaf-4838-a14d-4e516b15d075
135,135-biset-triceps-polia-testa-polia-corda.mp4,Biset Tríceps Polia + Testa Polia Corda,tríceps,Cabo/Polia,normal,86ee3559-0d35-47b2-877a-cb078d56d975
136,136-cable-crunch-abdominal-na-polia.mp4,Cable crunch (abdominal na polia),Core,Cabo/Polia,normal,7caad9cc-dce4-40b5-a9c7-455c7853570e
137,137-chop-polia-com-corda-core.mp4,Chop Polia com Corda (CORE),Musculação,Cabo/Polia,normal,c61b4e4f-4f72-410e-bbe1-c0e95e4a17d7
138,138-coice-polia-baixa.mp4,Coice Polia Baixa,glúteo,Cabo/Polia,normal,3bd15908-90de-4c6a-8c64-31ad3c75f845
139,139-coice-polia-media.mp4,Coice Polia Média,glúteo,Cabo/Polia,normal,e6058264-060f-4e41-83ee-6810f38ca520
140,140-crucifixo-invertido-cruzado-polia.mp4,Crucifixo Invertido Cruzado Polia,ombro,Cabo/Polia,normal,8a461d7f-c174-4488-8dca-b4339ad26c81
141,141-crucifixo-invertido-unilateral-polia.mp4,Crucifixo Invertido Unilateral Polia,ombro,Cabo/Polia,normal,b5265c3f-05a3-4fdc-834a-2b6f0c69d12b
142,142-elevacao-frontal-polia-barra.mp4,Elevação Frontal Polia Barra,ombro,Cabo/Polia,normal,e0a19df2-2e2c-4e5a-930b-3512059b2320
143,143-elevacao-frontal-polia-corda.mp4,Elevação Frontal Polia Corda,ombro,Cabo/Polia,normal,f7503557-0c4c-4417-b6e0-594b6cc30dbf
144,144-elevacao-frontal-unilateral-polia.mp4,Elevação Frontal Unilateral Polia,ombro,Cabo/Polia,normal,c3a857e7-c410-47d2-8aef-6dd7cb1ff9fc
145,145-elevacao-lateral-cruzada-polia.mp4,Elevação Lateral Cruzada Polia,ombro,Cabo/Polia,normal,990793df-0bdf-4afa-8b70-65117c9a5a2a
146,146-elevacao-lateral-inclinada-polia.mp4,Elevação Lateral Inclinada Polia,ombro,Cabo/Polia,normal,4d6e1ebd-b611-4a8d-bee2-c16fa7a8b8a4
147,147-elevacao-lateral-polia.mp4,Elevação Lateral Polia,ombro,Cabo/Polia,normal,5a700771-7bf1-4c3e-8397-072a0aa98c75
148,148-extensao-de-punho-90-graus-polia-baixa.mp4,Extensão de Punho 90 Graus Polia Baixa,antebraço,Cabo/Polia,normal,9b9b7fc4-fdab-4ac8-978b-eb439db7be5b
149,149-extensao-de-quadril-cruzada-polia.mp4,Extensão de Quadril Cruzada Polia,glúteo,Cabo/Polia,normal,5f47cbe1-d1d6-4718-b2ab-938178db7758
150,150-face-pull-polia-alta.mp4,Face Pull Polia Alta,ombro,Cabo/Polia,normal,c36dcbec-494a-4240-bbb3-c8098ae7902e
151,151-fisio-ombro-face-pull.mp4,Fisio Ombro: face pull,Fisioterapia,Cabo/Polia,normal,b460198a-a5ca-4482-8df1-6c26220c8566
152,152-flexao-de-punho-90-graus-polia-baixa.mp4,Flexão de Punho 90 graus Polia Baixa,antebraço,Cabo/Polia,normal,a9307b76-a4e2-4305-b683-d86e59ae80b6
153,153-flexao-de-punho-com-a-polia-atras.mp4,Flexão de Punho com a Polia Atrás,antebraço,Cabo/Polia,normal,dcc7c1f8-9e2e-4b4d-a91e-fbc96fd042fe
154,154-flexao-de-punho-polia-baixa.mp4,Flexão de Punho Polia Baixa,antebraço,Cabo/Polia,normal,9c2ad88a-1f2a-4c58-9455-a667d5331d09
155,155-flexao-de-punho-unilateral-polia-alta.mp4,Flexão de Punho Unilateral Polia Alta,antebraço,Cabo/Polia,normal,7512d746-8861-45b3-9242-800df83c8810
156,156-gluteo-coice-polia-banco.mp4,Glúteo Coice Polia Banco,glúteo,Cabo/Polia,normal,258bfac0-5456-462d-8530-a8204af6b8f8
157,157-gluteo-polia-alta.mp4,Glúteo Polia Alta,glúteo,Cabo/Polia,normal,94f78ab8-d580-4ce0-8392-d8ac0fc141b0
158,158-gluteo-semiflexionado-polia.mp4,Glúteo Semiflexionado Polia,glúteo,Cabo/Polia,normal,cf15749a-32da-4e7f-95c7-67a458950a6e
159,159-gluteo-semiflexionado-polia-banco.mp4,Glúteo Semiflexionado Polia Banco,glúteo,Cabo/Polia,normal,3b123e3c-8ba7-4b27-9931-ac94f47bfc29
160,160-lift-meio-ajoelhado.mp4,Lift meio-ajoelhado,Controle Motor,Cabo/Polia,normal,71213b5c-f659-49a6-a29b-7895696a2b2b
161,161-pallof-press-com-passada.mp4,Pallof press com passada,Core,Cabo/Polia,normal,6073ee7c-1c0a-43b5-a70f-c13ddd0f1eca
162,162-pallof-press-isometrico.mp4,Pallof press isométrico,Core,Cabo/Polia,normal,aa122a11-23c8-4ce3-819e-479676a85f86
163,163-pallof-press-na-polia.mp4,Pallof press na polia,Core,Cabo/Polia,normal,08df4e08-7871-4212-aaa8-b9dc2807e2dd
164,164-press-anti-rotacao-meio-ajoelhado.mp4,Press anti-rotação meio-ajoelhado,Core,Cabo/Polia,normal,3e1d8c8d-fd9f-4546-8581-1a1936833624
165,165-rdl-polia.mp4,RDL Polia,posterior de coxa,Cabo/Polia,normal,8327a63b-80c4-421a-97d4-7de1a4b667c5
166,166-remada-alta-polia.mp4,Remada Alta Polia,ombro,Cabo/Polia,normal,6c2e58df-666f-420a-81e2-192929555fdc
167,167-remada-polia-alta.mp4,Remada Polia Alta,costas,Cabo/Polia,normal,e2e9c143-7d6e-4b55-9bd0-69b7639fefaa
168,168-remada-polia-alta-unilateral.mp4,Remada Polia Alta Unilateral,costas,Cabo/Polia,normal,f8c61424-6e4d-4fc7-bd1a-3dd381ee43d3
169,169-remada-polia-media-barra.mp4,Remada Polia Média Barra,costas,Cabo/Polia,normal,f7aa9696-c084-47f4-bb2a-4f6878cbd2a4
170,170-remada-polia-media-corda.mp4,Remada Polia Média Corda,costas,Cabo/Polia,normal,0a011510-cb86-42bd-b96b-692c38e3ee4c
171,171-remada-polia-media-unilateral.mp4,Remada Polia Média Unilateral,costas,Cabo/Polia,normal,155881fb-85f7-4130-89a2-73b73143710d
172,172-remada-polia-media-unilateral-com-giro.mp4,Remada Polia Média Unilateral com Giro,costas,Cabo/Polia,normal,da6dab0e-20ef-4b90-aef5-50dd62153f11
173,173-rosca-direta-polia-barra.mp4,Rosca Direta Polia Barra,bíceps,Cabo/Polia,normal,d154f0c1-5df4-4fd4-a487-3cfcaee43988
174,174-rosca-direta-polia-corda.mp4,Rosca Direta Polia Corda,bíceps,Cabo/Polia,normal,22a29009-6f64-406a-966f-253155bd5410
175,175-rosca-em-hiperextensao-de-ombro-polia.mp4,Rosca em Hiperextensão de Ombro Polia,bíceps,Cabo/Polia,normal,aefecdad-cc83-4a92-94b7-6408a556b883
176,176-rosca-inversa-polia-barra.mp4,Rosca Inversa Polia Barra,bíceps,Cabo/Polia,normal,46e562a9-783c-4654-a303-bbecf3b638b9
177,177-rosca-unilateral-cross-polia-alta.mp4,Rosca Unilateral Cross Polia Alta,bíceps,Cabo/Polia,normal,ea97c500-172b-4db2-a438-507f8b4a1b86
178,178-rotacao-tronco-polia-baixa.mp4,Rotação Tronco Polia Baixa,Funcional,Cabo/Polia,normal,fa93026d-104b-4ce7-9ce2-8bd58fd6b57f
179,179-stiff-polia.mp4,Stiff Polia,posterior de coxa,Cabo/Polia,normal,e72c6531-5b99-4757-9a7d-efaa5d4bfdbf
180,180-triset-antebraco-polia.mp4,Triset Antebraço Polia,antebraço,Cabo/Polia,normal,c7da00c3-45fc-4bcf-9f33-9b6032086bf4
181,181-triceps-abducao-horizontal-unilateral-polia.mp4,Tríceps Abdução Horizontal Unilateral Polia,tríceps,Cabo/Polia,normal,2440c002-d2bb-4a9a-bb38-8b45a58016fd
182,182-triceps-frances-polia-barra.mp4,Tríceps Francês polia barra,tríceps,Cabo/Polia,normal,a545e43e-bbd1-414c-8b73-2e9aa3fc4ddb
183,183-triceps-inverso-polia.mp4,Tríceps Inverso Polia,tríceps,Cabo/Polia,normal,fee75457-aeea-4070-8b1c-de33d8f0f0fe
184,184-triceps-polia-corda.mp4,Tríceps Polia Corda,tríceps,Cabo/Polia,normal,3cc40978-bc88-4d1c-88b4-670d761db741
185,185-triceps-testa-polia-barra.mp4,Tríceps Testa Polia Barra,tríceps,Cabo/Polia,normal,c4cd4956-93f0-4170-a2c9-753e459a7a80
186,186-triceps-testa-polia-corda.mp4,Tríceps Testa Polia Corda,tríceps,Cabo/Polia,normal,819d50d1-34ac-418b-a989-f71937578072
187,187-triceps-unilateral-cruzado-polia.mp4,Tríceps Unilateral Cruzado Polia,tríceps,Cabo/Polia,normal,c46d79a5-e3ff-4c1e-a21c-091b66cbde1a
188,188-triceps-unilateral-polia.mp4,Tríceps Unilateral Polia,tríceps,Cabo/Polia,normal,5f69e25e-47af-4774-8ece-61066a4e2e47
189,189-woodchop-alto-baixo-na-polia.mp4,Woodchop alto-baixo na polia,Core,Cabo/Polia,normal,4fa314e0-0e6d-45d0-991d-6e96945505c0
190,190-woodchop-baixo-alto-na-polia.mp4,Woodchop baixo-alto na polia,Core,Cabo/Polia,normal,435d6ec2-ca0c-4d2a-9b52-26099d0d0736
191,191-y-na-polia.mp4,Y na Polia,ombro,Cabo/Polia,normal,e1ee3cf8-d8a4-4023-8ed2-ee967dacea2a
192,192-drop-to-stick-queda-da-caixa-e-estabiliza.mp4,Drop to stick (queda da caixa e estabiliza),Performance,Caixa/Pliometria,ALTA,29fd7e63-ac61-4732-828a-9763f603984f
193,193-fisio-joelho-salto-em-profundidade-energy-storage.mp4,Fisio Joelho: salto em profundidade (energy storage),Fisioterapia,Caixa/Pliometria,ALTA,6d12d3e8-472b-495a-af17-0ae077bed6ce
194,194-hurdle-hops-frontais.mp4,Hurdle hops frontais,Pliometria,Caixa/Pliometria,ALTA,4f60051c-3bfa-41c8-9a1b-a4bacb4c4b70
195,195-hurdle-hops-reativos-rebote-rapido.mp4,Hurdle hops reativos (rebote rápido),Performance,Caixa/Pliometria,ALTA,3698ab9b-bf41-4619-bb02-746098528036
196,196-afundo-pliometrico.mp4,Afundo pliométrico,Musculação,Caixa/Pliometria,normal,a720a814-089c-407e-9cda-b434a10ead49
197,197-aterrissagem-de-caixa-box-drop-landing.mp4,Aterrissagem de caixa (box drop landing),Performance,Caixa/Pliometria,normal,10b412af-1efc-49ad-b38d-f62c5a09c0d9
198,198-aterrissagem-de-caixa-unipodal.mp4,Aterrissagem de caixa unipodal,Performance,Caixa/Pliometria,normal,db93bd35-d429-4009-bbf6-28b5a44e9cfc
199,199-box-jump.mp4,Box jump,Pliometria,Caixa/Pliometria,normal,03a0f23f-cab8-41ad-9c51-5b5f928ec103
200,200-box-jump-com-aterrissagem-suave.mp4,Box jump com aterrissagem suave,Pliometria,Caixa/Pliometria,normal,20c16979-e09d-4122-a3b5-0b6876dfe77a
201,201-burpee-box-jump.mp4,Burpee box jump,Pliometria,Caixa/Pliometria,normal,5b52b781-571c-4aca-99bf-e66c4a8ab4b4
202,202-bulgaro-com-salto.mp4,Búlgaro com salto,Quadríceps,Caixa/Pliometria,normal,53377cb6-f755-4f49-ac76-e55e150835bb
203,203-depth-jump-salto-em-profundidade.mp4,Depth jump (salto em profundidade),Pliometria,Caixa/Pliometria,normal,1237c3d4-1244-480c-9261-034036833851
204,204-depth-jump-com-rebote-imediato.mp4,Depth jump com rebote imediato,Performance,Caixa/Pliometria,normal,4370ac29-8751-4de9-8765-d2c467c57353
205,205-depth-jump-para-caixa.mp4,Depth jump para caixa,Pliometria,Caixa/Pliometria,normal,de6df00a-0d66-453b-8d90-d8098810f986
206,206-drop-jump-reativo-contato-minimo-no-solo.mp4,Drop jump reativo (contato mínimo no solo),Performance,Caixa/Pliometria,normal,72186f5e-8d3a-4f95-886a-88785e501294
207,207-drop-landing-so-aterrissagem.mp4,Drop landing (só aterrissagem),Pliometria,Caixa/Pliometria,normal,9fe176b1-0730-449d-97c4-7ec1f6e780c2
208,208-flexao-pliometrica-no-step.mp4,Flexão pliométrica no step,Pliometria,Caixa/Pliometria,normal,855be8c3-f36b-4bad-abb5-37d04db61f8d
209,209-hops-plio.mp4,Hops ( plio ),Musculação,Caixa/Pliometria,normal,6a359863-cef9-48cd-bdd9-d63f0bf66f18
210,210-hurdle-hops-laterais.mp4,Hurdle hops laterais,Pliometria,Caixa/Pliometria,normal,af214287-5ae5-4074-982d-15cb712c7d25
211,211-hurdle-hops-unipodais.mp4,Hurdle hops unipodais,Pliometria,Caixa/Pliometria,normal,4db43101-8c16-40ec-918c-fefdf8f2c02c
212,212-pliometria-alternada-elevacao.mp4,Pliometria Alternada Elevação,Musculação,Caixa/Pliometria,normal,e7ea8ceb-df29-430b-bc89-715c04e4d7d4
213,213-pliometria-plano-frontal-elevacao.mp4,Pliometria Plano Frontal Elevação,Musculação,Caixa/Pliometria,normal,1f9c9f42-ac95-4fee-9925-086f390c9ec8
214,214-pliometria-unilateral-apoio-banco.mp4,Pliometria Unilateral apoio Banco,Musculação,Caixa/Pliometria,normal,51a51037-7277-48fd-8b61-559ec69b88b6
215,215-potencia-wall-ball-base-afundo.mp4,Potência Wall Ball base Afundo,Musculação,Caixa/Pliometria,normal,e4840783-fbde-4e07-9546-6b6d5de4115b
216,216-salto-c-contramovimento-plio.mp4,Salto c/ contramovimento ( plio ),Musculação,Caixa/Pliometria,normal,2f419825-0522-4400-9753-1c19673f90f9
217,217-salto-em-profundidade-unipodal.mp4,Salto em profundidade unipodal,Performance,Caixa/Pliometria,normal,214ee928-dbb5-454c-b3e8-5ff5b49f2e97
218,218-salto-horizontal-c-contramovimento-plio.mp4,Salto horizontal c/ contramovimento ( plio ),Musculação,Caixa/Pliometria,normal,3f5cdf00-8599-4997-a1b7-56056b335b67
219,219-salto-lateral-em-caixa.mp4,Salto lateral em caixa,Funcional,Caixa/Pliometria,normal,b75e5f9d-f56b-441e-b23f-b849048a7e68
220,220-saltos-horizontais-continuos.mp4,Saltos Horizontais Continuos,Musculação,Caixa/Pliometria,normal,62bea1e0-2f07-45a6-9243-85b528adba73
221,221-saltos-horizontais-unilaterais-estabilizando.mp4,Saltos Horizontais Unilaterais Estabilizando,Musculação,Caixa/Pliometria,normal,52b548b7-f772-46a7-b2c6-a52793d43a22
222,222-saltos-verticais-continuos.mp4,Saltos Verticais Contínuos,Musculação,Caixa/Pliometria,normal,03800c6a-d574-49ae-8cda-06904e196e47
223,223-step-up-com-elevacao-de-joelho.mp4,Step-up com elevação de joelho,Funcional,Caixa/Pliometria,normal,2fadbea7-8bca-4201-81ac-288aafd53b64
224,224-subida-no-caixote-step-up.mp4,Subida no caixote (step-up),Peso Corporal,Caixa/Pliometria,normal,a67f2841-bf56-477d-8743-405c34d8360d
225,225-wall-ball-slide.mp4,Wall Ball Slide,quadríceps,Caixa/Pliometria,normal,2dbd7749-f70d-4021-b32c-79feb8e22e6e
226,226-wall-drill-diagonal-reativo.mp4,Wall Drill Diagonal Reativo,Musculação,Caixa/Pliometria,normal,0e741d22-0879-4e6b-9e31-ed2dc4f5d974
227,227-wall-drill-propulsao-diagonal.mp4,Wall Drill Propulsão Diagonal,Musculação,Caixa/Pliometria,normal,0a379d97-b76e-45f9-99b9-7fe1ad2298d6
228,228-battle-rope-ondas.mp4,Battle rope (ondas),Funcional,Corda Naval,ALTA,b0a48a05-1353-4553-b95d-a5809bf10e45
229,229-sled-pull-puxar-treno.mp4,Sled pull (puxar trenó),Funcional,Corrida/Trenó,normal,c1e79eca-66da-429e-9e55-cade5bf81998
230,230-sled-push-empurrar-treno.mp4,Sled push (empurrar trenó),Funcional,Corrida/Trenó,normal,bed50ce6-9617-4562-9640-4c50eb17ae40
231,231-sled-push-de-aceleracao.mp4,Sled push de aceleração,Performance,Corrida/Trenó,normal,c648a996-b9c6-453b-bc08-32ae3bdb6c2b
232,232-agachamento-no-disco-de-equilibrio.mp4,Agachamento no disco de equilíbrio,Estabilidade,Disco De Equilíbrio,normal,a71f55f3-2748-45fb-88af-da377ce67c17
233,233-bound-reativo-com-banda-no-quadril.mp4,Bound reativo com banda no quadril,Performance,Elástico/Band,ALTA,55ca9bc7-e978-4bfd-a571-f87f50d21d95
234,234-concha-clamshell-com-banda.mp4,Concha (clamshell) com banda,Ativação,Elástico/Band,ALTA,0864ae00-8b2d-4956-b7ae-b58ccd7b1747
235,235-fisio-quadril-abducao-isometrica-de-gluteo-medio.mp4,Fisio Quadril: abdução isométrica de glúteo médio,Fisioterapia,Elástico/Band,ALTA,5c9a2f95-6d80-4535-bcbe-98e7d8f020b6
236,236-largada-resistida-com-banda-band-start.mp4,Largada resistida com banda (band start),Performance,Elástico/Band,ALTA,3170d189-6ef3-4071-b80a-4ddf4f4a24e9
237,237-pogo-reativo-com-mini-band.mp4,Pogo reativo com mini band,Performance,Elástico/Band,ALTA,b9ec1dea-7d91-4982-8a14-7b4434c1a34b
238,238-sapinho-banco-com-minband-frog.mp4,Sapinho Banco com Minband (Frog),glúteo,Elástico/Band,ALTA,1fa8950a-6f9f-4c24-9115-b0cc25d6dddc
239,239-sprint-resistido-com-banda.mp4,Sprint resistido com banda,Performance,Elástico/Band,ALTA,c941a80c-af63-4066-9d35-2850673c0391
240,240-abducao-de-quadril-com-miniband.mp4,Abdução de Quadril com Miniband,glúteo,Elástico/Band,normal,b43da4eb-780e-4488-a5bc-ccb85e32c902
241,241-abducao-de-quadril-em-prancha-lateral-com-miniband.mp4,Abdução de Quadril em Prancha Lateral com miniband,glúteo,Elástico/Band,normal,3b176d08-d9f9-46e2-a817-af77ad5768c1
242,242-abducao-de-quadril-em-pe-com-banda.mp4,Abdução de quadril em pé com banda,Ativação,Elástico/Band,normal,b4cb5f2a-9bb0-4cae-96ec-c851979635ad
243,243-abducao-na-parede-com-mini-band.mp4,Abdução na parede com mini band,Elástico,Elástico/Band,normal,0217ae0c-3e89-4082-addc-054ab599055b
244,244-agachamento-unilateral-com-mini-band.mp4,Agachamento unilateral com mini band,Quadríceps,Elástico/Band,normal,bea20cf4-d2d9-4a2d-97fa-6bee6554e7fb
245,245-apoio-unipodal-mini-band-ativacao-pe.mp4,Apoio Unipodal + mini band ( ativação pé ),Musculação,Elástico/Band,normal,dcfe8eba-b4a7-4f0d-a800-10f0f25d3cd0
246,246-aterrissagem-unipodal-com-banda-perturbacao.mp4,Aterrissagem unipodal com banda (perturbação),Performance,Elástico/Band,normal,310f9f12-1811-4fa5-a13e-0cda9957b22b
247,247-ativacao-de-gluteo-mini-band.mp4,Ativação de Glúteo mini band,Musculação,Elástico/Band,normal,a919653b-c39f-416e-86f7-a6a5fd1fb80a
248,248-ativacao-gluteos-parede-miniband.mp4,Ativação Glúteos Parede Miniband,Quadríceps,Elástico/Band,normal,df560304-9a05-4644-b3d3-7fb304be1c7c
249,249-band-pull-apart.mp4,Band pull-apart,Ativação,Elástico/Band,normal,5d5060a7-43e2-40a8-afd4-d368d041375a
250,250-band-walk-frontal.mp4,Band walk frontal,Funcional,Elástico/Band,normal,3c9d3fa4-d90b-4a2c-9407-ca2c8e3135ef
251,251-bird-dog-com-mini-band.mp4,Bird dog com mini band,Core,Elástico/Band,normal,1aed1cd3-3781-4f5b-b1a6-cacef13b34f9
252,252-caminhada-lateral-com-mini-band.mp4,Caminhada lateral com mini band,Ativação,Elástico/Band,normal,e6a748f5-2993-4f31-9e58-cb68e6ed8381
253,253-coice-de-gluteo-kickback-com-banda.mp4,Coice de glúteo (kickback) com banda,Ativação,Elástico/Band,normal,253359b8-bda8-4506-8aaf-d922c1631cad
254,254-dead-bug-com-mini-band.mp4,Dead bug com mini band,Core,Elástico/Band,normal,cd97f513-28aa-489c-9cd3-af81e703af74
255,255-elevacao-de-quadril-solo-abducao-no-pico-de-contracao-com-mi.mp4,Elevação de Quadril Solo + Abdução no Pico de Contração com Miniband,glúteo,Elástico/Band,normal,d5b2efff-225d-4673-a0fa-b9e363def938
256,256-elevacao-de-quadril-solo-com-miniband.mp4,Elevação de Quadril Solo com Miniband,glúteo,Elástico/Band,normal,585b350c-bba4-433c-9830-e46be2af9175
257,257-extensao-de-quadril-com-miniband.mp4,Extensão de Quadril com Miniband,glúteo,Elástico/Band,normal,3f51e5c8-acca-4225-a233-6d2faa5e1366
258,258-extensao-de-quadril-em-diagonal-miniband.mp4,Extensão de Quadril em Diagonal Miniband,glúteo,Elástico/Band,normal,75cf318a-071a-47fe-8ba9-2ff21c68dcf2
259,259-face-pull-com-banda.mp4,Face pull com banda,Ativação,Elástico/Band,normal,d8f0ab53-6e7d-4c1f-9fb9-7b8407d62b68
260,260-fire-hydrant-com-banda.mp4,Fire hydrant com banda,Ativação,Elástico/Band,normal,a2ea7519-0c86-4e16-bdec-aa6e571a764b
261,261-fisio-joelho-extensao-terminal-de-joelho-tke-com-banda.mp4,Fisio Joelho: extensão terminal de joelho (TKE) com banda,Fisioterapia,Elástico/Band,normal,14a37bd7-2592-44fc-b429-d2f6aa272f6e
262,262-fisio-joelho-spanish-squat-isometrico-banda.mp4,Fisio Joelho: Spanish squat isométrico (banda),Fisioterapia,Elástico/Band,normal,8c85efc1-f782-4a92-87bb-64efce180b40
263,263-fisio-ombro-rotacao-externa-com-banda.mp4,Fisio Ombro: rotação externa com banda,Fisioterapia,Elástico/Band,normal,08e6f9c6-3798-4615-a6b9-6961a1de0d01
264,264-fisio-ombro-rotacao-interna-com-banda.mp4,Fisio Ombro: rotação interna com banda,Fisioterapia,Elástico/Band,normal,1a59f308-6143-4a7b-b1a1-92d08f1b0045
265,265-fisio-punho-extensao-de-dedos-com-elastico.mp4,Fisio Punho: extensão de dedos com elástico,Fisioterapia,Elástico/Band,normal,ee88225b-5f2d-48f2-a241-d56beacdf79f
266,266-fisio-tendao-patelar-isometrico-spanish-squat-45s.mp4,Fisio Tendão patelar: isométrico Spanish squat (45s),Fisioterapia,Elástico/Band,normal,f3ba0904-10e6-4c06-8e5a-32691e8c52c1
267,267-fisio-tornozelo-dorsiflexao-com-banda.mp4,Fisio Tornozelo: dorsiflexão com banda,Fisioterapia,Elástico/Band,normal,2eed525d-8e39-415a-bb28-461767276dd4
268,268-fisio-tornozelo-inversao-eversao-com-banda.mp4,Fisio Tornozelo: inversão/eversão com banda,Fisioterapia,Elástico/Band,normal,38686cfa-22ae-4500-8155-89ff18544a34
269,269-flexao-de-quadril-alternada-mini-band-em-iso-isquiotibiais-g.mp4,Flexão de quadril alternada mini band em ISO isquiotibiais/gluteo,Musculação,Elástico/Band,normal,02405dab-c29d-4179-9f75-1891c5f2207f
270,270-gluteo-rot-ext-mini-band.mp4,Gluteo - rot ext - mini band,Musculação,Elástico/Band,normal,226fb390-f2fb-4477-9e58-22d6f873ad3c
271,271-gluteo-concha-com-miniband.mp4,Glúteo Concha com Miniband,glúteo,Elástico/Band,normal,a795e738-9954-43fb-b944-8e7ca6c8fde1
272,272-mobilidade-de-ombro-com-bastao-elastico.mp4,Mobilidade de Ombro com Bastão/Elástico,mobilidade,Elástico/Band,normal,ef875bb7-80df-4daf-9b00-1cc56e8ebf12
273,273-monster-walk-caminhada-do-monstro.mp4,Monster walk (caminhada do monstro),Ativação,Elástico/Band,normal,93434700-d614-43e8-9263-1b5a4e4fa3dc
274,274-nordico-com-elastico.mp4,Nórdico com Elástico,posterior de coxa,Elástico/Band,normal,caee0c7f-7b3a-481b-84a0-77d930e8a1a5
275,275-pallof-press-com-banda.mp4,Pallof press com banda,Core,Elástico/Band,normal,15970175-ecdc-42be-8d48-eed24c8db1a6
276,276-passada-lateral-com-miniband.mp4,Passada Lateral com Miniband,glúteo,Elástico/Band,normal,05048a2c-12db-4807-8f9c-38b06233c1f5
277,277-ponte-de-gluteo-com-mini-band.mp4,Ponte de glúteo com mini band,Ativação,Elástico/Band,normal,0dc85179-20cc-4046-8bbc-8425fbed95dc
278,278-prancha-lateral-com-rotacao-externa-elastico.mp4,Prancha Lateral com Rotação Externa Elastico,Musculação,Elástico/Band,normal,9424dd73-f3ed-4a0f-a2c3-dc3a0d296898
279,279-prancha-lateral-em-abducao-com-mini-band-crucifixo-unilatera.mp4,Prancha Lateral em Abdução com Mini band + Crucifixo Unilateral,Musculação,Elástico/Band,normal,953eaf1d-1b3f-460e-b1fa-47ed3e90f0f0
280,280-propulsao-diagonal-com-mini-band.mp4,Propulsão Diagonal com mini band,Musculação,Elástico/Band,normal,eef9a08b-8ea3-45d9-ae15-dace11048bf9
281,281-rdl-unilateral-com-miniband.mp4,RDL Unilateral com Miniband,posterior de coxa,Elástico/Band,normal,ad2c7265-abc6-44f1-9fb6-d1dd2db714bf
282,282-remada-sentada-com-mini-band.mp4,Remada sentada com mini band,Dorsal,Elástico/Band,normal,bd600b8a-4a73-4964-8d93-771f74cf7f71
283,283-rotacao-externa-de-ombro-com-banda.mp4,Rotação externa de ombro com banda,Ativação,Elástico/Band,normal,405d110e-8ca3-4fbc-a2ec-57f14f241ac0
284,284-salto-horizontal-com-banda-banded-broad-jump.mp4,Salto horizontal com banda (banded broad jump),Performance,Elástico/Band,normal,bcb4aa93-98e8-4ffb-bcac-6146557a79af
285,285-salto-s-contramovimento-mini-band.mp4,Salto s/ contramovimento + mini band,Musculação,Elástico/Band,normal,a0d2960f-2d38-4c57-9c97-739027560206
286,286-stiff-uni-elastico-ativacao-pe.mp4,Stiff Uni + elástico ( ativação pé ),Musculação,Elástico/Band,normal,11adc894-e6fd-4fcb-8c6c-f6742ff643c3
287,287-terra-deadlift-com-kb-super-band.mp4,Terra / Deadlift com KB + Super Band,Quadríceps,Elástico/Band,normal,da200d73-4bb2-4add-b3d1-cd41e80a6c0b
288,288-wall-drive-com-banda-no-quadril.mp4,Wall drive com banda no quadril,Performance,Elástico/Band,normal,4bbcaec9-1ed8-4365-8573-1894c5e2cec4
289,289-wall-sprint-march-com-banda.mp4,Wall sprint march com banda,Performance,Elástico/Band,normal,af1cab29-e1e0-4e01-81d1-66db789c39ec
290,290-fisio-cotovelo-tyler-twist-com-flexbar.mp4,Fisio Cotovelo: Tyler twist com flexbar,Fisioterapia,Flexbar,normal,00b81946-db35-47cd-bf26-e580a5b0410c
291,291-afundo-com-halteres.mp4,Afundo com halteres,Peso Livre,Halteres,ALTA,6434476e-61da-4f43-add6-58ba14773a9f
292,292-afundo-halteres.mp4,Afundo Halteres,quadríceps,Halteres,ALTA,75be10d2-4087-4b4d-9a88-c04f9bdb1a30
293,293-agachamento-sumo-halter.mp4,Agachamento Sumô Halter,quadríceps,Halteres,ALTA,df795cb5-06d1-49a9-848f-ac7b186ff807
294,294-encolhimento-halter.mp4,Encolhimento Halter,trapézio,Halteres,ALTA,0628f8ba-73d5-49e9-a802-bc1825680ecf
295,295-fisio-cotovelo-extensao-de-punho-excentrica-epicondilite-lat.mp4,Fisio Cotovelo: extensão de punho excêntrica (epicondilite lateral),Fisioterapia,Halteres,ALTA,be8fff41-033b-4f4b-9d0f-414dac68321b
296,296-fisio-cotovelo-flexao-de-punho-excentrica-epicondilite-media.mp4,Fisio Cotovelo: flexão de punho excêntrica (epicondilite medial),Fisioterapia,Halteres,ALTA,8edcbd68-ff67-427a-8145-8908a360cb7d
297,297-fisio-posterior-terra-romeno-unipodal-lento-hsr.mp4,Fisio Posterior: terra romeno unipodal lento (HSR),Fisioterapia,Halteres,ALTA,e7f34a26-20b8-4d7c-bd8b-1d6a0c2ff97a
298,298-levantamento-terra-sumo-com-halter.mp4,Levantamento Terra Sumô com Halter,posterior de coxa,Halteres,ALTA,dc0ad1e1-6d1b-4cec-8e29-1c9ce486097f
299,299-passada-halteres.mp4,Passada Halteres,quadríceps,Halteres,ALTA,4161c89d-9db9-473f-97ca-acf4ac83b968
300,300-pullover-halter.mp4,Pullover Halter,costas,Halteres,ALTA,e5e6eb77-21c8-4d9b-95c0-3f91c4914375
301,301-recuo-halteres.mp4,Recuo Halteres,quadríceps,Halteres,ALTA,53c8b9d0-82ce-4d29-8573-7a337a1da03e
302,302-rosca-scott-unilateral-neutra-halter.mp4,Rosca Scott Unilateral Neutra Halter,bíceps,Halteres,ALTA,1dba3d51-da68-44a7-a720-f7caf0c36cd2
303,303-abs-medball.mp4,Abs medball,Abdômen,Halteres,normal,7f97f464-1f1d-47ba-9521-b2958f6714d1
304,304-afundo-db-snatch.mp4,Afundo + DB Snatch,Musculação,Halteres,normal,a2d29137-32db-4153-93c2-eb6103c00ac9
305,305-afundo-halteres-com-2-steps.mp4,Afundo Halteres com 2 Steps,quadríceps,Halteres,normal,75a0be3c-782a-43bd-b622-51bb4c2def59
306,306-afundo-halteres-com-step-na-frente.mp4,Afundo Halteres com Step na Frente,quadríceps,Halteres,normal,18ca2f96-e70f-4428-b5d6-e20804eb193a
307,307-agachamento-bulgaro.mp4,Agachamento búlgaro,Peso Livre,Halteres,normal,7fa7c63d-5642-4d41-acd3-f3e468e53370
308,308-agachamento-com-desenvolvimento-halteres.mp4,Agachamento com Desenvolvimento Halteres,quadríceps,Halteres,normal,b1683ec5-c903-4406-a33d-0a03606ac7f5
309,309-agachamento-frontal-com-2-halteres.mp4,Agachamento Frontal Com 2 Halteres,quadríceps,Halteres,normal,faa0a8a1-a84f-42f9-b234-8286d1c46912
310,310-avanco-com-halteres-afundo.mp4,Avanço com Halteres (afundo),Quadríceps,Halteres,normal,0b50f141-a549-42f1-b2e2-9ef826798af8
311,311-biset-crucifixo-inclinado-supino-inclinado-halteres.mp4,Biset Crucifixo Inclinado + Supino Inclinado Halteres,peitoral,Halteres,normal,90c13080-6ab3-4b9c-982f-984c50e224bc
312,312-biset-triceps-testa-supino-fechado-halteres.mp4,Biset Tríceps Testa + Supino Fechado Halteres,tríceps,Halteres,normal,64ea4d35-daa5-4d8a-916f-cdd3784d29e2
313,313-core-medball-deitado.mp4,CORE Medball deitado,Abdômen,Halteres,normal,1941c28d-39dc-45f1-b598-4e209e3a1628
314,314-crucifixo-inclinado-halteres.mp4,Crucifixo Inclinado Halteres,peitoral,Halteres,normal,c2df4c00-a3c7-4ed2-9310-a58b1971fa6f
315,315-crucifixo-reto-halteres.mp4,Crucifixo Reto Halteres,peitoral,Halteres,normal,430e38a3-2815-45b1-af80-712184dd17c2
316,316-db-snatch-saida-de-afundo.mp4,DB Snatch (saída de Afundo),Musculação,Halteres,normal,4b47b4ab-0617-4698-acac-14469bd12fb0
317,317-desenvolvimento-halteres-em-pe.mp4,Desenvolvimento Halteres em Pé,ombro,Halteres,normal,e9356e80-6f25-4ac7-bce7-afc652825220
318,318-desenvolvimento-halteres-sentado.mp4,Desenvolvimento Halteres Sentado,ombro,Halteres,normal,f65e178d-2fb9-467d-8ec7-153df01be7bb
319,319-desenvolvimento-neutro-halteres-sentado.mp4,Desenvolvimento Neutro Halteres Sentado,ombro,Halteres,normal,77208e72-8b6f-4fdc-99ca-42a18e2889d6
320,320-devil-press.mp4,Devil press,Funcional,Halteres,normal,8e9e3555-13f8-4239-b2f5-66bf7fea7194
321,321-dumbbell-push-press.mp4,Dumbbell push press,Ombros,Halteres,normal,0f30810b-4750-47ca-a7a7-5b01d906119e
322,322-elevacao-frontal-halteres-neutra.mp4,Elevação Frontal Halteres Neutra,ombro,Halteres,normal,713da3c2-14c9-4d74-8f7e-8a35d7ca21dd
323,323-elevacao-lateral-halteres.mp4,Elevação Lateral Halteres,ombro,Halteres,normal,15968ffd-1b58-4859-b181-a8b9485a853c
324,324-elevacao-lateral-halteres-inclinada-sentado.mp4,Elevação Lateral Halteres Inclinada Sentado,ombro,Halteres,normal,ab9d410a-e940-4d2c-b86a-e6b14a581fd7
325,325-elevacao-lateral-halteres-sentado.mp4,Elevação Lateral Halteres Sentado,ombro,Halteres,normal,bac1aae2-266d-4ebc-82ea-1bce6b01e70c
326,326-elevacao-lateral-neutra-halteres.mp4,Elevação Lateral Neutra Halteres,ombro,Halteres,normal,173e23bb-4e7b-484e-b740-304ed542bc76
327,327-encolhimento-halter-com-inclinacao.mp4,Encolhimento Halter com Inclinação,trapézio,Halteres,normal,462ab5a2-c923-4db3-a678-ca82d70e0585
328,328-extensao-de-punho-halteres.mp4,Extensão de Punho Halteres,antebraço,Halteres,normal,d54ef301-c6bb-4d6e-9fd5-f51514817929
329,329-farmers-carry.mp4,Farmers carry,Funcional,Halteres,normal,40613578-d06a-4dd7-99a6-45cdd17ef021
330,330-fisio-cotovelo-pronacao-supinacao-com-peso.mp4,Fisio Cotovelo: pronação/supinação com peso,Fisioterapia,Halteres,normal,c77eabad-753e-41c9-b4c0-c634fa25948b
331,331-fisio-ombro-scaption-full-can.mp4,Fisio Ombro: scaption (full can),Fisioterapia,Halteres,normal,e13dcf55-ea17-4d7b-a53b-2a862b8b7cf6
332,332-fisio-punho-desvio-radial-ulnar-com-peso.mp4,Fisio Punho: desvio radial/ulnar com peso,Fisioterapia,Halteres,normal,382952cd-532d-4096-b056-38a682891a43
333,333-fisio-punho-flexao-extensao-de-punho-com-peso.mp4,Fisio Punho: flexão/extensão de punho com peso,Fisioterapia,Halteres,normal,7a4908fd-df45-44a4-bf30-c6f4a2958769
334,334-fisio-quadril-hip-thrust-unilateral.mp4,Fisio Quadril: hip thrust unilateral,Fisioterapia,Halteres,normal,c943d2d9-f380-4da7-911d-3ac5bec18725
335,335-flexao-de-punho-halteres.mp4,Flexão de Punho Halteres,antebraço,Halteres,normal,479eecd9-1642-4c4c-b9eb-b0a14f11af3a
336,336-landmine-rotation.mp4,Landmine rotation,Core,Halteres,normal,69a6f10a-55a1-4b76-b694-5c2e4bb78523
337,337-man-maker.mp4,Man maker,Funcional,Halteres,normal,c5349a6c-aa4d-4090-afd8-8a17d7cbc520
338,338-passadas-com-halteres.mp4,Passadas com Halteres,Quadríceps,Halteres,normal,605f232f-a42a-42b1-a36d-7e2a884f3af9
339,339-plank-row-remada-na-prancha.mp4,Plank row (remada na prancha),Core,Halteres,normal,5fe82ae3-0ef1-4006-8792-75303f84f1ec
340,340-prancha-medball.mp4,Prancha + medball,Abdômen,Halteres,normal,71a733f9-b478-45b2-ac4b-3e9f8ae2165c
341,341-prancha-alta-passando-halter.mp4,Prancha Alta Passando Halter,abdômen,Halteres,normal,f7ba7031-85e7-4ed6-a68b-c9497ba6f5b6
342,342-pronacao-e-supinacao-halteres.mp4,Pronação e Supinação Halteres,antebraço,Halteres,normal,278dc519-6103-4b04-beac-31cf6cf12fb5
343,343-push-press.mp4,Push press,Funcional,Halteres,normal,58e1cae6-b85a-46d9-8639-291b23f0fbde
344,344-rdl-halteres.mp4,RDL Halteres,posterior de coxa,Halteres,normal,1e9ca66e-a79c-4885-87f0-049742a63266
345,345-recuo-com-halteres-afundo.mp4,Recuo com Halteres ( afundo ),Quadríceps,Halteres,normal,83a07881-8a15-452c-80ff-6a622ca72723
346,346-recuo-halteres-com-step-na-frente.mp4,Recuo Halteres com Step na Frente,quadríceps,Halteres,normal,76540c36-8b73-4400-931a-7b7afc7d9bdd
347,347-remada-alta-halteres.mp4,Remada Alta Halteres,ombro,Halteres,normal,bc77dd8b-8a5b-49da-987b-2653991d1659
348,348-remada-curvada-halteres-com-rotacao.mp4,Remada Curvada Halteres com Rotação,costas,Halteres,normal,c6a10a3b-3909-48e8-993b-6a8842b5b0c2
349,349-remada-curvada-halteres-neutra.mp4,Remada Curvada Halteres Neutra,costas,Halteres,normal,ec464c13-8653-4ec4-83b6-0f4ac5855c4a
350,350-remada-curvada-halteres-pronada.mp4,Remada Curvada Halteres Pronada,costas,Halteres,normal,9b2b10ed-6a6c-4e43-b17d-d603b7627e2b
351,351-renegade-row.mp4,Renegade row,Core,Halteres,normal,39d4541e-109c-46ed-8a72-4936c8e320ba
352,352-rosca-direta-halteres.mp4,Rosca Direta Halteres,bíceps,Halteres,normal,991faa49-4ce9-4bb9-975b-315f78efa964
353,353-rosca-martelo-alternada-halteres.mp4,Rosca Martelo Alternada Halteres,bíceps,Halteres,normal,498e22d2-7d0e-4698-a446-0c06d662b23f
354,354-rosca-martelo-halteres.mp4,Rosca Martelo Halteres,bíceps,Halteres,normal,f42f4b07-35f7-4deb-872e-3f1987a3dc89
355,355-rosca-scott-unilateral-halter.mp4,Rosca Scott Unilateral Halter,bíceps,Halteres,normal,c3a687e4-a17c-401d-a7b8-85e25c6e982f
356,356-rosca-spider-halteres.mp4,Rosca Spider Halteres,bíceps,Halteres,normal,124d5562-a1fc-47ce-a3eb-c536dc0f6699
357,357-russian-twist-com-peso.mp4,Russian twist com peso,Core,Halteres,normal,7531dfbc-5bd0-4d07-b8a3-b42e6c4a4416
358,358-salto-vertical-continuo-halteres-plio.mp4,Salto Vertical Continuo Halteres ( plio ),Musculação,Halteres,normal,db6b26b0-30b7-4143-8155-2212d2f45280
359,359-sl-2db-box-clean.mp4,SL 2DB Box Clean,Musculação,Halteres,normal,107cb28d-341d-4245-9bff-e687398d7c88
360,360-sl-db-box-clean.mp4,SL DB Box Clean,Musculação,Halteres,normal,f347f55d-f778-480c-afc8-106198022b6d
361,361-sl-db-box-snatch.mp4,SL DB Box Snatch,Musculação,Halteres,normal,344d933b-cd88-415c-ae69-649116c150c4
362,362-snatch-unipodal-unilateral-halter.mp4,Snatch Unipodal / Unilateral Halter,Musculação,Halteres,normal,29a4577b-cf14-4bbd-b480-472fd828e6db
363,363-step-up-halteres.mp4,Step Up Halteres,quadríceps,Halteres,normal,88194a44-bee6-4693-a1a6-73d5e80aaaff
364,364-stiff-abduzido-halteres.mp4,Stiff Abduzido Halteres,posterior de coxa,Halteres,normal,03913dfa-9d5c-44b5-9e92-325a1697cc19
365,365-stiff-b-stance-halteres.mp4,Stiff B-Stance Halteres,posterior de coxa,Halteres,normal,2aba59cb-6e22-4e64-9b76-f931d0b7d069
366,366-stiff-com-halteres.mp4,Stiff com Halteres,Quadríceps,Halteres,normal,a0c39fee-d2eb-468e-8bd1-2efb7f8ab33f
367,367-stiff-halteres.mp4,Stiff Halteres,posterior de coxa,Halteres,normal,dc207ca2-b186-4220-b154-63c08c53ea66
368,368-stiff-unipodal-com-halter.mp4,Stiff Unipodal com Halter,Musculação,Halteres,normal,a18bb611-2583-4def-8467-dc0ed9250e4d
369,369-suitcase-carry-caminhada-unilateral.mp4,Suitcase carry (caminhada unilateral),Core,Halteres,normal,bad24698-d7ec-42db-b88f-232652935b82
370,370-supino-fechado-halteres.mp4,Supino Fechado Halteres,tríceps,Halteres,normal,9160b4e1-9fbd-468c-b8e0-bc5868587078
371,371-supino-inclinado-com-halteres.mp4,Supino inclinado com halteres,Peso Livre,Halteres,normal,d959e3ee-0e5f-467e-a227-ce36b984045a
372,372-supino-inclinado-halteres.mp4,Supino Inclinado Halteres,peitoral,Halteres,normal,5c3558f8-01c1-43a4-bf9b-0d6993c80b80
373,373-supino-reto-halteres.mp4,Supino Reto Halteres,peitoral,Halteres,normal,8801e0c9-15b8-4b27-8847-1affbef93da8
374,374-terra-romeno-unipodal-single-leg-rdl.mp4,Terra romeno unipodal (single-leg RDL),Estabilidade,Halteres,normal,810fcad7-7b7d-47e0-895e-1eb45aa2e852
375,375-thruster.mp4,Thruster,Funcional,Halteres,normal,89248200-9215-4cd8-822d-b1bf1378c82d
376,376-triceps-frances-unilateral-halter.mp4,Tríceps Francês Unilateral Halter,tríceps,Halteres,normal,5112d74f-de07-4f65-86c1-9e2d0668d69f
377,377-triceps-testa-halteres-banco-45.mp4,Tríceps Testa Halteres Banco 45,tríceps,Halteres,normal,0d3eb594-ecb2-43e7-b70d-a8b272db3a42
378,378-triceps-testa-halteres-banco-reto.mp4,Tríceps Testa Halteres Banco Reto,tríceps,Halteres,normal,883f77a1-c25f-4626-aed5-9d18c8955508
379,379-triceps-testa-halteres-solo.mp4,Tríceps Testa Halteres Solo,tríceps,Halteres,normal,df73c501-7916-4e9c-bc78-08c79d9e5c85
380,380-goblet-squat.mp4,Goblet squat,Funcional,Kettlebell,normal,edcc27d7-39ff-40a4-9537-93b5e3f37a40
381,381-kb-swing.mp4,KB Swing,Musculação,Kettlebell,normal,dcc98681-1add-43fc-99ed-ba5967c2b9a5
382,382-kettlebell-clean.mp4,Kettlebell clean,Funcional,Kettlebell,normal,f92c050a-f660-419a-88b2-d3cb91e5dd85
383,383-kettlebell-snatch.mp4,Kettlebell snatch,Funcional,Kettlebell,normal,3c9ef909-6f72-41af-9816-6919e032a286
384,384-kettlebell-swing.mp4,Kettlebell swing,Funcional,Kettlebell,normal,d65552e0-a929-4a03-9be0-0bb86899e428
385,385-thruster-com-kb-unilateral.mp4,Thruster com KB Unilateral,Musculação,Kettlebell,normal,33c3e734-d90b-4870-9958-d5d1c76870b3
386,386-turkish-get-up.mp4,Turkish get-up,Funcional,Kettlebell,normal,0d6195f9-ed85-427a-b60a-04e93dc6899a
387,387-4-exercicios-da-fisio.mp4,4 exercícios da fisio,Mobilidade,Livre/Funcional,ALTA,00569022-ffe4-4592-8552-813653b3a4f6
388,388-abducao-de-quadril-no-banco-com-caneleira.mp4,Abdução de Quadril no Banco com Caneleira,glúteo,Livre/Funcional,ALTA,bcb42b88-23ee-402b-bc5d-482e95e4bec0
389,389-agachamento-bulgaro-com-step.mp4,Agachamento Búlgaro com Step,quadríceps,Livre/Funcional,ALTA,d0c93be9-6ee3-420e-a34e-10ffe077d9f2
390,390-agachamento-bulgaro-inclinado.mp4,Agachamento Búlgaro Inclinado,quadríceps,Livre/Funcional,ALTA,e9d6bfd4-2980-45b9-beac-855bb6be8c0b
391,391-agachamento-livre.mp4,Agachamento Livre,quadríceps,Livre/Funcional,ALTA,3e192862-ed2e-4063-b6f9-13b433844cf8
392,392-agachamento-sumo-landmine.mp4,Agachamento Sumô Landmine,quadríceps,Livre/Funcional,ALTA,64b2b71e-49e4-4792-b63e-fd105879e0ac
393,393-balaco-de-panturrilha-e-tibial.mp4,Balaço de panturrilha e tíbial,Quadríceps,Livre/Funcional,ALTA,ec014d1e-7272-4866-a4b0-8891b1db6189
394,394-biset-cross-over-supino-banco-90.mp4,Biset Cross Over + Supino Banco 90,peitoral,Livre/Funcional,ALTA,86749ad4-f622-4978-9c84-9ed335b13cff
395,395-cadeira-flexora-com-flexao-de-quadril-unilateral.mp4,Cadeira Flexora com Flexão de Quadril Unilateral,posterior de coxa,Livre/Funcional,ALTA,4a8b14bf-d7a8-422d-932a-63a3af07e453
396,396-cardio.mp4,Cardio,cardio,Livre/Funcional,ALTA,8ee2ccea-edb2-47a9-8ea2-4b5c23c3bf40
397,397-corrida.mp4,Corrida,cardio,Livre/Funcional,ALTA,0d8ff75a-5d94-4c9a-897d-fd155c83e0ca
398,398-cross-over-medial.mp4,Cross Over Medial,peitoral,Livre/Funcional,ALTA,b5528218-4bd6-4f43-83a7-6be9663a6de1
399,399-cross-over-medial-banco-90.mp4,Cross Over Medial Banco 90,peitoral,Livre/Funcional,ALTA,8f5a324b-b573-4b6b-87f6-49461b8cdbce
400,400-cross-over-supinado.mp4,Cross Over Supinado,peitoral,Livre/Funcional,ALTA,ea93a5a1-a755-4c12-8b5e-33a4741a7593
401,401-elevacao-de-quadril-solo.mp4,Elevação de Quadril Solo,glúteo,Livre/Funcional,ALTA,947b6da5-7e97-4d27-badf-300ee1d5069a
402,402-elevacao-frontal-pronada-em-pe.mp4,Elevação Frontal Pronada Em Pé,ombro,Livre/Funcional,ALTA,8e92cb95-dc37-49d8-857b-5f0f36eef8ca
403,403-elevacao-pelvica-unilateral-banco.mp4,Elevação Pélvica Unilateral Banco,glúteo,Livre/Funcional,ALTA,2dd3779f-980f-47f4-bf8f-ea0a1a4ccf95
404,404-extensora-completa-parcial-embaixo.mp4,Extensora Completa + Parcial Embaixo,quadríceps,Livre/Funcional,ALTA,fc958ce0-b6b5-4a54-bd3d-74b8828a56e2
405,405-extensao-da-coluna-com-rolinho.mp4,Extensão da coluna com rolinho,Mobilidade,Livre/Funcional,ALTA,4b184b64-9581-43bb-bfb0-c081d373b5c1
406,406-extensao-y-t.mp4,Extensão Y-T,Dorsal,Livre/Funcional,ALTA,5c4f79d8-2927-4963-9539-ea65a0b978a9
407,407-face-pull-corda.mp4,Face Pull Corda,ombro,Livre/Funcional,ALTA,c5888208-17b3-4b1a-9b20-6b1214c89b6d
408,408-flexao-fechada.mp4,Flexão Fechada,tríceps,Livre/Funcional,ALTA,6f5aa853-de66-47ad-8061-d488c6f6adf7
409,409-levantamento-terra.mp4,Levantamento Terra,posterior de coxa,Livre/Funcional,ALTA,2345fdf0-2bb7-49c0-839d-1d1bfd3024f8
410,410-liberacao-do-tibial-com-rolinho.mp4,liberação do tibial com rolinho,Panturrilha,Livre/Funcional,ALTA,5621889e-0fba-4c45-aa67-570bb685fe49
411,411-mesa-flexora-unilateral.mp4,Mesa Flexora Unilateral,posterior de coxa,Livre/Funcional,ALTA,4722c027-4a82-4113-b7da-6e3ed5ae3bda
412,412-pulldown-corda.mp4,Pulldown Corda,costas,Livre/Funcional,ALTA,9a667138-66cf-42d3-a36f-0ffb0cd611e9
413,413-puxada-frontal.mp4,Puxada Frontal,costas,Livre/Funcional,ALTA,e1000001-0000-0000-0000-000000000007
414,414-remada-cavalinho-unilateral-neutra.mp4,Remada Cavalinho Unilateral Neutra,costas,Livre/Funcional,ALTA,199cac35-bfc9-4575-86b9-39b128337fa5
415,415-remada-cavalinho-unilateral-pronada.mp4,Remada Cavalinho Unilateral Pronada,costas,Livre/Funcional,ALTA,ecb7437e-a486-4e23-a816-43f948b5e5c8
416,416-remada-com-peito-no-banco-pronada.mp4,Remada com Peito no Banco Pronada,costas,Livre/Funcional,ALTA,1829097c-7ad7-40e0-840b-0fc087e79d0f
417,417-retracao-escapular-na-parede.mp4,Retração escapular na parede,Dorsal,Livre/Funcional,ALTA,709a6fe5-cab8-482a-b60d-35495ff6e275
418,418-serrote-livre.mp4,Serrote Livre,costas,Livre/Funcional,ALTA,9211404c-1b87-4a13-97a6-b5c65fc4ff22
419,419-supersquat.mp4,Supersquat,quadríceps,Livre/Funcional,ALTA,e06fec69-cded-4629-b5dc-651402331d4c
420,420-supino-reto-solo.mp4,Supino Reto Solo,peitoral,Livre/Funcional,ALTA,f5929365-dc60-4617-a45d-c27500404748
421,421-swan-dive-chao.mp4,Swan dive chão,MAT Pilates,Livre/Funcional,ALTA,ab96e97b-0a29-44e2-9dff-4cf074c7e8d4
422,422-triset-panturrilha-com-rotacao.mp4,Triset Panturrilha com Rotação,panturrilha,Livre/Funcional,ALTA,054f9822-2e74-46ba-b97d-23cf1823baf9
423,423-abducao-de-quadril-com-caneleira.mp4,Abdução de Quadril com Caneleira,glúteo,Livre/Funcional,normal,e789f3da-6de9-4be5-b039-adfb38f8a955
424,424-afundo-retrocesso-overhead-knee-drive.mp4,Afundo (retrocesso) + overhead knee drive,Musculação,Livre/Funcional,normal,447d63e9-dfce-4e60-ba14-2a64ebd4fd00
425,425-afundo-retrocesso-shoulder-press-simultaneo.mp4,Afundo (retrocesso) + Shoulder Press simultâneo,Musculação,Livre/Funcional,normal,b7741370-b490-4d21-965b-7b2e5ed18c6c
426,426-afundo-joelho-elevado.mp4,Afundo + joelho elevado,Musculação,Livre/Funcional,normal,7aebe25d-69d6-49b1-93f0-1f287fcfc15e
427,427-afundo-panturrilha-inclinada.mp4,Afundo + panturrilha inclinada,Quadríceps,Livre/Funcional,normal,b875b1fa-e185-49f9-8ed8-4e998ba72b11
428,428-afundo-step-up-com-elevacao-de-joelho.mp4,Afundo Step Up com elevação de joelho,Quadríceps,Livre/Funcional,normal,ceb4d99c-d903-4579-82a0-d61bced5d74f
429,429-afundo-unipodal-anilha-contrapeso.mp4,Afundo Unipodal - anilha contrapeso,Musculação,Livre/Funcional,normal,5e0d9df3-8d79-469c-8b16-e5e1d2e8f868
430,430-agachamento-bulgaro.mp4,Agachamento Búlgaro,quadríceps,Livre/Funcional,normal,c452607e-7dff-463d-adb2-a712059a8d26
431,431-agachamento-bulgaro-com-apoio.mp4,Agachamento Búlgaro com Apoio,quadríceps,Livre/Funcional,normal,d91a1c63-de51-4a7f-a42c-23f5911c18f9
432,432-agachamento-calice.mp4,Agachamento Cálice,quadríceps,Livre/Funcional,normal,7a8976b1-789e-4ea7-b499-8b81ece87d25
433,433-agachamento-calice-banco.mp4,Agachamento Cálice Banco,quadríceps,Livre/Funcional,normal,6950cec4-2d21-40e1-992c-0e0a11ba5d38
434,434-agachamento-front-squat.mp4,Agachamento Front Squat,quadríceps,Livre/Funcional,normal,6bc152db-68b2-4629-99bf-719ab3f060bd
435,435-agachamento-hack.mp4,Agachamento Hack,quadríceps,Livre/Funcional,normal,ba5cc0fa-5df4-41c9-8bf1-fce04648ec6f
436,436-agachamento-hack-angular.mp4,Agachamento Hack Angular,quadríceps,Livre/Funcional,normal,b62d4d38-20bb-4873-a61f-95f5b3dc0b92
437,437-agachamento-livre-backsquat.mp4,Agachamento Livre ( backsquat ),Quadríceps,Livre/Funcional,normal,4bf7d5d1-9cd1-473a-9c48-5969aa7edec9
438,438-agachamento-livre-com-banco.mp4,Agachamento Livre com Banco,quadríceps,Livre/Funcional,normal,f6f1683c-2e7c-4e75-b268-89803b22e6ac
439,439-agachamento-sumo-belt-squat.mp4,Agachamento Sumô Belt Squat,quadríceps,Livre/Funcional,normal,9476d942-f358-4ea6-87ff-ae031adf98e1
440,440-ativacao-escapular-4-apoios.mp4,Ativação Escapular 4 Apoios,Musculação,Livre/Funcional,normal,5664e6f2-52fe-46d9-be5a-a8806703ad84
441,441-ativacao-escapular-unilateral-4-apoios.mp4,Ativação Escapular Unilateral 4 Apoios,Musculação,Livre/Funcional,normal,b0584d56-0a2d-44be-96af-1372c88b4a9a
442,442-avanco-com-rotacao-de-tronco.mp4,Avanço com rotação de tronco,Funcional,Livre/Funcional,normal,dc4a5ffe-82a1-4ec2-a456-5bdceaa86d62
443,443-biceps-martelo-desenvolvimento.mp4,Biceps Martelo + Desenvolvimento,Musculação,Livre/Funcional,normal,eecbb779-188a-4a82-8b80-ed9af4c1a6eb
444,444-biset-cadeira-abdutora-45-90.mp4,Biset Cadeira Abdutora 45 + 90,glúteo,Livre/Funcional,normal,1a753479-4b74-43b2-8e75-1a9ace6d4b35
445,445-biset-cadeira-abdutora-90-inclinada.mp4,Biset Cadeira Abdutora 90 + Inclinada,glúteo,Livre/Funcional,normal,4b0b3925-7ba0-476a-b7a2-e2d06fef90bd
446,446-biset-cross-over-supino-inclinado-banco-45.mp4,Biset Cross Over + Supino Inclinado Banco 45,peitoral,Livre/Funcional,normal,826d88a4-7f2f-45bd-927f-5e5cc5910626
447,447-biset-cross-over-supino-inclinado-neutro-banco-45.mp4,Biset Cross Over + Supino Inclinado Neutro Banco 45,peitoral,Livre/Funcional,normal,63374ce3-a255-4e87-9c76-2e23cd15a4ec
448,448-biset-elevacao-lateral-sentado-90-inclinada.mp4,Biset Elevação Lateral Sentado 90 + Inclinada,ombro,Livre/Funcional,normal,759f84c5-4c58-4f67-a789-ec64fcc960e7
449,449-biset-extensora-nordico-reverso.mp4,Biset Extensora + Nórdico Reverso,quadríceps,Livre/Funcional,normal,1c97bc1e-2dfe-4f83-b329-49ca21a8350a
450,450-biset-remada-baixa-pronada-supinada.mp4,Biset Remada Baixa Pronada + Supinada,costas,Livre/Funcional,normal,2ea75295-c1ce-495f-9d59-e2f5e94d72b2
451,451-bom-dia.mp4,Bom dia,posterior de coxa,Livre/Funcional,normal,c916c624-2e7c-40b2-8195-4e5f8a4f2c3c
452,452-bounds-plio.mp4,Bounds ( plio ),Musculação,Livre/Funcional,normal,1528aefa-4644-48c9-a527-a5cab3f067f7
453,453-box-jump-sem-contramovimento.mp4,Box jump sem contramovimento,Quadríceps,Livre/Funcional,normal,81bf8e7c-dbab-4002-8492-56f99adabf0f
454,454-box-jump-uni.mp4,Box Jump Uni,Quadríceps,Livre/Funcional,normal,ebfc7276-35e4-4b9f-b030-05a170d6fcef
455,455-bracing-solo.mp4,Bracing Solo,abdômen,Livre/Funcional,normal,a2e06823-6b12-4b56-af94-f3f14755a54a
456,456-bulgaro-variacao-1.mp4,Búlgaro Variação 1,Quadríceps,Livre/Funcional,normal,d5685718-8c7f-4230-83e2-6585e687924a
457,457-cadeira-abdutora-45.mp4,Cadeira Abdutora 45,glúteo,Livre/Funcional,normal,4da66eac-c9b9-4f03-bc6f-a69da1eba99f
458,458-cadeira-abdutora-90.mp4,Cadeira Abdutora 90,glúteo,Livre/Funcional,normal,8d9c8d95-ca83-4b41-aece-ded54f6711c7
459,459-cadeira-abdutora-com-extensao-de-quadril.mp4,Cadeira Abdutora com Extensão de Quadril,glúteo,Livre/Funcional,normal,44492ac7-de5a-4cba-ad7f-a7d8630de5cc
460,460-cadeira-abdutora-inclinada.mp4,Cadeira Abdutora Inclinada,glúteo,Livre/Funcional,normal,8d920409-e19e-4364-bd64-985ccfb46c0e
461,461-cadeira-adutora.mp4,Cadeira Adutora,adutores,Livre/Funcional,normal,8861655a-9cda-46e1-9397-b50783953b9b
462,462-cadeira-extensora.mp4,Cadeira Extensora,quadríceps,Livre/Funcional,normal,619df5e8-b0fc-4229-ad64-b185e41903ee
463,463-cadeira-extensora-unilateral.mp4,Cadeira Extensora Unilateral,quadríceps,Livre/Funcional,normal,81a10f69-c409-40f5-b41c-e50436b7ca50
464,464-cadeira-flexora.mp4,Cadeira Flexora,posterior de coxa,Livre/Funcional,normal,961f2121-1053-4f1f-9376-86f21cb9e68b
465,465-cadeira-flexora-com-flexao-de-quadril.mp4,Cadeira Flexora com Flexão de Quadril,posterior de coxa,Livre/Funcional,normal,ae13d351-7019-4b7d-b0e6-cea4b8fea50d
466,466-cadeira-flexora-unilateral.mp4,Cadeira Flexora Unilateral,posterior de coxa,Livre/Funcional,normal,6c0996c0-b774-47c0-99e4-f6c3bff1a9c8
467,467-complex-controle-motor-stiff-uni-overhead-knee-drive-afundo.mp4,Complex controle motor (Stiff uni + overhead knee drive + afundo),Musculação,Livre/Funcional,normal,38a69b08-2a5f-41a2-a635-46009fb9f8f9
468,468-cross-over-inclinado-banco-45.mp4,Cross Over Inclinado Banco 45,peitoral,Livre/Funcional,normal,aa78feb2-704f-451a-9c40-f5ef29d2568d
469,469-crucifixo-invertido-com-peito-no-banco.mp4,Crucifixo Invertido com Peito no Banco,ombro,Livre/Funcional,normal,8fece0e9-3907-4f54-86b4-54a088cb0540
470,470-crucifixo-invertido-curvado.mp4,Crucifixo Invertido Curvado,ombro,Livre/Funcional,normal,cad889ac-c8da-4654-b27a-41555e10f212
471,471-crucifixo-invertido-sentado.mp4,Crucifixo Invertido Sentado,ombro,Livre/Funcional,normal,6e9fdaca-5bfb-420c-b5bf-5beddcce6c05
472,472-crucifixo-na-maquina.mp4,Crucifixo na Máquina,peito,Livre/Funcional,normal,e1000001-0000-0000-0000-000000000003
473,473-deadlift-uni-controle-motor.mp4,Deadlift Uni (controle motor),Quadríceps,Livre/Funcional,normal,2aa06234-f381-443e-98e1-79f597388da2
474,474-desenvolvimento-arnold-em-pe.mp4,Desenvolvimento Arnold em Pé,ombro,Livre/Funcional,normal,606fe07b-7696-428d-91b3-012863ca5554
475,475-desenvolvimento-arnold-sentado.mp4,Desenvolvimento Arnold Sentado,ombro,Livre/Funcional,normal,4834bdde-5c05-47d1-94b3-9cdecd81fd62
476,476-desenvolvimento-com-halteres.mp4,Desenvolvimento com Halteres,ombros,Livre/Funcional,normal,e1000001-0000-0000-0000-000000000015
477,477-desenvolvimento-militar.mp4,Desenvolvimento Militar,ombro,Livre/Funcional,normal,bf14a53d-23ee-4db4-a46e-07e149e66454
478,478-desenvolvimento-neutro-em-pe.mp4,Desenvolvimento Neutro em Pé,ombro,Livre/Funcional,normal,48ece7af-de72-45c1-bdf4-27a7ff2f3209
479,479-desenvolvimento-unilateral-landmine.mp4,Desenvolvimento Unilateral Landmine,ombro,Livre/Funcional,normal,e54dd5b2-99cf-4648-9885-6cd19d03f9d9
480,480-drop-baixo-box-jump.mp4,Drop (baixo) + Box Jump,Quadríceps,Livre/Funcional,normal,edf0f0e9-0ba8-4a65-b90d-a368e6e8296b
481,481-drop-bilateral-frenagem.mp4,Drop Bilateral ( Frenagem ),Musculação,Livre/Funcional,normal,4262a5bb-6fe3-4b61-99d0-1f04c2a71b86
482,482-drop-jump-bilateral-plio.mp4,Drop Jump Bilateral ( plio ),Musculação,Livre/Funcional,normal,fdbbc862-e887-404f-ab17-ffd7301cf713
483,483-drop-jump-bilateral-estab-uni.mp4,Drop jump bilateral + estab. uni,Musculação,Livre/Funcional,normal,a23acdcd-c4b6-4678-a2c5-6f41dd3640ee
484,484-drop-jump-horizontal-bilateral.mp4,Drop Jump Horizontal Bilateral,Musculação,Livre/Funcional,normal,e03a9284-f027-413c-a79f-32a2534581fc
485,485-drop-jump-squat.mp4,Drop Jump Squat,Quadríceps,Livre/Funcional,normal,4c7c6ea2-a4b4-452f-9969-58c60221f0a1
486,486-drop-unilateral.mp4,Drop Unilateral,Musculação,Livre/Funcional,normal,4732f2be-a67a-4931-a8a7-510109a10851
487,487-educativo-estabilidade-rigidez-de-tornozelo.mp4,Educativo Estabilidade ( rigidez de tornozelo ),Musculação,Livre/Funcional,normal,8c666a93-0716-493d-a299-2b2afc9f0f51
488,488-elevacao-de-quadril-solo-unilateral.mp4,Elevação de Quadril Solo Unilateral,glúteo,Livre/Funcional,normal,72921c56-910a-4345-8b8d-26baf726516b
489,489-elevacao-de-quadril-unilateral-solo.mp4,Elevação de Quadril Unilateral solo,Quadríceps,Livre/Funcional,normal,e1a9fb5d-eb21-4a17-9694-75bcf9fc8a12
490,490-elevacao-frontal-neutra-alternada-em-pe.mp4,Elevação Frontal Neutra Alternada Em Pé,ombro,Livre/Funcional,normal,124415c1-13d6-4df1-a464-96a66467db66
491,491-elevacao-frontal-neutra-alternada-sentado.mp4,Elevação Frontal Neutra Alternada Sentado,ombro,Livre/Funcional,normal,f42f0dfc-d75e-475f-bacb-ec5f05b321d5
492,492-elevacao-frontal-neutra-para-pronada-alternada-em-pe.mp4,Elevação Frontal Neutra para Pronada Alternada em pé,ombro,Livre/Funcional,normal,cfb03da0-4462-422e-ad32-3f4abdbc29e8
493,493-elevacao-frontal-neutra-para-pronada-alternada-sentado.mp4,Elevação Frontal Neutra para Pronada Alternada Sentado,ombro,Livre/Funcional,normal,f1dc1f36-8d03-4ff6-ac34-623682e09b69
494,494-elevacao-frontal-neutra-para-pronada-em-pe.mp4,Elevação Frontal Neutra para pronada em pé,ombro,Livre/Funcional,normal,67c8c3af-c2ef-4908-b7e5-e1815d1acf2b
495,495-elevacao-frontal-neutra-para-pronada-sentado.mp4,Elevação Frontal Neutra para pronada sentado,ombro,Livre/Funcional,normal,e19e6c38-e490-464b-9e87-c6b3b37bc02c
496,496-elevacao-frontal-neutra-sentado.mp4,Elevação Frontal Neutra Sentado,ombro,Livre/Funcional,normal,3b990b66-f39e-4954-8d21-0b644fd67bb9
497,497-elevacao-lateral-banco-45.mp4,Elevação Lateral Banco 45,ombro,Livre/Funcional,normal,944b34f5-829c-4a5f-813b-3a4c90ed5e5b
498,498-elevacao-lateral-peito-no-banco.mp4,Elevação Lateral Peito no Banco,ombro,Livre/Funcional,normal,6cf9d1c8-14d4-4785-8e37-96193e44557d
499,499-elevacao-lateral-unilateral-inclinada.mp4,Elevação Lateral Unilateral Inclinada,ombro,Livre/Funcional,normal,275a185a-b011-4813-833f-a5a0854ab052
500,500-elevacao-pelvica-unil.mp4,Elevação pélvica Unil,Quadríceps,Livre/Funcional,normal,419b47e7-af8c-4b57-89c9-29def5e8688d
501,501-elevacao-pelvica-unilateral-landmine.mp4,Elevação Pélvica Unilateral Landmine,glúteo,Livre/Funcional,normal,58fcfb7a-5b8a-4295-92ef-9b370c4d1b1e
502,502-extensora-parcial-completa-crescente.mp4,Extensora Parcial + Completa Crescente,quadríceps,Livre/Funcional,normal,fdab544b-3538-4dda-8a80-c438556da597
503,503-flexora-na-bola.mp4,Flexora na Bola,posterior de coxa,Livre/Funcional,normal,1a213f58-784c-4218-83fc-6e11a5666275
504,504-flexora-unilateral-com-caneleira.mp4,Flexora Unilateral com Caneleira,posterior de coxa,Livre/Funcional,normal,5348bcf1-9421-493c-a7d9-74b5d89b828e
505,505-flexora-unilateral-em-pe.mp4,Flexora Unilateral em Pé,posterior de coxa,Livre/Funcional,normal,53548f57-bd76-48e6-8562-6b6333fab861
506,506-flexora-unilateral-na-bola.mp4,Flexora Unilateral na Bola,posterior de coxa,Livre/Funcional,normal,927f5612-8822-4dd9-a980-59300c897fab
507,507-flexao-aberta.mp4,Flexão Aberta,peitoral,Livre/Funcional,normal,277c2674-93e2-4aac-aa67-1c8ee82d0c55
508,508-flexao-aberta-com-apoio-do-joelho.mp4,Flexão Aberta com Apoio do Joelho,peitoral,Livre/Funcional,normal,be707dcf-d4cc-4788-8d23-551f5730e971
509,509-flexao-com-deslocamento.mp4,Flexão com deslocamento,Peitoral,Livre/Funcional,normal,3b9332bf-bad7-4d78-9ca2-21d3f9c713f4
510,510-flexao-de-joelhos-na-bola-unilateral.mp4,Flexão de Joelhos na bola unilateral,Quadríceps,Livre/Funcional,normal,dc00dfb9-6167-4c22-8f28-df15094d22a5
511,511-flexoes-excentricas-apoio.mp4,Flexões excêntricas (apoio),Musculação,Livre/Funcional,normal,96181757-fb88-4bf0-b8fc-8e90cf643d07
512,512-flexoes-no-banco.mp4,Flexões no Banco,Peitoral,Livre/Funcional,normal,62ff7da4-908b-4e96-a3dc-8555dc903615
513,513-front-squat.mp4,Front Squat,Quadríceps,Livre/Funcional,normal,86bee686-3946-4f37-8730-22c88c777650
514,514-graviton-neutro.mp4,Graviton Neutro,costas,Livre/Funcional,normal,3bcfa19a-aad9-4cad-aae5-a11711f8d431
515,515-graviton-pronado.mp4,Graviton Pronado,costas,Livre/Funcional,normal,6cf6f6ed-9022-459c-b5ae-cbe499ba4b33
516,516-graviton-supinado.mp4,Graviton Supinado,costas,Livre/Funcional,normal,d82e1fdf-00da-4f9d-b6dd-23ce5033e5c5
517,517-hiit.mp4,HIIT,cardio,Livre/Funcional,normal,cc2a7748-03a7-4ab4-b8e8-e71092917112
518,518-lateral-shuffle.mp4,Lateral shuffle,Funcional,Livre/Funcional,normal,a4f35317-675d-46f0-a063-5a2d69761109
519,519-leg-press-45.mp4,Leg Press 45°,pernas,Livre/Funcional,normal,e1000001-0000-0000-0000-000000000011
520,520-levantamento-terra-sumo.mp4,Levantamento Terra Sumô,posterior de coxa,Livre/Funcional,normal,45912e02-399e-4442-8b13-365e834fab4b
521,521-levantamento-terra-sumo-belt-squat.mp4,Levantamento Terra Sumô Belt Squat,posterior de coxa,Livre/Funcional,normal,cb160be6-90a5-4365-b77c-0ae473917009
522,522-levantamento-terra-sumo-landmine.mp4,Levantamento Terra Sumô Landmine,posterior de coxa,Livre/Funcional,normal,fa532cec-fd1b-440e-b42e-6d2c0f6ae3fb
523,523-liberacao-da-panturrilha-com-rolinho.mp4,Liberação da panturrilha com rolinho,Panturrilha,Livre/Funcional,normal,7de14018-9e35-45e7-a3d1-27557b1042f7
524,524-liberacao-miofascial-gluteo-medio.mp4,Liberação Miofascial Glúteo Médio,mobilidade,Livre/Funcional,normal,a56b2913-4848-450e-8751-2efb662ec59d
525,525-liberacao-miofascial-tensor-da-fascia-lata.mp4,Liberação Miofascial Tensor da Fascia Lata,mobilidade,Livre/Funcional,normal,9a427102-e8ee-4663-b53b-1d37ab201af9
526,526-liberacao-quadriceps-com-rolinho.mp4,liberação quadriceps com rolinho,Quadríceps,Livre/Funcional,normal,2d19a06f-d6ba-4dff-9008-eec8d337868d
527,527-lift-com-anilha-em-base-afundo-isometrico.mp4,Lift com anilha em Base Afundo Isométrico,Musculação,Livre/Funcional,normal,9c9491ac-77e1-4d82-801c-df380fb098e3
528,528-manguito-externo.mp4,Manguito Externo,ombro,Livre/Funcional,normal,0bc88428-34f7-48c8-ac8e-ed3d235b109a
529,529-manguito-externo-em-diagonal.mp4,Manguito Externo em Diagonal,ombro,Livre/Funcional,normal,fb2ba2b0-82b0-4c48-a8c6-f736ccadcec1
530,530-manobra-de-bracing.mp4,Manobra de Bracing,abdômen,Livre/Funcional,normal,2e7d04fe-0720-42d8-ba20-012045538d35
531,531-mesa-flexora.mp4,Mesa Flexora,posterior de coxa,Livre/Funcional,normal,9a07c179-37e8-4d8f-9ae9-0f399b1624b2
532,532-nordico.mp4,Nórdico,posterior de coxa,Livre/Funcional,normal,49fbaae9-ff6f-468a-ad2b-c6c7ee357bfe
533,533-nordico-reverso.mp4,Nórdico Reverso,quadríceps,Livre/Funcional,normal,672c0d1e-59af-46c1-b3ec-d3135a745b1b
534,534-pallor-press-anti-extensao-flexao.mp4,Pallor press - Anti extensão/flexão,Funcional,Livre/Funcional,normal,0f840a33-cbf4-49f7-abc0-f999cc801301
535,535-pancha-frontal-variacao-1.mp4,Pancha frontal variação 1,Abdômen,Livre/Funcional,normal,becb17e7-37e7-42a9-860d-98a6af115d90
536,536-panturrilha-com-controle-de-inversao.mp4,Panturrilha com controle de Inversão,Musculação,Livre/Funcional,normal,c5e71701-baac-4c7a-926c-a5215c36938a
537,537-panturrilha-leg-45.mp4,Panturrilha Leg 45,panturrilha,Livre/Funcional,normal,9858eb03-5e8e-463c-82ea-98d1635c4e2d
538,538-panturrilha-leg-horizontal.mp4,Panturrilha Leg Horizontal,panturrilha,Livre/Funcional,normal,9f7ecac4-8233-4a7e-95a7-c60dbace22d3
539,539-panturrilha-no-smith.mp4,Panturrilha no Smith,pernas,Livre/Funcional,normal,e1000001-0000-0000-0000-000000000014
540,540-panturrilha-unilateral-step-degrau.mp4,Panturrilha Unilateral Step/Degrau,panturrilha,Livre/Funcional,normal,41013fda-c824-4342-9f52-7f8d2dd0a54b
541,541-paralela-inclinada-para-peitoral.mp4,Paralela Inclinada para Peitoral,peitoral,Livre/Funcional,normal,0a136fd6-d641-4e21-be1c-dfd2f614b8cc
542,542-paralela-para-triceps.mp4,Paralela para Tríceps,tríceps,Livre/Funcional,normal,e10df991-f551-4b67-9600-f128151fb078
543,543-perdigueiro-4-apoios-suspenso.mp4,Perdigueiro 4 apoios (suspenso),abdômen,Livre/Funcional,normal,f5340b40-627b-45d2-9eae-c9cd3c098d86
544,544-perdigueiro-alternado.mp4,Perdigueiro Alternado,abdômen,Livre/Funcional,normal,f6691114-2900-44af-909e-e966957f1372
545,545-perdigueiro-invertido-alternado.mp4,Perdigueiro Invertido Alternado,abdômen,Livre/Funcional,normal,fd346ad6-7a30-4e31-b167-9c9ab3f478c0
546,546-plio-bound-burpee.mp4,Plio Bound Burpee,Musculação,Livre/Funcional,normal,8f6eb5f3-64aa-4409-ae99-a6b96e3064b7
547,547-pre-plio-bilateral-posicao-atletica.mp4,Pré Plio Bilateral - Posição Atlética,Musculação,Livre/Funcional,normal,3f04c318-83f2-4e78-aee1-99ddd18849ef
548,548-pre-plio-unilateral.mp4,Pré Plio Unilateral,Musculação,Livre/Funcional,normal,714ca533-7eee-4121-bc44-d76ecd2b9863
549,549-pull-over-unilateral-banco.mp4,Pull Over Unilateral Banco,Musculação,Livre/Funcional,normal,184049e0-c296-41b2-9742-96d416c0ca8a
550,550-pulldown.mp4,Pulldown,Dorsal,Livre/Funcional,normal,c85e058a-1e62-48e8-8e27-7bc988b82800
551,551-pulldown-aberto.mp4,Pulldown Aberto,costas,Livre/Funcional,normal,9838c0b0-1c55-4b7a-a4fe-241a1ad92422
552,552-pulldown-unilateral.mp4,Pulldown Unilateral,costas,Livre/Funcional,normal,2b544004-7438-4adf-8d5f-de505cb8d404
553,553-puxada-neutra-unilateral.mp4,Puxada Neutra Unilateral,costas,Livre/Funcional,normal,d22c572a-4ce1-4e5d-b0a7-471be47aa232
554,554-puxada-neutra-unilateral-com-giro.mp4,Puxada Neutra Unilateral com Giro,costas,Livre/Funcional,normal,35f2868b-140e-489b-aaa1-44659a4b4a04
555,555-puxada-romana.mp4,Puxada Romana,costas,Livre/Funcional,normal,b48f3fd6-4b2e-46c5-ac67-cd3acb578d04
556,556-puxada-supinada.mp4,Puxada Supinada,costas,Livre/Funcional,normal,c3ffdec6-f7bc-4ddb-9161-22600b178653
557,557-rack-pulls.mp4,Rack Pulls,posterior de coxa,Livre/Funcional,normal,ffbf282d-91d7-44fb-b4fe-7775256eca1f
558,558-rdl-belt-squat.mp4,RDL Belt Squat,posterior de coxa,Livre/Funcional,normal,edaabff8-cd69-4e3c-8658-6a300fd46872
559,559-rdl-unilateral.mp4,RDL Unilateral,posterior de coxa,Livre/Funcional,normal,5f51a4d4-44ee-45e1-89ac-ef44712b0c1e
560,560-remada-baixa-neutra.mp4,Remada Baixa Neutra,costas,Livre/Funcional,normal,0db0d50d-5d72-4ade-97f2-3ec1c64218d8
561,561-remada-baixa-neutra-unilateral.mp4,Remada Baixa Neutra Unilateral,costas,Livre/Funcional,normal,f138a64b-e0d8-4945-8dd3-b64dda059da3
562,562-remada-baixa-pronada.mp4,Remada Baixa Pronada,costas,Livre/Funcional,normal,ac085604-d230-44fa-bb9c-393696a3d3e3
563,563-remada-baixa-romana.mp4,Remada Baixa Romana,costas,Livre/Funcional,normal,663ca485-1e3a-4501-9e3a-dc2a1da4fa98
564,564-remada-baixa-supinada.mp4,Remada Baixa Supinada,costas,Livre/Funcional,normal,ba97e3d0-b019-403b-b66c-f314159af214
565,565-remada-baixa-unilateral-com-rotacao.mp4,Remada Baixa Unilateral com Rotação,costas,Livre/Funcional,normal,0c6d0470-cc1d-4388-aec3-c86ebf4ab0b9
566,566-remada-cavalinho-neutra.mp4,Remada Cavalinho Neutra,costas,Livre/Funcional,normal,1022b48e-678a-4bb8-88b0-765bf9a189de
567,567-remada-cavalinho-pronada.mp4,Remada Cavalinho Pronada,costas,Livre/Funcional,normal,085d0cbf-6038-42ef-92b4-f906843c667b
568,568-remada-com-peito-no-banco-neutra.mp4,Remada com Peito no Banco Neutra,costas,Livre/Funcional,normal,7c94db20-f60f-4222-b592-afcbd22468c1
569,569-remada-suspenas.mp4,Remada Suspenas,Funcional,Livre/Funcional,normal,f0406f4a-06ba-4233-8651-51ad93d5bc88
570,570-remada-t-neutra.mp4,Remada T Neutra,costas,Livre/Funcional,normal,1d5b69b5-9253-4a9f-b7cb-01703845ed08
571,571-remada-t-pronada.mp4,Remada T Pronada,costas,Livre/Funcional,normal,54c4496f-bc84-41eb-a6f5-0e308642791d
572,572-resposta-a-carga-com-controle-de-eversao.mp4,Resposta a carga com controle de eversão,Musculação,Livre/Funcional,normal,5dd42590-3103-4a4d-8716-bcbba23bd66c
573,573-resposta-a-carga-iso-molinete.mp4,Resposta a carga ISO molinete,Musculação,Livre/Funcional,normal,39bfac54-b3c7-4b54-84f3-9aa88abffdf9
574,574-rigidez-de-tornozelo-elevacao-estabilidade.mp4,Rigidez de Tornozelo elevação ( estabilidade),Musculação,Livre/Funcional,normal,a49a288e-8fec-4318-a1ec-c86d25d99621
575,575-rosca-alternada.mp4,Rosca Alternada,bíceps,Livre/Funcional,normal,e1000001-0000-0000-0000-000000000009
576,576-rosca-alternada-com-giro.mp4,Rosca Alternada com Giro,bíceps,Livre/Funcional,normal,380a94d4-ddc7-48ff-8b7d-9eab07f270ed
577,577-rosca-arnold.mp4,Rosca Arnold,bíceps,Livre/Funcional,normal,92da4db7-ec84-4aca-a2e5-432b4b204b3f
578,578-rosca-banco-45.mp4,Rosca Banco 45,bíceps,Livre/Funcional,normal,867a6df5-d665-43ac-b297-d46c2b667741
579,579-rosca-banco-45-com-giro.mp4,Rosca Banco 45 com Giro,bíceps,Livre/Funcional,normal,af88fede-e776-4fd2-b929-6357cfd98e0b
580,580-rosca-banco-45-neutra.mp4,Rosca Banco 45 Neutra,bíceps,Livre/Funcional,normal,2d0b1d00-37fc-4deb-9687-3250edeeb87c
581,581-rosca-concentrada.mp4,Rosca Concentrada,bíceps,Livre/Funcional,normal,56c7b21c-1697-4f6b-9d73-02dd9f0d0f26
582,582-rosca-direta.mp4,Rosca Direta,bíceps,Livre/Funcional,normal,e1000001-0000-0000-0000-000000000008
583,583-serrote-banco.mp4,Serrote Banco,costas,Livre/Funcional,normal,f97ce807-f666-4763-bc5f-70f491c215ec
584,584-serrote-em-pe.mp4,Serrote em pé,Dorsal,Livre/Funcional,normal,771c15b3-d144-4e5a-ac67-f93a0116fe5c
585,585-short-foot.mp4,Short foot,Mobilidade,Livre/Funcional,normal,7e8bf2c1-c96a-4ba5-8e2f-122e27ef1f55
586,586-shoulder-press-uni-em-base-afundo.mp4,Shoulder press uni em base afundo,Musculação,Livre/Funcional,normal,5186ef9c-b985-415e-b303-3e4539a94a8a
587,587-sl-rdf-clean-stiff-unipodal.mp4,SL RDF CLEAN ( stiff unipodal ),Musculação,Livre/Funcional,normal,751e0fa2-335a-42d3-8bd9-21f4b587f7ac
588,588-stiff-belt-squat.mp4,Stiff Belt Squat,posterior de coxa,Livre/Funcional,normal,1aebf554-0bd2-42d6-a749-4070c77e128d
589,589-stiff-invertido-belt-squat.mp4,Stiff Invertido Belt Squat,posterior de coxa,Livre/Funcional,normal,26ac45b4-4a3c-49f4-a68e-20e87a00252a
590,590-stiff-uni-com-anilha-knee-drive-controle-motor.mp4,Stiff Uni com anilha + knee drive (controle motor),Musculação,Livre/Funcional,normal,54d5d585-9b45-4ece-ae2f-9acfed397591
591,591-stiff-uni-explosivo-controle-motor.mp4,Stiff Uni Explosivo (controle motor),Quadríceps,Livre/Funcional,normal,bbee5a76-b377-455f-9418-605e0de57e74
592,592-stiff-unilateral-b-stance.mp4,Stiff unilateral ( B-stance ),Quadríceps,Livre/Funcional,normal,b3b167c4-93f4-4548-835d-2230bcf49dc9
593,593-stiff-unilateral-aviaozinho.mp4,Stiff Unilateral (Aviãozinho),posterior de coxa,Livre/Funcional,normal,40f6085e-6038-403a-9419-bc67731defea
594,594-stiff-unilateral-com-apoio.mp4,Stiff Unilateral com Apoio,posterior de coxa,Livre/Funcional,normal,18248fd8-94bb-46c6-a567-de54ce6103d7
595,595-sumo-deadlift.mp4,Sumo Deadlift,Quadríceps,Livre/Funcional,normal,253a7e0f-63fc-43cb-b983-352bfb724549
596,596-superman.mp4,Superman,lombar,Livre/Funcional,normal,a3960993-b603-403e-acc2-df84a2aceb6b
597,597-superman-w-e-y.mp4,Superman W e Y,lombar,Livre/Funcional,normal,80653a6c-1c38-4e90-9805-d9c9e75eef83
598,598-supersquat-invertido.mp4,Supersquat Invertido,quadríceps,Livre/Funcional,normal,5021e362-3f0e-44fa-aed1-c9e10a2392c0
599,599-supino-alternado-pegada-neutra.mp4,Supino alternado pegada neutra,Peitoral,Livre/Funcional,normal,42588627-d820-450b-926a-9ac98957a792
600,600-supino-inclinado-cross-over-banco-45.mp4,Supino Inclinado Cross Over Banco 45,peitoral,Livre/Funcional,normal,e28e4c41-5215-4cd6-b642-4322656f228d
601,601-supino-inclinado-neutro-cross-over-banco-45.mp4,Supino Inclinado Neutro Cross Over Banco 45,peitoral,Livre/Funcional,normal,ef3553ff-17bc-4309-83ac-c3173f0256e2
602,602-supino-reto-cross-over-banco-90.mp4,Supino Reto Cross Over Banco 90,peitoral,Livre/Funcional,normal,2e826822-0e02-42bb-986b-d7b32fe5ec62
603,603-torcao-de-tronco-em-base-afundo-isometrico.mp4,Torção de tronco em base Afundo Isométrico,Musculação,Livre/Funcional,normal,468b5bb5-dc72-4d40-b1d0-01063f2366ac
604,604-triceps-corda.mp4,Tríceps Corda,tríceps,Livre/Funcional,normal,e1000001-0000-0000-0000-000000000004
605,605-triceps-frances-em-pe.mp4,Tríceps Francês Em Pé,tríceps,Livre/Funcional,normal,4f44fac9-f032-48aa-a936-f088f8a76709
606,606-triceps-frances-sentado.mp4,Tríceps Francês Sentado,tríceps,Livre/Funcional,normal,59de661a-23a1-41d3-9a1e-ee21d77401ae
607,607-triceps-testa.mp4,Tríceps Testa,tríceps,Livre/Funcional,normal,e1000001-0000-0000-0000-000000000005
608,608-voador.mp4,Voador,peitoral,Livre/Funcional,normal,316c9693-ce56-4b3b-b31e-f4316f75e70c
609,609-voador-invertido.mp4,Voador Invertido,ombro,Livre/Funcional,normal,96d192f2-1d3f-4114-85de-63c3413cb68c
610,610-along-coluna-rotacao.mp4,Along. Coluna Rotação,alongamento,Mobilidade/Solo,ALTA,6bd9ccf9-9832-4ec7-ac30-34bac76d20db
611,611-along-hiperextensao-rolinho.mp4,Along. Hiperextensão Rolinho,alongamento,Mobilidade/Solo,ALTA,384c7931-f1ee-4259-a893-85a554c852b7
612,612-along-iliopsoas.mp4,Along. Iliopsoas,alongamento,Mobilidade/Solo,ALTA,92b7dfba-cb1d-43f8-86a1-b89d7f5d4db1
613,613-apoio-unipodal-no-bosu.mp4,Apoio unipodal no bosu,Estabilidade,Mobilidade/Solo,ALTA,6f354269-311d-4878-b66c-27fc7090161e
614,614-extensora-com-alongamento-entre-series.mp4,Extensora com Alongamento Entre Séries,quadríceps,Mobilidade/Solo,ALTA,6b696ad3-5a7b-49e6-aacd-19de3a190056
615,615-mobilidade-buda.mp4,Mobilidade Buda,mobilidade,Mobilidade/Solo,ALTA,ae0aafea-1686-4d2e-9393-1108049e9926
616,616-mobilidade-cat-cow.mp4,Mobilidade Cat-Cow,mobilidade,Mobilidade/Solo,ALTA,6c26cf55-546d-4b04-add0-ba4d5bda1755
617,617-mobilidade-de-quadril-e-tornozelo-com-alongamento.mp4,Mobilidade de Quadril e Tornozelo com Alongamento,mobilidade,Mobilidade/Solo,ALTA,957ea2e1-954d-4af7-8c95-8e08c43217e6
618,618-mobilidade-de-quadril-foco-em-adutores.mp4,Mobilidade de Quadril foco em Adutores,mobilidade,Mobilidade/Solo,ALTA,41733afe-1af1-444e-85da-91dbecaa2c1a
619,619-agachamento-no-bosu.mp4,Agachamento no bosu,Estabilidade,Mobilidade/Solo,normal,7c6f882b-7fec-4979-8216-0cacf5cc2e4d
620,620-along-adutores-bilateral.mp4,Along. Adutores Bilateral,alongamento,Mobilidade/Solo,normal,d7dee2b8-8f7a-414f-a2cf-b1ff769967fa
621,621-along-adutores-flexionado-frog.mp4,Along. Adutores Flexionado (Frog),alongamento,Mobilidade/Solo,normal,801cfb45-c447-425b-aff0-26b5d87ce5d9
622,622-along-adutores-unilateral-estendido.mp4,Along. Adutores Unilateral Estendido,alongamento,Mobilidade/Solo,normal,0197410d-5f04-4c31-8b1c-7599f49e6774
623,623-along-dorsal-e-quadrado-lombar-unilateral-espaldar.mp4,Along. Dorsal e Quadrado Lombar Unilateral Espaldar,alongamento,Mobilidade/Solo,normal,c6059bf6-c71f-414e-8cdb-60178f7d5405
624,624-along-dorsal-unilateral-espaldar.mp4,Along. Dorsal Unilateral Espaldar,alongamento,Mobilidade/Solo,normal,48fdd2e6-1cad-42bf-8ebc-6099cc9d437e
625,625-along-gluteo-cruzado-espaldar.mp4,Along. Glúteo Cruzado Espaldar,alongamento,Mobilidade/Solo,normal,de394e81-17b2-4feb-bcf2-5b5991e04c6c
626,626-along-gluteo-cruzado-solo.mp4,Along. Glúteo Cruzado Solo,alongamento,Mobilidade/Solo,normal,966ff2d0-8dca-402f-9e5e-c630869682a8
627,627-along-levantador-da-escapula.mp4,Along. Levantador da Escápula,alongamento,Mobilidade/Solo,normal,7cbab4b8-70cb-4bae-add3-e5f0ea95b220
628,628-along-panturrilha-unilateral.mp4,Along. Panturrilha Unilateral,alongamento,Mobilidade/Solo,normal,737b8377-e7a6-49e6-954c-644b435a97cd
629,629-along-peitoral-bilateral-espaldar.mp4,Along. Peitoral Bilateral Espaldar,alongamento,Mobilidade/Solo,normal,1e780c54-cd0f-4b68-b1b3-d2fc2aeef576
630,630-along-peitoral-menor.mp4,Along. Peitoral Menor,alongamento,Mobilidade/Solo,normal,36377d3a-12e3-4ff1-ba6c-8d378dff2d77
631,631-along-peitoral-unilateral-espaldar.mp4,Along. Peitoral Unilateral Espaldar,alongamento,Mobilidade/Solo,normal,069596e0-f5a3-4f6e-82e7-b0e3fec2e9e4
632,632-along-pigeon.mp4,Along. Pigeon,alongamento,Mobilidade/Solo,normal,eb7618bc-1e4a-4394-aaa4-c8a8697d56f5
633,633-along-pigeon-com-quadrado-lombar.mp4,Along. Pigeon com Quadrado Lombar,alongamento,Mobilidade/Solo,normal,63cb2e5f-8892-48d1-b72c-943e3205cb82
634,634-along-posterior-bilateral-em-pe.mp4,Along. Posterior Bilateral em Pé,alongamento,Mobilidade/Solo,normal,06edd293-b856-47c0-ae91-8e1cc523688f
635,635-along-posterior-bilateral-solo.mp4,Along. Posterior Bilateral Solo,alongamento,Mobilidade/Solo,normal,4d624a0c-e3a0-40e7-9d2a-4f1b72584c61
636,636-along-posterior-unilateral-estendido.mp4,Along. Posterior Unilateral Estendido,alongamento,Mobilidade/Solo,normal,8f725656-bb0e-4ed0-9fbb-f0fecfaf6523
637,637-along-posterior-unilateral-flexionado.mp4,Along. Posterior Unilateral Flexionado,alongamento,Mobilidade/Solo,normal,c08df451-d8bb-4923-829b-3ddc21ead3b9
638,638-along-posterior-unilateral-solo.mp4,Along. Posterior Unilateral Solo,alongamento,Mobilidade/Solo,normal,5f12d59c-e9e4-4b5d-8014-587b8c9c286b
639,639-along-quadriceps-bilateral-solo.mp4,Along. Quadríceps Bilateral Solo,alongamento,Mobilidade/Solo,normal,c4530121-861e-48ce-ae2f-90ecdd098b1a
640,640-along-quadriceps-unilateral-em-pe.mp4,Along. Quadríceps Unilateral em Pé,alongamento,Mobilidade/Solo,normal,2528f127-fd91-4f2e-a4aa-4e1f8290163e
641,641-along-reto-femoral-solo.mp4,Along. Reto Femoral Solo,alongamento,Mobilidade/Solo,normal,4b71ea5c-aa1a-4cba-a87f-8197a924823f
642,642-along-tensor-da-fascia-lata-solo.mp4,Along. Tensor da Fascia Lata Solo,alongamento,Mobilidade/Solo,normal,996d15ba-40b6-436b-9b00-22e9978b9e10
643,643-alongamento-de-gluteos-90-90.mp4,Alongamento de Glúteos 90-90,Musculação,Mobilidade/Solo,normal,bd2efefb-8df6-4f90-a929-797fec7ac4d6
644,644-alongamento-tfl.mp4,Alongamento TFL,Alongamento,Mobilidade/Solo,normal,522511bf-ecc7-4f48-97dc-2493e32d5299
645,645-controle-motor-mobilidade-e-estabilidade.mp4,Controle motor - mobilidade e estabilidade,Musculação,Mobilidade/Solo,normal,bcf67999-ce05-4e6a-aebe-750d618ead5a
646,646-fisio-quadril-hip-hinge-com-bastao.mp4,Fisio Quadril: hip hinge com bastão,Fisioterapia,Mobilidade/Solo,normal,3f81fa4b-a113-47f6-b2b4-dcc419d94c3e
647,647-halo-mobilidade-superiores.mp4,Halo - mobilidade superiores,Musculação,Mobilidade/Solo,normal,7ebb1e7c-0eef-4b61-835f-9969df952199
648,648-liberacao-de-adutores-no-foam-roll.mp4,Liberação de adutores no foam roll,Liberação Miofascial,Mobilidade/Solo,normal,fa020cd6-704f-41e0-83eb-23ef18783a74
649,649-liberacao-de-banda-iliotibial-no-foam-roll.mp4,Liberação de banda iliotibial no foam roll,Liberação Miofascial,Mobilidade/Solo,normal,626975e1-439c-4e98-8182-f6f18ff5fbd3
650,650-liberacao-de-dorsal-no-foam-roll.mp4,Liberação de dorsal no foam roll,Liberação Miofascial,Mobilidade/Solo,normal,df256bcf-dc82-42bd-9ea6-8d9df39a87e0
651,651-liberacao-de-gluteo-no-foam-roll.mp4,Liberação de glúteo no foam roll,Liberação Miofascial,Mobilidade/Solo,normal,09945798-7bca-42c3-a51e-bdc9a34cc33c
652,652-liberacao-de-panturrilha-no-foam-roll.mp4,Liberação de panturrilha no foam roll,Liberação Miofascial,Mobilidade/Solo,normal,14d69ca0-70cd-4e54-bac6-02bd2731a20a
653,653-liberacao-de-posterior-de-coxa-no-foam-roll.mp4,Liberação de posterior de coxa no foam roll,Liberação Miofascial,Mobilidade/Solo,normal,546c6966-a182-41df-bf68-28efdc067995
654,654-liberacao-de-quadriceps-no-foam-roll.mp4,Liberação de quadríceps no foam roll,Liberação Miofascial,Mobilidade/Solo,normal,44dc8b07-df32-4c35-b1aa-c016ff6f5362
655,655-liberacao-toracica-no-foam-roll.mp4,Liberação torácica no foam roll,Liberação Miofascial,Mobilidade/Solo,normal,fe8cf9a6-8f14-4567-b36c-7ede072624af
656,656-mobilidade-90-90-rot-externa.mp4,Mobilidade 90-90 Rot. Externa,Musculação,Mobilidade/Solo,normal,35bb19e6-e1df-4cec-85ea-47ba4420796e
657,657-mobilidade-90-90-rot-interna.mp4,Mobilidade 90-90 Rot. interna,Musculação,Mobilidade/Solo,normal,7be698a4-1cac-468e-bfc0-ba79189768f9
658,658-mobilidade-90-90.mp4,Mobilidade 90/90,mobilidade,Mobilidade/Solo,normal,edca7177-f6c5-4906-8e21-8ba3d1c84eae
659,659-mobilidade-90-90-completa.mp4,Mobilidade 90/90 completa,mobilidade,Mobilidade/Solo,normal,743974e1-4d5d-4fd6-8e50-7609e86b707f
660,660-mobilidade-corpo-todo.mp4,Mobilidade Corpo Todo,Musculação,Mobilidade/Solo,normal,bb961cbb-04fa-4768-9740-c28561a34c61
661,661-mobilidade-de-coluna.mp4,Mobilidade de Coluna,Musculação,Mobilidade/Solo,normal,5c8f5515-ecca-4ef1-aded-d979645942ab
662,662-mobilidade-de-ombro-com-toque-de-maos.mp4,Mobilidade de Ombro com Toque de Mãos,mobilidade,Mobilidade/Solo,normal,e4f4ba1d-68c8-47c9-95d9-1dc2d46599ad
663,663-mobilidade-de-ombro-rotacao-externa-com-bastao.mp4,Mobilidade de Ombro Rotação Externa com Bastão,mobilidade,Mobilidade/Solo,normal,81ccbed4-e39d-4a4e-bc95-71139de3273c
664,664-mobilidade-de-ombro-rotacao-solo.mp4,Mobilidade de Ombro Rotação Solo,mobilidade,Mobilidade/Solo,normal,c7d00c36-12dc-4a88-814b-045b1b853a44
665,665-mobilidade-de-ombro-w.mp4,Mobilidade de Ombro W,mobilidade,Mobilidade/Solo,normal,bbb26a3d-72ad-4f47-9b9c-3abb7ea70af9
666,666-mobilidade-de-quadril.mp4,Mobilidade de Quadril,Quadríceps,Mobilidade/Solo,normal,509865d8-5b76-429d-bef8-3ae1b3f8b619
667,667-mobilidade-de-quadril-sagital.mp4,Mobilidade de Quadril ( sagital ),Quadríceps,Mobilidade/Solo,normal,c62336c5-77b2-4876-884f-707b090f6932
668,668-mobilidade-de-quadril-2.mp4,Mobilidade de Quadril 2,Quadríceps,Mobilidade/Solo,normal,12aeb1ef-02d6-4210-b5a4-b495ca6fb3a7
669,669-mobilidade-de-quadril-3.mp4,Mobilidade de quadril 3,Quadríceps,Mobilidade/Solo,normal,706142ca-78f8-4591-acc0-7b4018432b14
670,670-mobilidade-de-quadril-e-tornozelo.mp4,Mobilidade de Quadril e Tornozelo,mobilidade,Mobilidade/Solo,normal,836f33a9-24ee-4ec9-adef-23d984bbdaf4
671,671-mobilidade-de-quadril-frog.mp4,Mobilidade de Quadril Frog,mobilidade,Mobilidade/Solo,normal,8927006c-0c4b-4163-b151-745fa1d0a8f3
672,672-mobilidade-de-quadril-lateral.mp4,Mobilidade de Quadril Lateral,mobilidade,Mobilidade/Solo,normal,fc740c2a-3afc-4cdb-a361-d78fac243ee7
673,673-mobilidade-de-quadril-rotacao-interna-deitado.mp4,Mobilidade de Quadril Rotação Interna Deitado,Quadríceps,Mobilidade/Solo,normal,affde76f-d5b2-42d3-97bd-188e630d1127
674,674-mobilidade-de-quadril-adutores-post.mp4,Mobilidade de quadril-adutores/post,Quadríceps,Mobilidade/Solo,normal,057059ab-07fe-45af-b2ba-a1b9533ea547
675,675-mobilidade-de-tornozelo.mp4,Mobilidade de Tornozelo,mobilidade,Mobilidade/Solo,normal,3f384f30-1259-4e27-a7bf-70889243ac41
676,676-mobilidade-de-tornozelo-quadril.mp4,Mobilidade de tornozelo/quadril,Quadríceps,Mobilidade/Solo,normal,0b7f58e5-53ec-4b4d-9e15-11d7ca9d006c
677,677-mobilidade-de-toracica.mp4,Mobilidade de Torácica,Musculação,Mobilidade/Solo,normal,0ddd9b9e-4d85-469c-b6db-3c4ea5a3c52a
678,678-mobilidade-em-ponte-extensao.mp4,Mobilidade em ponte/Extensão,Musculação,Mobilidade/Solo,normal,16aebaf1-7466-4583-806b-219c47f2245f
679,679-mobilidade-escapular-em-puxada.mp4,Mobilidade Escapular em Puxada,Dorsal,Mobilidade/Solo,normal,c51ab919-f750-481b-94ea-743657c3a414
680,680-mobilidade-escapular-trx.mp4,Mobilidade Escapular TRX,Dorsal,Mobilidade/Solo,normal,e7321291-a3bb-44b0-b6df-dc0dca157ea9
681,681-mobilidade-full-inferiores-hard.mp4,Mobilidade Full Inferiores (hard),Quadríceps,Mobilidade/Solo,normal,ec281a05-a949-41c6-b5df-3ee615a23bfb
682,682-mobilidade-hiperextensao-lombar.mp4,Mobilidade Hiperextensão Lombar,mobilidade,Mobilidade/Solo,normal,ed98f29a-71c5-4708-90ef-6b8485707028
683,683-mobilidade-hiperextensao-toracica-rolinho.mp4,Mobilidade Hiperextensão Torácica Rolinho,mobilidade,Mobilidade/Solo,normal,917da140-0856-4ef2-97c0-6d0e636b40de
684,684-mobilidade-quadril-90-90.mp4,Mobilidade quadril 90-90,Quadríceps,Mobilidade/Solo,normal,a8e8cde0-087a-412f-acf9-652f53cfff84
685,685-mobilidade-quadril-flexores-posterior.mp4,Mobilidade quadril flexores/posterior,Musculação,Mobilidade/Solo,normal,75649465-1319-48e0-bdfb-dc1ce93774af
686,686-mobilidade-rot-quadril-ext-int.mp4,Mobilidade rot quadril ext int,Quadríceps,Mobilidade/Solo,normal,2f55744f-a768-4738-b6fd-665d3723123c
687,687-mobilidade-sapinho.mp4,Mobilidade Sapinho 🐸,Musculação,Mobilidade/Solo,normal,ab73db0f-26d0-4e3e-931f-4e22e687e036
688,688-mobilidade-toracica-bastao.mp4,Mobilidade Torácica Bastão,mobilidade,Mobilidade/Solo,normal,c829d03a-9b66-41a5-b6e8-db237e017812
689,689-mobilidade-toracica-com-rotacao-e-bastao.mp4,Mobilidade torácica com rotação e bastão,Mobilidade,Mobilidade/Solo,normal,8530bb18-166f-4ea1-a3f3-794737676d02
690,690-mobilidade-toracica-rotacao.mp4,Mobilidade Torácica Rotação,mobilidade,Mobilidade/Solo,normal,f92713c4-e9fa-4048-96e6-286f9b53455b
691,691-mobilidade-toracica-semiajoelhado.mp4,Mobilidade Torácica Semiajoelhado,mobilidade,Mobilidade/Solo,normal,25c14693-7751-4ce7-ba27-ccbf02a2aa5e
692,692-prancha-no-bosu.mp4,Prancha no bosu,Estabilidade,Mobilidade/Solo,normal,286bfb30-d38a-4f8c-aa08-053f5b382db9
693,693-shoulder-dislocates-com-bastao.mp4,Shoulder dislocates com bastão,Mobilidade,Mobilidade/Solo,normal,ca9d547c-3488-43fa-945e-7dbb8431a917
694,694-terra-romeno-unipodal-com-bastao.mp4,Terra romeno unipodal com bastão,Controle Motor,Mobilidade/Solo,normal,dece41a1-f793-4bc4-b614-b2c22b4caf6f
695,695-elevacao-pelvica-maquina.mp4,Elevação Pélvica Máquina,glúteo,Máquina,ALTA,d2e55bc6-411a-4ca9-8b6f-8fb86e8099b8
696,696-elevacao-pelvica-unilateral-maquina.mp4,Elevação Pélvica Unilateral Máquina,glúteo,Máquina,ALTA,c1a1a51b-0db1-4855-b091-0f9becd7845b
697,697-extensao-de-quadril-banco-romano-com-flexao.mp4,Extensão de Quadril Banco Romano com Flexão,glúteo,Máquina,ALTA,efde85ec-e714-44b9-928c-8db249f06c04
698,698-fisio-joelho-cadeira-extensora-lenta-hsr.mp4,Fisio Joelho: cadeira extensora lenta (HSR),Fisioterapia,Máquina,ALTA,fe4225a3-0ba4-404f-8807-ba61915c45c6
699,699-fisio-tendao-patelar-hsr-cadeira-extensora-3s-3s.mp4,Fisio Tendão patelar: HSR cadeira extensora (3s/3s),Fisioterapia,Máquina,ALTA,07f6ad25-885b-409c-8008-af86cf871028
700,700-leg-press-45-unilateral.mp4,Leg Press 45 Unilateral,quadríceps,Máquina,ALTA,866f6e15-312c-49b5-972a-4caefaccf5da
701,701-leg-press-horizontal.mp4,Leg Press Horizontal,quadríceps,Máquina,ALTA,f10d42bd-7127-4b92-9220-bea99cd5d1ee
702,702-abdominal-infra-maquina.mp4,Abdominal Infra Máquina,abdômen,Máquina,normal,93609dd6-479d-42f1-b927-72b3511f161b
703,703-abdominal-maquina.mp4,Abdominal Máquina,abdômen,Máquina,normal,6175a7d8-333d-4e09-a539-1ea6b13e1b81
704,704-bom-dia-maquina.mp4,Bom Dia Máquina,posterior de coxa,Máquina,normal,9c34a520-62bb-4385-b4f4-384ebce408b8
705,705-desenvolvimento-maquina.mp4,Desenvolvimento Máquina,ombro,Máquina,normal,e1ff0905-955b-4bf7-95c6-1b72dbfa34ff
706,706-desenvolvimento-neutro-maquina.mp4,Desenvolvimento Neutro Máquina,ombro,Máquina,normal,7f9fbd65-d234-4b84-b198-faca46343915
707,707-elevacao-lateral-maquina.mp4,Elevação Lateral Máquina,ombro,Máquina,normal,7b06658f-12bb-4cd4-b749-ac2c38c5dfc9
708,708-extensao-de-quadril-banco-romano.mp4,Extensão de Quadril Banco Romano,glúteo,Máquina,normal,495e8cd8-c47b-4093-b6c1-774d6e78d2c1
709,709-extensao-de-quadril-banco-romano-unilateral.mp4,Extensão de Quadril Banco Romano Unilateral,glúteo,Máquina,normal,dfedffd3-0ae4-4f28-b4db-52f9a6ce8cc0
710,710-extensao-de-quadril-maquina.mp4,Extensão de Quadril Máquina,glúteo,Máquina,normal,1dfa63ac-6191-49f8-984a-faffd7c2a5d3
711,711-extensao-de-quadril-no-banco-romano.mp4,Extensão de quadril no Banco Romano,Quadríceps,Máquina,normal,95712a5d-a4e4-4469-a46b-f7c50855caef
712,712-leg-press-45.mp4,Leg Press 45,quadríceps,Máquina,normal,afcab7c3-ba4f-4178-946f-eea2e6969e93
713,713-leg-press-deitado.mp4,Leg Press Deitado,quadríceps,Máquina,normal,f2210012-5c3a-4e03-b55b-2afee7bdacb0
714,714-leg-press-horizontal-unilateral.mp4,Leg Press Horizontal Unilateral,quadríceps,Máquina,normal,386edcd5-cc32-45d2-b065-db84adf8ada1
715,715-leg-press-unilateral-placas-separadas.mp4,Leg Press Unilateral Placas Separadas,quadríceps,Máquina,normal,f85f0d88-fd73-474b-83ac-7b0c2b376ebf
716,716-panturrilha-em-pe-maquina.mp4,Panturrilha em Pé Máquina,panturrilha,Máquina,normal,1d8626a7-58e1-40d3-8ca8-396b57c233eb
717,717-panturrilha-sentado-maquina.mp4,Panturrilha Sentado Máquina,panturrilha,Máquina,normal,7bc7e3ba-a138-4a2b-b069-e6eb642ebe90
718,718-puxada-pronada-maquina.mp4,Puxada Pronada Máquina,costas,Máquina,normal,592cf519-f2f5-4f82-9d10-8c2005851cbb
719,719-puxada-supinada-maquina.mp4,Puxada Supinada Máquina,costas,Máquina,normal,21a15e45-12b2-49f8-bf06-daa21b0cb33f
720,720-puxada-supinada-unilateral-maquina.mp4,Puxada Supinada Unilateral Máquina,costas,Máquina,normal,6bdb1793-3d29-4659-9dfe-00097a8c85ae
721,721-remada-alta-maquina.mp4,Remada Alta Máquina,ombro,Máquina,normal,ce8529f2-dd0e-4c7c-8110-d2505d84bfe2
722,722-remada-cavalinho-maquina-neutra.mp4,Remada Cavalinho Máquina Neutra,costas,Máquina,normal,f0705159-aa86-407c-a27e-170374012831
723,723-remada-neutra-unilateral-maquina.mp4,Remada Neutra Unilateral Máquina,costas,Máquina,normal,d10517b3-51e6-43b9-95d0-58af14f0909f
724,724-remada-pronada-maquina.mp4,Remada Pronada Máquina,costas,Máquina,normal,9a567f8d-f128-4cfd-9718-f2501bdf9fbc
725,725-remada-supinada-maquina.mp4,Remada Supinada Máquina,costas,Máquina,normal,0c061dfd-084f-4f5e-9aab-98119d30ed77
726,726-remada-supinada-unilateral-maquina.mp4,Remada Supinada Unilateral Máquina,costas,Máquina,normal,247a67e1-3dd4-45a3-9cf2-c423c37cf419
727,727-rosca-scott-maquina.mp4,Rosca Scott Máquina,bíceps,Máquina,normal,ac9d61cc-6bcc-4c5e-ac00-094f43fe1453
728,728-supino-declinado-maquina.mp4,Supino Declinado Máquina,peitoral,Máquina,normal,5d0985d2-a31d-46ff-9897-d916d74beb06
729,729-supino-inclinado-maquina.mp4,Supino Inclinado Máquina,peitoral,Máquina,normal,be15aca9-9af9-4e55-8c54-288689feb7cd
730,730-supino-reto-maquina.mp4,Supino Reto Máquina,peitoral,Máquina,normal,05f95cd1-0819-458e-ba2a-f4431d7816e5
731,731-triceps-paralela-maquina.mp4,Tríceps Paralela Máquina,tríceps,Máquina,normal,84657c3f-895f-4892-b624-737b633f0ecf
732,732-mergulho-em-paralela-dips.mp4,Mergulho em paralela (dips),Peso Corporal,Paralela,normal,25117a38-de47-4604-aac1-c0cbf1b878a1
733,733-a-bounds-skip-saltado.mp4,A-bounds (skip saltado),Performance,Peso Corporal,ALTA,0681e77e-1e7f-4d90-8bf9-61b0b96755da
734,734-abdominal-infra-solo.mp4,Abdominal Infra Solo,abdômen,Peso Corporal,ALTA,2b6e19be-6b4d-44d6-af4b-04f7a09bef60
735,735-abdominal-infra-suspenso-com-rotacao.mp4,Abdominal Infra Suspenso com Rotação,abdômen,Peso Corporal,ALTA,2a186779-bd91-4f24-b1d8-906713246fb0
736,736-afundo-peso-corporal.mp4,Afundo (peso corporal),Peso Corporal,Peso Corporal,ALTA,48a26c01-b995-437a-9c6c-1a8fc1d6cc9e
737,737-airplane-aviao-quadril.mp4,Airplane (avião - quadril),Estabilidade,Peso Corporal,ALTA,faf12cde-1543-492d-9746-bf5bb6e4e35f
738,738-ankle-stiffness-hops-rigidez-de-tornozelo.mp4,Ankle stiffness hops (rigidez de tornozelo),Performance,Peso Corporal,ALTA,e6600538-a517-428e-8c0a-318ffd1aed2d
739,739-apoio-em-tandem-pe-ante-pe.mp4,Apoio em tandem (pé-ante-pé),Estabilidade,Peso Corporal,ALTA,c22a4ab4-20e0-4b7b-b8be-4ede1247e693
740,740-apoio-unipodal-single-leg-stance.mp4,Apoio unipodal (single-leg stance),Estabilidade,Peso Corporal,ALTA,b4f55b28-cccc-475e-805a-cfd0406d2e60
741,741-aterrissagem-lateral-e-estabiliza.mp4,Aterrissagem lateral e estabiliza,Performance,Peso Corporal,ALTA,35d9b280-868c-4500-945f-5094f7e2ff43
742,742-aterrissagem-rotacional-e-estabiliza.mp4,Aterrissagem rotacional e estabiliza,Performance,Peso Corporal,ALTA,7565719f-c11a-4c3e-9c2f-533cd0f86b3c
743,743-bird-dog.mp4,Bird dog,Controle Motor,Peso Corporal,ALTA,99ec0aac-513c-46ce-b780-68183bc8cdbd
744,744-bird-dog.mp4,Bird dog,Core,Peso Corporal,ALTA,492b16f9-0ca8-4d87-a233-20a106b4a532
745,745-bounding-passadas-saltadas.mp4,Bounding (passadas saltadas),Pliometria,Peso Corporal,ALTA,dd9ad55a-2d97-4862-b9c1-3cc17167b258
746,746-broad-jump-para-salto-vertical.mp4,Broad jump para salto vertical,Pliometria,Peso Corporal,ALTA,c7f31a16-ff3f-479e-b8db-cf64121acc2f
747,747-fisio-cervical-chin-tuck-retracao-cervical.mp4,Fisio Cervical: chin tuck (retração cervical),Fisioterapia,Peso Corporal,ALTA,d2fd81f8-eae0-4694-ad7c-12e54b9c6125
748,748-fisio-joelho-agachamento-declinado-unipodal-lento.mp4,Fisio Joelho: agachamento declinado unipodal lento,Fisioterapia,Peso Corporal,ALTA,3b90e2e4-187b-47d7-b862-647387e6271d
749,749-fisio-joelho-agachamento-isometrico-carga-estatica.mp4,Fisio Joelho: agachamento isométrico (carga estática),Fisioterapia,Peso Corporal,ALTA,132ed659-277c-4f83-b6d1-768271f8dc90
750,750-fisio-ombro-deslizamento-na-parede-wall-slide.mp4,Fisio Ombro: deslizamento na parede (wall slide),Fisioterapia,Peso Corporal,ALTA,95b1b5b6-7465-441a-91d4-dd70d4a38f85
751,751-fisio-ombro-prone-y-t-w-l.mp4,Fisio Ombro: Prone Y-T-W-L,Fisioterapia,Peso Corporal,ALTA,80b81c28-1269-481d-9d24-16b6b8c9b68e
752,752-fisio-ombro-serratus-punch.mp4,Fisio Ombro: serratus punch,Fisioterapia,Peso Corporal,ALTA,36443e8b-29ac-4e42-b232-f8067208ef20
753,753-fisio-quadril-ponte-de-gluteo-isometrica.mp4,Fisio Quadril: ponte de glúteo isométrica,Fisioterapia,Peso Corporal,ALTA,d0ff4da9-51b1-4e8f-bffc-d787ba275ffe
754,754-fisio-tornozelo-heel-drop-excentrico-alfredson.mp4,Fisio Tornozelo: heel drop excêntrico (Alfredson),Fisioterapia,Peso Corporal,ALTA,d47183c0-a08a-4f08-8b52-a8c61d8a6ffe
755,755-fisio-tornozelo-hop-and-stick-resposta-a-carga.mp4,Fisio Tornozelo: hop and stick (resposta a carga),Fisioterapia,Peso Corporal,ALTA,01dd0e4a-ac88-4009-908e-7b5a8495d52e
756,756-fisio-tornozelo-panturrilha-com-joelho-fletido-soleo.mp4,Fisio Tornozelo: panturrilha com joelho fletido (sóleo),Fisioterapia,Peso Corporal,ALTA,a68c698b-3785-45f3-b3fc-c611211387b7
757,757-fisio-tornozelo-panturrilha-excentrica-no-step.mp4,Fisio Tornozelo: panturrilha excêntrica no step,Fisioterapia,Peso Corporal,ALTA,c5759160-3c50-4dbd-bd45-5a573ba4ed1e
758,758-hops-reativos-unipodais.mp4,Hops reativos unipodais,Performance,Peso Corporal,ALTA,835cbbe6-27b8-45da-927f-109c1d316c7b
759,759-prancha-empurrar-puxar.mp4,Prancha Empurrar / Puxar,Funcional,Peso Corporal,ALTA,08603e8e-f8c7-48f2-a0b4-3572a685314c
760,760-prancha-frontal.mp4,Prancha Frontal,abdômen,Peso Corporal,ALTA,e5ffe3e1-2757-4ed7-ba87-a745d9a96c5d
761,761-prancha-frontal.mp4,Prancha frontal,Core,Peso Corporal,ALTA,8296368d-a47e-427f-b138-6bf9340e5914
762,762-saltos-no-lugar-controle-de-aterrissagem.mp4,Saltos no lugar (controle de aterrissagem),Pliometria,Peso Corporal,ALTA,33da3aa3-144d-4bf4-bf46-a5599b718270
763,763-saltos-reativos-continuos-repeated-hops.mp4,Saltos reativos contínuos (repeated hops),Performance,Peso Corporal,ALTA,97e12a00-e2cc-452d-b50d-0899f5edcfec
764,764-scapular-push-up-push-up-plus.mp4,Scapular push-up (push-up plus),Ativação,Peso Corporal,ALTA,e4ea8b60-b6ad-41e7-92a5-863451267473
765,765-scissor-jumps-tesoura.mp4,Scissor jumps (tesoura),Pliometria,Peso Corporal,ALTA,d995e5f7-9725-48a5-ae0a-780b1c9f1d29
766,766-sissy-squat.mp4,Sissy squat,Peso Corporal,Peso Corporal,ALTA,5f1491fa-432c-4bb5-a404-e9074fc79792
767,767-snap-down-desaceleracao-rapida.mp4,Snap down (desaceleração rápida),Performance,Peso Corporal,ALTA,b977301b-7a5c-4753-8c6f-eb2db516a277
768,768-split-jump-afundo-saltado.mp4,Split jump (afundo saltado),Pliometria,Peso Corporal,ALTA,97b12dd1-8de7-4b1a-909e-36ed4653528b
769,769-tuck-jumps-continuos-reativos.mp4,Tuck jumps contínuos reativos,Performance,Peso Corporal,ALTA,26b210fb-57c9-455d-bff0-bd8ac58294fa
770,770-wall-drive-3-contatos.mp4,Wall drive 3 contatos,Performance,Peso Corporal,ALTA,59bd4068-be22-46ce-a004-52abe5dc3112
771,771-wall-drive-isometrico-posicao-de-aceleracao.mp4,Wall drive isométrico (posição de aceleração),Performance,Peso Corporal,ALTA,36f9b012-2d66-48ca-84bf-154d2439ebfb
772,772-90-90-hip-switch.mp4,90/90 hip switch,Mobilidade,Peso Corporal,normal,66fb19d4-caf8-4a49-8c47-19e3758aa262
773,773-abdominal-canivete.mp4,Abdominal Canivete,abdômen,Peso Corporal,normal,0ec7c2d3-0455-412e-9754-d66bc36b63ac
774,774-abdominal-canivete-alternado.mp4,Abdominal Canivete Alternado,abdômen,Peso Corporal,normal,913d8079-f45c-4391-8cf0-6ec97f0d209b
775,775-abdominal-canoa.mp4,Abdominal Canoa,abdômen,Peso Corporal,normal,fc70d297-3dab-42dc-8017-eca87ec3c622
776,776-abdominal-infra-banco-declinado.mp4,Abdominal Infra Banco Declinado,abdômen,Peso Corporal,normal,614cd597-6d91-43ab-9ddf-ad438d084e1d
777,777-abdominal-infra-suspenso.mp4,Abdominal Infra Suspenso,abdômen,Peso Corporal,normal,b44e0cd4-986f-4b0e-9a6b-f9cef0da7437
778,778-abdominal-remador.mp4,Abdominal Remador,abdômen,Peso Corporal,normal,6049e35c-75b7-49f5-8cf9-db5983757985
779,779-abdominal-rodinha.mp4,Abdominal Rodinha,abdômen,Peso Corporal,normal,b459d238-619c-4301-89c7-0e1694d448b5
780,780-abdominal-supra-banco-declinado.mp4,Abdominal Supra Banco Declinado,abdômen,Peso Corporal,normal,91773d81-3cfe-4748-ad78-599ba2bffb59
781,781-abdominal-supra-bola.mp4,Abdominal Supra Bola,abdômen,Peso Corporal,normal,68a21d6e-f8ef-4307-adc7-d5399002393b
782,782-abdominal-supra-solo.mp4,Abdominal Supra Solo,abdômen,Peso Corporal,normal,17161c04-540a-441c-9e03-8d9f9aae7b97
783,783-abdominal-tesoura.mp4,Abdominal Tesoura,abdômen,Peso Corporal,normal,7ac36eb1-8014-4034-9ce7-f2bd50a7ecbd
784,784-abducao-de-quadril-em-prancha-lateral.mp4,Abdução de Quadril em Prancha Lateral,glúteo,Peso Corporal,normal,095abe10-f515-4eb8-9d12-ef8a41c6afaf
785,785-abducao-em-prancha-lateral-c-joelhos-flexionados.mp4,Abdução em Prancha Lateral c/ Joelhos Flexionados,Quadríceps,Peso Corporal,normal,02a99ab3-c126-4832-9718-2dd717e7ba82
786,786-abducao-uni-em-prancha-lateral.mp4,Abdução Uni em Prancha lateral,Musculação,Peso Corporal,normal,6b73310b-e91c-470f-90a7-dd5c54a477cb
787,787-agachamento-livre-air-squat.mp4,Agachamento livre (air squat),Peso Corporal,Peso Corporal,normal,2813abd3-bfdd-40f5-a56f-de2cbaf384d7
788,788-agachamento-profundo-isometrico-deep-squat-hold.mp4,Agachamento profundo isométrico (deep squat hold),Mobilidade,Peso Corporal,normal,28b739a6-a902-4fd4-b08f-4141a7a8f2aa
789,789-alcance-unipodal-y-balance.mp4,Alcance unipodal (Y-balance),Estabilidade,Peso Corporal,normal,c4c19b19-2a1c-4ff6-9f59-05aab846fee5
790,790-ankle-hops-saltos-de-tornozelo.mp4,Ankle hops (saltos de tornozelo),Pliometria,Peso Corporal,normal,85b00ae3-727d-4cb8-8e79-542d04649cdc
791,791-apoio-unipodal-olhos-fechados.mp4,Apoio unipodal olhos fechados,Estabilidade,Peso Corporal,normal,754a5c3f-93a7-40c2-afe7-4b1e55ebe897
792,792-aterrissagem-unipodal-single-leg-landing.mp4,Aterrissagem unipodal (single-leg landing),Pliometria,Peso Corporal,normal,b7e8d7e7-c1be-4d2a-8c35-93875b521914
793,793-bear-crawl.mp4,Bear crawl,Funcional,Peso Corporal,normal,9906609c-9980-46ad-b291-16989baa0d27
794,794-bicycle-crunch.mp4,Bicycle crunch,Core,Peso Corporal,normal,4f30a215-6227-46f8-92a1-f7149eae8c60
795,795-bird-dog-com-remada.mp4,Bird Dog com Remada,Funcional,Peso Corporal,normal,a4579449-dbad-432e-ac9e-d5658f8d8a7a
796,796-bird-dog-de-ativacao.mp4,Bird dog de ativação,Ativação,Peso Corporal,normal,c8221a75-a074-4b35-8ec9-0b40a3b58646
797,797-biset-prancha-frontal-lateral.mp4,Biset Prancha Frontal + Lateral,abdômen,Peso Corporal,normal,c582b327-3be8-457a-9540-d534d3811572
798,798-body-saw-na-prancha.mp4,Body saw na prancha,Core,Peso Corporal,normal,b25cec38-45f8-4a92-8baa-fe0f449fd307
799,799-bound-lateral-salto-lateral-de-propulsao.mp4,Bound lateral (salto lateral de propulsão),Performance,Peso Corporal,normal,9d432dc8-0012-4184-85e6-6df33d9811e3
800,800-bound-unipodal-single-leg-bound.mp4,Bound unipodal (single-leg bound),Performance,Peso Corporal,normal,0e59ded2-d50d-44d4-a985-97352e1022e5
801,801-bounding-alternado-passadas-saltadas-longas.mp4,Bounding alternado (passadas saltadas longas),Performance,Peso Corporal,normal,6430da02-52ca-4597-ac3c-685ac4fad388
802,802-broad-jump-salto-horizontal.mp4,Broad jump (salto horizontal),Pliometria,Peso Corporal,normal,a89cb9b3-3499-415b-82ee-8d05d923013c
803,803-burpee.mp4,Burpee,Funcional,Peso Corporal,normal,81ebac28-3799-4ce2-8efd-9f28194b0d74
804,804-cars-de-ombro.mp4,CARs de ombro,Mobilidade,Peso Corporal,normal,17c7779c-adac-4f4b-8253-99aec7b94a10
805,805-cars-de-quadril.mp4,CARs de quadril,Mobilidade,Peso Corporal,normal,dc9ff1ef-fb37-4314-b421-c6bb03f9f1ca
806,806-cars-de-tornozelo.mp4,CARs de tornozelo,Mobilidade,Peso Corporal,normal,96cec170-bac7-450f-b235-7fcaa3f93617
807,807-cat-camel-gato-camelo.mp4,Cat-camel (gato-camelo),Controle Motor,Peso Corporal,normal,4bda1934-e7b7-4473-bb08-e64df17fe9ab
808,808-copenhagen-plank.mp4,Copenhagen plank,Core,Peso Corporal,normal,b166a655-c9b0-4c7d-bd42-4f7ed3f384c1
809,809-core-combinado.mp4,CORE ( combinado ),Musculação,Peso Corporal,normal,d99e2cbd-d66b-4c4d-a4a4-bc614f07c455
810,810-cossack-squat.mp4,Cossack squat,Mobilidade,Peso Corporal,normal,2e04727d-35b1-4053-8733-ed0cec7da94f
811,811-couch-stretch-alongamento-de-quadril.mp4,Couch stretch (alongamento de quadril),Mobilidade,Peso Corporal,normal,c0464d7f-5b14-4336-83ef-5c7933116d73
812,812-countermovement-jump-cmj.mp4,Countermovement jump (CMJ),Pliometria,Peso Corporal,normal,edc403cb-1113-45d7-8b1e-93eb01926e15
813,813-crab-walk.mp4,Crab walk,Funcional,Peso Corporal,normal,8b509e2a-e30f-4656-b0fb-7a0a19b00321
814,814-crucifixo-unilateral-em-prancha-lateral-em-abducao.mp4,Crucifixo Unilateral em Prancha Lateral em Abdução,Musculação,Peso Corporal,normal,e439f3e2-3bc0-4e34-abb3-d225bab8d710
815,815-dead-bug.mp4,Dead bug,Controle Motor,Peso Corporal,normal,4c1d784b-f68b-4eb3-b6b8-962733b0d4a8
816,816-dead-bug.mp4,Dead bug,Core,Peso Corporal,normal,cba7692e-3f67-4212-95f7-96bfcbe3753d
817,817-dead-bug-de-ativacao.mp4,Dead bug de ativação,Ativação,Peso Corporal,normal,399b6084-25de-43ca-827c-20d746c0dbe0
818,818-falling-start-sprint-queda-e-arranque.mp4,Falling start sprint (queda e arranque),Performance,Peso Corporal,normal,5fc77191-eb82-4f0f-ae09-5799929ad02f
819,819-fisio-cervical-chin-tuck-isometrico-deitado.mp4,Fisio Cervical: chin tuck isométrico deitado,Fisioterapia,Peso Corporal,normal,67d51653-c141-4537-9b72-866ffdd94ade
820,820-fisio-cervical-flexores-profundos-do-pescoco.mp4,Fisio Cervical: flexores profundos do pescoço,Fisioterapia,Peso Corporal,normal,0b750f44-3c98-4a5a-8cde-3ea11dd2bf61
821,821-fisio-cervical-rotacao-com-auto-resistencia.mp4,Fisio Cervical: rotação com auto-resistência,Fisioterapia,Peso Corporal,normal,bac3e3b4-24ab-4f6a-ac7c-1e777a3b5a34
822,822-fisio-joelho-controle-excentrico-de-quadriceps-step-down-len.mp4,Fisio Joelho: controle excêntrico de quadríceps (step-down lento),Fisioterapia,Peso Corporal,normal,b665da9f-6ee0-4f88-b419-47703430e79a
823,823-fisio-joelho-wall-sit-isometrico.mp4,Fisio Joelho: wall sit isométrico,Fisioterapia,Peso Corporal,normal,464c9be0-8ddc-4690-8998-f2928bf31dc9
824,824-fisio-lombar-bird-dog.mp4,Fisio Lombar: bird dog,Fisioterapia,Peso Corporal,normal,c2ebd055-a04c-48db-8ba4-43ad45329681
825,825-fisio-lombar-extensao-lombar-sorensen-isometrico.mp4,Fisio Lombar: extensão lombar (Sorensen isométrico),Fisioterapia,Peso Corporal,normal,b137ea90-e276-48e6-ba2b-7a7fbc8feb8c
826,826-fisio-lombar-mcgill-curl-up.mp4,Fisio Lombar: McGill curl-up,Fisioterapia,Peso Corporal,normal,9996cc9b-38ef-4cba-8670-cea497502b0b
827,827-fisio-lombar-prancha-lateral.mp4,Fisio Lombar: prancha lateral,Fisioterapia,Peso Corporal,normal,b5c3cb75-ece8-4bec-a95e-b5ffce956cae
828,828-fisio-lombar-reverse-hyper.mp4,Fisio Lombar: reverse hyper,Fisioterapia,Peso Corporal,normal,ce8d9966-f412-4c94-b58a-11b4b01b18b4
829,829-fisio-ombro-sleeper-stretch.mp4,Fisio Ombro: sleeper stretch,Fisioterapia,Peso Corporal,normal,f3eb6f05-491e-410d-b09d-e29e91edbec9
830,830-fisio-posterior-nordic-hamstring-excentrico.mp4,Fisio Posterior: nordic hamstring excêntrico,Fisioterapia,Peso Corporal,normal,c9a313ac-da8a-402c-a123-91e0286e5175
831,831-fisio-posterior-ponte-de-isquiotibiais-isometrica.mp4,Fisio Posterior: ponte de isquiotibiais isométrica,Fisioterapia,Peso Corporal,normal,be26e577-e388-46be-985a-ed20c32224fa
832,832-fisio-posterior-razor-curl.mp4,Fisio Posterior: razor curl,Fisioterapia,Peso Corporal,normal,30e64625-661a-47cb-af8c-ca84d5a77a8f
833,833-fisio-quadril-copenhagen-adductor-progressoes.mp4,Fisio Quadril: Copenhagen adductor (progressões),Fisioterapia,Peso Corporal,normal,d0aecfa5-b2f0-431d-b0a3-7efa0a3b1a9e
834,834-fisio-tendao-de-aquiles-hsr-panturrilha-lenta.mp4,Fisio Tendão de Aquiles: HSR panturrilha lenta,Fisioterapia,Peso Corporal,normal,bf77c22c-f2d8-4ceb-b5ac-6e1a239218cc
835,835-fisio-tendao-de-aquiles-isometrico-em-ponta-de-pe.mp4,Fisio Tendão de Aquiles: isométrico em ponta de pé,Fisioterapia,Peso Corporal,normal,a54aad3c-6b05-4b45-af11-b2afb995fede
836,836-fisio-tornozelo-equilibrio-unipodal-progressivo.mp4,Fisio Tornozelo: equilíbrio unipodal progressivo,Fisioterapia,Peso Corporal,normal,09ad001c-44fc-4ec2-8239-bd8e3f48ceef
837,837-flexao-arqueiro.mp4,Flexão arqueiro,Peso Corporal,Peso Corporal,normal,c7149f43-4623-4d09-ad19-0da5a4e14cc9
838,838-flexao-de-braco.mp4,Flexão de braço,Peso Corporal,Peso Corporal,normal,68435077-73bf-4ad9-9f10-1cf1f7fe35b8
839,839-flexao-de-quadril-alternada-em-isometria-de-ponte.mp4,Flexão de Quadril Alternada em Isometria de Ponte,Quadríceps,Peso Corporal,normal,b363a4b2-f716-4930-87ed-8f1e46cb1348
840,840-flexao-de-quadril-em-ponte-core.mp4,Flexão de Quadril em ponte ( core ),Musculação,Peso Corporal,normal,196b92b9-5c58-4409-b17f-2254d72b33ab
841,841-flexao-declinada.mp4,Flexão declinada,Peso Corporal,Peso Corporal,normal,2ee6bb11-2dc0-4114-bdd0-3f8d7809d8f4
842,842-flexao-diamante.mp4,Flexão diamante,Peso Corporal,Peso Corporal,normal,c55cbb27-0165-4e4d-92e0-8dbde591f4ce
843,843-flexao-parada-de-mao-na-parede.mp4,Flexão parada de mão na parede,Peso Corporal,Peso Corporal,normal,cc4e5ace-2a48-4156-a647-7c4c7e21e6be
844,844-flexao-pliometrica-clap-push-up.mp4,Flexão pliométrica (clap push-up),Pliometria,Peso Corporal,normal,18f06415-9121-426e-8d5b-1fa120f92f07
845,845-flutter-kicks.mp4,Flutter kicks,Core,Peso Corporal,normal,bc110262-b13a-49be-820d-246d679ecda3
846,846-hanging-knee-raise.mp4,Hanging knee raise,Core,Peso Corporal,normal,f6907426-e6ec-4ceb-8e98-87cb733bc841
847,847-hanging-leg-raise.mp4,Hanging leg raise,Core,Peso Corporal,normal,194582f3-e357-495e-add5-e81bc1811378
848,848-hip-airplane.mp4,Hip airplane,Controle Motor,Peso Corporal,normal,cb79bb2f-7f23-4856-ac7e-d2a7c51ef292
849,849-hollow-hold.mp4,Hollow hold,Core,Peso Corporal,normal,aa18098a-e639-4618-9063-e760c9cebcae
850,850-hollow-rock.mp4,Hollow rock,Core,Peso Corporal,normal,2f67aed2-e788-4b85-a50d-093511dbd717
851,851-l-sit.mp4,L-sit,Core,Peso Corporal,normal,5a95b77a-59c8-4c94-8dc4-5557642ad0be
852,852-mcgill-curl-up.mp4,McGill curl-up,Core,Peso Corporal,normal,251d1f5f-6983-4a47-9935-f7fe71874bb5
853,853-mobilidade-de-punho-4-direcoes.mp4,Mobilidade de punho (4 direções),Mobilidade,Peso Corporal,normal,6601637d-61f2-40cd-ab2f-bc9aa45c7825
854,854-mobilidade-de-tornozelo-na-parede-knee-to-wall.mp4,Mobilidade de tornozelo na parede (knee-to-wall),Mobilidade,Peso Corporal,normal,2b64e2db-f402-4b68-ba0b-94182de8dea0
855,855-mountain-climbers.mp4,Mountain climbers,Core,Peso Corporal,normal,cc4885b7-5983-46eb-836f-4c31b8b2323c
856,856-open-book-rotacao-toracica-deitado.mp4,Open book (rotação torácica deitado),Mobilidade,Peso Corporal,normal,8d6f862b-694b-4ada-b84d-d51be3c0454c
857,857-pike-push-up.mp4,Pike push-up,Peso Corporal,Peso Corporal,normal,b470efe1-aeb5-4c1a-9752-e65790f33823
858,858-pistol-squat.mp4,Pistol squat,Peso Corporal,Peso Corporal,normal,24b1e69b-e3d3-45c1-8fd2-55356f6e87e9
859,859-pogo-jumps-saltinhos-no-lugar.mp4,Pogo jumps (saltinhos no lugar),Pliometria,Peso Corporal,normal,8c8ab66a-8995-4b9a-a16c-3a33d5548286
860,860-pogo-unipodal.mp4,Pogo unipodal,Pliometria,Peso Corporal,normal,6c8ad754-c524-47cd-944c-4103ba247fba
861,861-pombo-pigeon.mp4,Pombo (pigeon),Mobilidade,Peso Corporal,normal,0b31d071-9fba-4e25-b214-83e134c254d1
862,862-ponte-de-gluteo.mp4,Ponte de glúteo,Peso Corporal,Peso Corporal,normal,a5d763eb-d779-49bc-acd4-665438ab4e01
863,863-ponte-de-gluteo-unilateral.mp4,Ponte de glúteo unilateral,Peso Corporal,Peso Corporal,normal,a21397db-be10-492f-9e1b-42994ac9d79f
864,864-ponte-glutea.mp4,Ponte Glútea,glúteo,Peso Corporal,normal,9f5d985c-c6f5-4287-a448-b844600bdae3
865,865-power-skip-skip-de-altura-distancia.mp4,Power skip (skip de altura/distância),Performance,Peso Corporal,normal,0f84c8b6-3e2e-4433-a247-985c26c1af9f
866,866-prancha-cocoras.mp4,Prancha + Cócoras,Musculação,Peso Corporal,normal,85f9e6ce-592e-4eda-a9c6-79c2f828135f
867,867-prancha-alta.mp4,Prancha Alta,abdômen,Peso Corporal,normal,ee5bb2b7-7e27-470b-9fd2-9e924b0ebae0
868,868-prancha-alta-cadeia-cruzada-core.mp4,Prancha alta (Cadeia cruzada - Core),Musculação,Peso Corporal,normal,7a15e4ba-3866-4371-874d-25b7c94d9e1a
869,869-prancha-alta-com-flexao-de-quadril-e-joelho-na-bola.mp4,Prancha Alta com Flexão de Quadril e Joelho na Bola,abdômen,Peso Corporal,normal,fce5642a-088d-40e1-9779-0956e9ed0f99
870,870-prancha-bola.mp4,Prancha Bola,abdômen,Peso Corporal,normal,e8e07b80-c7bc-455f-b053-a9391e5ec052
871,871-prancha-bola-com-movimento-frente-e-tras.mp4,Prancha Bola com Movimento Frente e Trás,abdômen,Peso Corporal,normal,3552afdc-4a5a-49da-b7cb-222fe4044734
872,872-prancha-com-ativacao-de-serratil.mp4,Prancha com Ativação de Serrátil,abdômen,Peso Corporal,normal,b4d544e8-9879-4b6d-9b8f-06a24fa4b894
873,873-prancha-com-extensao-de-quadril-alternada.mp4,Prancha com Extensão de Quadril Alternada,abdômen,Peso Corporal,normal,0cb9e0ab-92ab-4a98-9f1b-98601d9dac5e
874,874-prancha-com-extensao-de-quadril-unilateral.mp4,Prancha com Extensão de Quadril Unilateral,abdômen,Peso Corporal,normal,d9b00932-87f9-48f1-b8f4-6e7aa4588b28
875,875-prancha-com-toque-de-ombro.mp4,Prancha com toque de ombro,Core,Peso Corporal,normal,41a50d5e-42ac-46fc-9930-d3c5c51713c5
876,876-prancha-de-copenhagen.mp4,Prancha de Copenhagen,adutores,Peso Corporal,normal,91084dd1-b0b2-48f7-8365-0bab87218fa6
877,877-prancha-de-copenhagen-dinamica.mp4,Prancha de Copenhagen Dinâmica,adutores,Peso Corporal,normal,77ecd1af-2960-4c99-b26a-dcfff9f66cdc
878,878-prancha-de-copenhagen-flexionada.mp4,Prancha de Copenhagen Flexionada,adutores,Peso Corporal,normal,123d1913-6722-412a-9644-98fe62ca2129
879,879-prancha-inversa.mp4,Prancha inversa,Musculação,Peso Corporal,normal,5fbca827-2419-41b2-bb66-2492a472be9b
880,880-prancha-inversa-flexao-de-quadril-alternada.mp4,Prancha inversa + flexão de quadril alternada,Musculação,Peso Corporal,normal,8760c798-2f49-403e-8660-ad7c12729d5f
881,881-prancha-lateral.mp4,Prancha Lateral,abdômen,Peso Corporal,normal,44f1aea6-0474-49fb-ad57-2092f121036f
882,882-prancha-lateral.mp4,Prancha lateral,Core,Peso Corporal,normal,973b1aee-c058-4635-a8bd-f74740c55c13
883,883-prancha-lateral-abducao-isometrica.mp4,Prancha Lateral + Abdução Isométrica,Musculação,Peso Corporal,normal,cbede972-bc03-4bbb-b665-6ae95e0c0016
884,884-prancha-lateral-ostrinha.mp4,Prancha lateral + Ostrinha,Musculação,Peso Corporal,normal,4145eb23-d052-43f3-a187-e0775d415ba2
885,885-prancha-lateral-pressao-na-bola.mp4,Prancha Lateral + pressão na Bola,Musculação,Peso Corporal,normal,65ec923f-0020-4f2c-8c09-d89104d0cf12
886,886-prancha-lateral-com-abducao-de-quadril-isometrica.mp4,Prancha Lateral com Abdução de Quadril Isométrica,abdômen,Peso Corporal,normal,a53b70fb-7cda-4018-8b55-68a6e9aa5d0a
887,887-prancha-lateral-com-elevacao-de-quadril.mp4,Prancha lateral com elevação de quadril,Core,Peso Corporal,normal,c210591d-1ee6-451f-b28d-7c02e72f1fa2
888,888-prancha-lateral-com-rotacao-toracica.mp4,Prancha Lateral com Rotação Torácica,abdômen,Peso Corporal,normal,0bcfd332-2862-41db-9e34-c45773a0ff85
889,889-prancha-lateral-em-abducao-isometrica-c-calcanhares-unidos.mp4,Prancha Lateral em Abdução Isométrica c/ Calcanhares Unidos,Quadríceps,Peso Corporal,normal,59a78a41-600c-46e6-99eb-5f07b9063db9
890,890-prancha-na-bola-mexendo-caldeirao.mp4,Prancha na Bola Mexendo Caldeirão,abdômen,Peso Corporal,normal,134d2973-68a1-4a41-99a1-5887538cb220
891,891-prancha-toque-de-ombros-cruzado.mp4,Prancha Toque de Ombros Cruzado,abdômen,Peso Corporal,normal,d5462d44-a75c-4178-8d7c-1df92850cfd2
892,892-prancha-up-down-antebraco-mao.mp4,Prancha up-down (antebraço-mão),Core,Peso Corporal,normal,2f48e086-0b50-4ba8-a94c-f8ff3af23dbd
893,893-quadruped-rock-back.mp4,Quadruped rock back,Controle Motor,Peso Corporal,normal,76467db3-e397-4cb0-a1cb-3bb4fb2cf339
894,894-reverse-crunch.mp4,Reverse crunch,Core,Peso Corporal,normal,9f1d3660-5d1a-4166-ad4e-b3fe4f53be8b
895,895-rolamento-segmentar-segmental-rolling.mp4,Rolamento segmentar (segmental rolling),Controle Motor,Peso Corporal,normal,112992f6-3db1-4aae-a972-8d2962126dcf
896,896-rotacao-toracica-quadrupede.mp4,Rotação torácica quadrupede,Mobilidade,Peso Corporal,normal,43d04bdc-4c4c-49d6-aed4-453d6f4c09ef
897,897-russian-twist.mp4,Russian twist,Core,Peso Corporal,normal,2e2a7262-63ec-4cdc-a108-4b5322b35289
898,898-salto-e-estabiliza-unipodal-hop-and-stick.mp4,Salto e estabiliza unipodal (hop and stick),Estabilidade,Peso Corporal,normal,b83e923c-3a70-4469-9644-0004afdeb6be
899,899-salto-horizontal-e-estabiliza-broad-jump-to-stick.mp4,Salto horizontal e estabiliza (broad jump to stick),Performance,Peso Corporal,normal,b59d110f-5e01-4604-a67d-b6a4175d7c7d
900,900-salto-horizontal-reativo-broad-jump-rebote.mp4,Salto horizontal reativo (broad jump rebote),Performance,Peso Corporal,normal,f9b158a0-ac31-488b-9b5d-c042c51a22e2
901,901-salto-lateral-lateral-bound.mp4,Salto lateral (lateral bound),Pliometria,Peso Corporal,normal,211b5f49-9fa8-4931-9f53-c1873cfa6ad5
902,902-saltos-reativos-laterais.mp4,Saltos reativos laterais,Performance,Peso Corporal,normal,5036af96-6876-4559-a9d8-3108a7e5d300
903,903-saltos-unipodais-para-frente-progressao.mp4,Saltos unipodais para frente (progressão),Pliometria,Peso Corporal,normal,455db455-2899-4631-a539-023a2c75b90a
904,904-skater-jumps-saltos-de-patinador.mp4,Skater jumps (saltos de patinador),Pliometria,Peso Corporal,normal,7db05819-02d7-4f3a-8677-383c91fac948
905,905-skipping-alto.mp4,Skipping alto,Pliometria,Peso Corporal,normal,8be87651-fa98-4855-8a76-665f44971cc6
906,906-spiderman-lunge-com-rotacao.mp4,Spiderman lunge com rotação,Mobilidade,Peso Corporal,normal,3e5eab60-1953-4ec7-a4c3-33b67a4026e6
907,907-squat-jump-salto-agachado.mp4,Squat jump (salto agachado),Pliometria,Peso Corporal,normal,043bc675-86a6-42d2-92eb-01ee6f309008
908,908-toe-taps-deitado-core-control.mp4,Toe taps deitado (core control),Controle Motor,Peso Corporal,normal,c8086a56-54a1-4ece-ba4c-508eab361518
909,909-toes-to-bar.mp4,Toes to bar,Core,Peso Corporal,normal,2aaadd16-0981-4952-a86b-a0f55577bde1
910,910-triple-extension-drill-triplice-extensao.mp4,Triple extension drill (tríplice extensão),Performance,Peso Corporal,normal,fe17cc30-418b-4708-adf6-b8d9cefcdadc
911,911-tuck-jump-joelhos-ao-peito.mp4,Tuck jump (joelhos ao peito),Pliometria,Peso Corporal,normal,9634cfc8-a6d2-4571-ac2e-0e8e4a34cf4d
912,912-v-up.mp4,V-up,Core,Peso Corporal,normal,a3ad2cdb-f8e7-4f09-9312-25e7ecf476bd
913,913-wall-ankling-tornozelo-na-parede.mp4,Wall ankling (tornozelo na parede),Performance,Peso Corporal,normal,faa1019a-2bd5-411b-853a-e8ed2e49e996
914,914-wall-drive-continuo-rapido.mp4,Wall drive contínuo (rápido),Performance,Peso Corporal,normal,6dac4ab0-d5af-42ec-9dec-ea954a0387c1
915,915-wall-drive-duplo-2-trocas.mp4,Wall drive duplo (2 trocas),Performance,Peso Corporal,normal,c93f9ae2-eca7-4cde-a34a-c4bed7f95087
916,916-wall-drive-marcha-1-troca.mp4,Wall drive marcha (1 troca),Performance,Peso Corporal,normal,c2d07de8-c924-44d1-94b4-7338d2a5c4f4
917,917-wall-slide-controle-escapular.mp4,Wall slide (controle escapular),Controle Motor,Peso Corporal,normal,065e621b-2ba9-4332-9dee-fb3806b11545
918,918-wall-slides-deslizar-na-parede.mp4,Wall slides (deslizar na parede),Ativação,Peso Corporal,normal,1f396e9a-d008-4d23-9149-2d9edd8688d5
919,919-worlds-greatest-stretch.mp4,Worlds greatest stretch,Mobilidade,Peso Corporal,normal,b882b52e-1c17-4d1d-b743-6a65fa57ae3e
920,920-ab-wheel-rollout.mp4,Ab wheel rollout,Core,Roda Abdominal,normal,db1a5e49-0a06-41b1-94e2-41a1b83d5c74
921,921-sandbag-carry.mp4,Sandbag carry,Funcional,Sandbag,normal,d3bef183-9c48-44db-b1b0-041e549b43ca
922,922-fisio-posterior-leg-curl-deslizante-slider.mp4,Fisio Posterior: leg curl deslizante (slider),Fisioterapia,Slider,ALTA,25c200e9-f296-4a5b-b774-38eda193f832
923,923-pistol-squat-assistido.mp4,Pistol squat assistido,Peso Corporal,TRX/Suspensão,normal,26f53a45-0947-40a6-a2b5-5c7fd7fe3b5c
924,924-prancha-com-pes-no-trx.mp4,Prancha com pés no TRX,Estabilidade,TRX/Suspensão,normal,185147fa-6622-4a7d-a7f2-cc61dffe2c45
925,925-rollout-no-trx.mp4,Rollout no TRX,Core,TRX/Suspensão,normal,c1ada640-8bbf-4d6d-b130-d1ded4519a92
926,926-fisio-punho-wrist-roller-enrolar-carga.mp4,Fisio Punho: wrist roller (enrolar carga),Fisioterapia,Wrist Roller,ALTA,48dcb2de-b391-4512-8571-03db99f5f5d9
