"exercise_id","exercise_name","reconciliation_status","legacy_names","legacy_sources"
"00569022-ffe4-4592-8552-813653b3a4f6","4 exercícios da fisio","new","",""
"00b81946-db35-47cd-bf26-e580a5b0410c","Fisio Cotovelo: Tyler twist com flexbar","unchanged","Fisio Cotovelo: Tyler twist com flexbar","docs/prescription/library-curation-v1-catalog-delta.csv"
"0197410d-5f04-4c31-8b1c-7599f49e6774","Along. Adutores Unilateral Estendido","unchanged","Along. Adutores Unilateral Estendido","docs/prescription/library-curation-v1-catalog-delta.csv"
"01dd0e4a-ac88-4009-908e-7b5a8495d52e","Fisio Tornozelo: hop and stick (resposta a carga)","unchanged","Fisio Tornozelo: hop and stick (resposta a carga)","docs/prescription/library-curation-v1-catalog-delta.csv"
"0217ae0c-3e89-4082-addc-054ab599055b","Abdução na parede com mini band","new","",""
"02405dab-c29d-4179-9f75-1891c5f2207f","Flexão de quadril alternada mini band em ISO isquiotibiais/gluteo","new","",""
"02a99ab3-c126-4832-9718-2dd717e7ba82","Abdução em Prancha Lateral c/ Joelhos Flexionados","new","",""
"02b41ea3-d381-4c67-baec-67c4998ba7a8","Afundo Smith 2 Steps","unchanged","Afundo Smith 2 Steps","docs/prescription/library-curation-v1-consolidated-manifest.csv"
"03800c6a-d574-49ae-8cda-06904e196e47","Saltos Verticais Contínuos","new","",""
"03913dfa-9d5c-44b5-9e92-325a1697cc19","Stiff Abduzido Halteres","unchanged","Stiff Abduzido Halteres","docs/prescription/library-curation-v1-consolidated-manifest.csv"
"03a0f23f-cab8-41ad-9c51-5b5f928ec103","Box jump","unchanged","Box jump","docs/prescription/library-curation-v1-catalog-delta.csv"
"043b569d-b13d-4ff7-9d4e-a552ff9d85ef","Tríceps Testa Barra Banco Reto","unchanged","Tríceps Testa Barra Banco Reto","docs/prescription/library-curation-v1-catalog-delta.csv"
"043bc675-86a6-42d2-92eb-01ee6f309008","Squat jump (salto agachado)","unchanged","Squat jump (salto agachado)","docs/prescription/library-curation-v1-catalog-delta.csv"
"04403333-4324-4ff1-b7e3-64553fd0d142","Terra Barra Hexagonal","new","",""
"05048a2c-12db-4807-8f9c-38b06233c1f5","Passada Lateral com Miniband","unchanged","Passada Lateral com Miniband","docs/prescription/library-curation-v1-catalog-delta.csv"
"054f9822-2e74-46ba-b97d-23cf1823baf9","Triset Panturrilha com Rotação","unchanged","Triset Panturrilha com Rotação","docs/prescription/library-curation-v1-catalog-delta.csv"
"057059ab-07fe-45af-b2ba-a1b9533ea547","Mobilidade de quadril-adutores/post","new","",""
"05f95cd1-0819-458e-ba2a-f4431d7816e5","Supino Reto Máquina","unchanged","Supino Reto Máquina","docs/prescription/library-curation-v1-consolidated-manifest.csv"
"0628f8ba-73d5-49e9-a802-bc1825680ecf","Encolhimento Halter","unchanged","Encolhimento Halter","docs/prescription/library-curation-v1-catalog-delta.csv"
"065e621b-2ba9-4332-9dee-fb3806b11545","Wall slide (controle escapular)","unchanged","Wall slide (controle escapular)","docs/prescription/library-curation-v1-catalog-delta.csv"
"0681e77e-1e7f-4d90-8bf9-61b0b96755da","A-bounds (skip saltado)","unchanged","A-bounds (skip saltado)","docs/prescription/library-curation-v1-catalog-delta.csv"
"069009fe-c5ed-4edd-b018-c247ca09675f","Slam ball lateral","unchanged","Slam ball lateral","docs/prescription/library-curation-v1-catalog-delta.csv"
"069596e0-f5a3-4f6e-82e7-b0e3fec2e9e4","Along. Peitoral Unilateral Espaldar","unchanged","Along. Peitoral Unilateral Espaldar","docs/prescription/library-curation-v1-catalog-delta.csv"
"06edd293-b856-47c0-ae91-8e1cc523688f","Along. Posterior Bilateral em Pé","unchanged","Along. Posterior Bilateral em Pé","docs/prescription/library-curation-v1-consolidated-manifest.csv"
"07f6ad25-885b-409c-8008-af86cf871028","Fisio Tendão patelar: HSR cadeira extensora (3s/3s)","unchanged","Fisio Tendão patelar: HSR cadeira extensora (3s/3s)","docs/prescription/library-curation-v1-catalog-delta.csv"
"085d0cbf-6038-42ef-92b4-f906843c667b","Remada Cavalinho Pronada","unchanged","Remada Cavalinho Pronada","docs/prescription/library-curation-v1-catalog-delta.csv"
"08603e8e-f8c7-48f2-a0b4-3572a685314c","Prancha Empurrar / Puxar","new","",""
"0864ae00-8b2d-4956-b7ae-b58ccd7b1747","Concha (clamshell) com banda","unchanged","Concha (clamshell) com banda","docs/prescription/library-curation-v1-catalog-delta.csv"
"08df4e08-7871-4212-aaa8-b9dc2807e2dd","Pallof press na polia","unchanged","Pallof press na polia","docs/prescription/library-curation-v1-catalog-delta.csv"
"08e6f9c6-3798-4615-a6b9-6961a1de0d01","Fisio Ombro: rotação externa com banda","unchanged","Fisio Ombro: rotação externa com banda","docs/prescription/library-curation-v1-catalog-delta.csv"
"095abe10-f515-4eb8-9d12-ef8a41c6afaf","Abdução de Quadril em Prancha Lateral","unchanged","Abdução de Quadril em Prancha Lateral","docs/prescription/library-curation-v1-catalog-delta.csv"
"09945798-7bca-42c3-a51e-bdc9a34cc33c","Liberação de glúteo no foam roll","unchanged","Liberação de glúteo no foam roll","docs/prescription/library-curation-v1-catalog-delta.csv"
"09ad001c-44fc-4ec2-8239-bd8e3f48ceef","Fisio Tornozelo: equilíbrio unipodal progressivo","unchanged","Fisio Tornozelo: equilíbrio unipodal progressivo","docs/prescription/library-curation-v1-catalog-delta.csv"
"0a011510-cb86-42bd-b96b-692c38e3ee4c","Remada Polia Média Corda","unchanged","Remada Polia Média Corda","docs/prescription/library-curation-v1-consolidated-manifest.csv"
"0a136fd6-d641-4e21-be1c-dfd2f614b8cc","Paralela Inclinada para Peitoral","unchanged","Paralela Inclinada para Peitoral","docs/prescription/library-curation-v1-consolidated-manifest.csv"
"0a379d97-b76e-45f9-99b9-7fe1ad2298d6","Wall Drill Propulsão Diagonal","new","",""
"0b31d071-9fba-4e25-b214-83e134c254d1","Pombo (pigeon)","unchanged","Pombo (pigeon)","docs/prescription/library-curation-v1-catalog-delta.csv"
"0b50f141-a549-42f1-b2e2-9ef826798af8","Avanço com Halteres (afundo)","new","",""
"0b750f44-3c98-4a5a-8cde-3ea11dd2bf61","Fisio Cervical: flexores profundos do pescoço","unchanged","Fisio Cervical: flexores profundos do pescoço","docs/prescription/library-curation-v1-catalog-delta.csv"
"0b7f58e5-53ec-4b4d-9e15-11d7ca9d006c","Mobilidade de tornozelo/quadril","new","",""
"0bc88428-34f7-48c8-ac8e-ed3d235b109a","Manguito Externo","unchanged","Manguito Externo","docs/prescription/library-curation-v1-consolidated-manifest.csv"
"0bcfd332-2862-41db-9e34-c45773a0ff85","Prancha Lateral com Rotação Torácica","unchanged","Prancha Lateral com Rotação Torácica","docs/prescription/library-curation-v1-catalog-delta.csv"
"0c061dfd-084f-4f5e-9aab-98119d30ed77","Remada Supinada Máquina","unchanged","Remada Supinada Máquina","docs/prescription/library-curation-v1-catalog-delta.csv"
"0c145a70-2e35-476a-ad40-2998fcb92be3","Power clean","unchanged","Power clean","docs/prescription/library-curation-v1-catalog-delta.csv"
"0c28726e-c6d5-4df2-9056-a0f0f8499264","Passada Barra","unchanged","Passada Barra","docs/prescription/library-curation-v1-consolidated-manifest.csv"
"0c6d0470-cc1d-4388-aec3-c86ebf4ab0b9","Remada Baixa Unilateral com Rotação","unchanged","Remada Baixa Unilateral com Rotação","docs/prescription/library-curation-v1-catalog-delta.csv"
"0cb9e0ab-92ab-4a98-9f1b-98601d9dac5e","Prancha com Extensão de Quadril Alternada","unchanged","Prancha com Extensão de Quadril Alternada","docs/prescription/library-curation-v1-catalog-delta.csv"
"0d3eb594-ecb2-43e7-b70d-a8b272db3a42","Tríceps Testa Halteres Banco 45","unchanged","Tríceps Testa Halteres Banco 45","docs/prescription/library-curation-v1-catalog-delta.csv"
"0d6195f9-ed85-427a-b60a-04e93dc6899a","Turkish get-up","unchanged","Turkish get-up","docs/prescription/library-curation-v1-catalog-delta.csv"
"0d8ff75a-5d94-4c9a-897d-fd155c83e0ca","Corrida","unchanged","Corrida","docs/prescription/library-curation-v1-catalog-delta.csv"
"0db0d50d-5d72-4ade-97f2-3ec1c64218d8","Remada Baixa Neutra","unchanged","Remada Baixa Neutra","docs/prescription/library-curation-v1-consolidated-manifest.csv"
"0dc85179-20cc-4046-8bbc-8425fbed95dc","Ponte de glúteo com mini band","unchanged","Ponte de glúteo com mini band","docs/prescription/library-curation-v1-catalog-delta.csv"
"0ddd9b9e-4d85-469c-b6db-3c4ea5a3c52a","Mobilidade de Torácica","new","",""
"0e59ded2-d50d-44d4-a985-97352e1022e5","Bound unipodal (single-leg bound)","unchanged","Bound unipodal (single-leg bound)","docs/prescription/library-curation-v1-catalog-delta.csv"
"0e741d22-0879-4e6b-9e31-ed2dc4f5d974","Wall Drill Diagonal Reativo","new","",""
"0ec7c2d3-0455-412e-9754-d66bc36b63ac","Abdominal Canivete","unchanged","Abdominal Canivete","docs/prescription/library-curation-v1-catalog-delta.csv"
"0f30810b-4750-47ca-a7a7-5b01d906119e","Dumbbell push press","new","",""
"0f40befe-bf63-4884-b88a-37ebf683386a","Supino Reto Smith","unchanged","Supino Reto Smith","docs/prescription/library-curation-v1-consolidated-manifest.csv"
"0f840a33-cbf4-49f7-abc0-f999cc801301","Pallor press - Anti extensão/flexão","new","",""
"0f84c8b6-3e2e-4433-a247-985c26c1af9f","Power skip (skip de altura/distância)","unchanged","Power skip (skip de altura/distância)","docs/prescription/library-curation-v1-catalog-delta.csv"
"1022b48e-678a-4bb8-88b0-765bf9a189de","Remada Cavalinho Neutra","unchanged","Remada Cavalinho Neutra","docs/prescription/library-curation-v1-catalog-delta.csv"
"107cb28d-341d-4245-9bff-e687398d7c88","SL 2DB Box Clean","new","",""
"10b412af-1efc-49ad-b38d-f62c5a09c0d9","Aterrissagem de caixa (box drop landing)","unchanged","Aterrissagem de caixa (box drop landing)","docs/prescription/library-curation-v1-catalog-delta.csv"
"10bc07ad-3778-4967-9c7f-e9eff2993ccf","Stiff com Barra Reta ( Romanian Deadlift )","new","",""
"10d2d0e8-d39c-41cd-ae06-46f0a56a3dde","Med ball overhead slam (arremesso acima ao solo)","unchanged","Med ball overhead slam (arremesso acima ao solo)","docs/prescription/library-curation-v1-catalog-delta.csv"
"112992f6-3db1-4aae-a972-8d2962126dcf","Rolamento segmentar (segmental rolling)","unchanged","Rolamento segmentar (segmental rolling)","docs/prescription/library-curation-v1-catalog-delta.csv"
"1173e1a7-fa43-4cd2-a1fd-811419b9e7d2","Supino Fechado Barra","unchanged","Supino Fechado Barra","docs/prescription/library-curation-v1-consolidated-manifest.csv"
"11adc894-e6fd-4fcb-8c6c-f6742ff643c3","Stiff Uni + elástico ( ativação pé )","new","",""
"11cc5dbc-403b-4ccb-9c06-cc93d225c09b","Remada aberta Smith/Barra","new","",""
"1237c3d4-1244-480c-9261-034036833851","Depth jump (salto em profundidade)","unchanged","Depth jump (salto em profundidade)","docs/prescription/library-curation-v1-catalog-delta.csv"
"123d1913-6722-412a-9644-98fe62ca2129","Prancha de Copenhagen Flexionada","unchanged","Prancha de Copenhagen Flexionada","docs/prescription/library-curation-v1-catalog-delta.csv"
"124415c1-13d6-4df1-a464-96a66467db66","Elevação Frontal Neutra Alternada Em Pé","unchanged","Elevação Frontal Neutra Alternada Em Pé","docs/prescription/library-curation-v1-consolidated-manifest.csv"
"124d5562-a1fc-47ce-a3eb-c536dc0f6699","Rosca Spider Halteres","unchanged","Rosca Spider Halteres","docs/prescription/library-curation-v1-catalog-delta.csv"
"12aeb1ef-02d6-4210-b5a4-b495ca6fb3a7","Mobilidade de Quadril 2","new","",""
"132ed659-277c-4f83-b6d1-768271f8dc90","Fisio Joelho: agachamento isométrico (carga estática)","unchanged","Fisio Joelho: agachamento isométrico (carga estática)","docs/prescription/library-curation-v1-catalog-delta.csv"
"134d2973-68a1-4a41-99a1-5887538cb220","Prancha na Bola Mexendo Caldeirão","unchanged","Prancha na Bola Mexendo Caldeirão","docs/prescription/library-curation-v1-catalog-delta.csv"
"14a37bd7-2592-44fc-b429-d2f6aa272f6e","Fisio Joelho: extensão terminal de joelho (TKE) com banda","unchanged","Fisio Joelho: extensão terminal de joelho (TKE) com banda","docs/prescription/library-curation-v1-catalog-delta.csv"
"14d69ca0-70cd-4e54-bac6-02bd2731a20a","Liberação de panturrilha no foam roll","unchanged","Liberação de panturrilha no foam roll","docs/prescription/library-curation-v1-catalog-delta.csv"
"1528aefa-4644-48c9-a527-a5cab3f067f7","Bounds ( plio )","new","",""
"155881fb-85f7-4130-89a2-73b73143710d","Remada Polia Média Unilateral","unchanged","Remada Polia Média Unilateral","docs/prescription/library-curation-v1-catalog-delta.csv"
"15968ffd-1b58-4859-b181-a8b9485a853c","Elevação Lateral Halteres","unchanged","Elevação Lateral Halteres","docs/prescription/library-curation-v1-consolidated-manifest.csv"
"15970175-ecdc-42be-8d48-eed24c8db1a6","Pallof press com banda","unchanged","Pallof press com banda","docs/prescription/library-curation-v1-catalog-delta.csv"
"15e3ad55-f384-4e29-be43-b63cb85a9a5c","Remada Curvada Supinada Barra","unchanged","Remada Curvada Supinada Barra","docs/prescription/library-curation-v1-catalog-delta.csv"
"166260ad-3ebd-4718-8ef1-95598bf6f4a6","Terra com Barra Reta ( Deadlift )","new","",""
"1682b804-b531-426d-bb6b-93e5b9b7ceda","Afundo Smith","unchanged","Afundo Smith","docs/prescription/library-curation-v1-consolidated-manifest.csv"
"16945c86-3ad5-44fb-bfaf-e601ea1a5877","Arremesso rotacional com medicine ball","unchanged","Arremesso rotacional com medicine ball","docs/prescription/library-curation-v1-catalog-delta.csv"
"16aebaf1-7466-4583-806b-219c47f2245f","Mobilidade em ponte/Extensão","new","",""
"17161c04-540a-441c-9e03-8d9f9aae7b97","Abdominal Supra Solo","unchanged","Abdominal Supra Solo","docs/prescription/library-curation-v1-catalog-delta.csv"
"173e23bb-4e7b-484e-b740-304ed542bc76","Elevação Lateral Neutra Halteres","unchanged","Elevação Lateral Neutra Halteres","docs/prescription/library-curation-v1-consolidated-manifest.csv"
"17c7779c-adac-4f4b-8253-99aec7b94a10","CARs de ombro","unchanged","CARs de ombro","docs/prescription/library-curation-v1-catalog-delta.csv"
"18248fd8-94bb-46c6-a567-de54ce6103d7","Stiff Unilateral com Apoio","unchanged","Stiff Unilateral com Apoio","docs/prescription/library-curation-v1-consolidated-manifest.csv"
"1829097c-7ad7-40e0-840b-0fc087e79d0f","Remada com Peito no Banco Pronada","unchanged","Remada com Peito no Banco Pronada","docs/prescription/library-curation-v1-catalog-delta.csv"
"184049e0-c296-41b2-9742-96d416c0ca8a","Pull Over Unilateral Banco","new","",""
"185147fa-6622-4a7d-a7f2-cc61dffe2c45","Prancha com pés no TRX","unchanged","Prancha com pés no TRX","docs/prescription/library-curation-v1-catalog-delta.csv"
"18ca2f96-e70f-4428-b5d6-e20804eb193a","Afundo Halteres com Step na Frente","unchanged","Afundo Halteres com Step na Frente","docs/prescription/library-curation-v1-consolidated-manifest.csv"
"18f06415-9121-426e-8d5b-1fa120f92f07","Flexão pliométrica (clap push-up)","unchanged","Flexão pliométrica (clap push-up)","docs/prescription/library-curation-v1-catalog-delta.csv"
"191b67b9-e656-4ec4-bcc4-8041176133a9","Wall ball unilateral","unchanged","Wall ball unilateral","docs/prescription/library-curation-v1-catalog-delta.csv"
"1941c28d-39dc-45f1-b598-4e209e3a1628","CORE Medball deitado","new","",""
"194582f3-e357-495e-add5-e81bc1811378","Hanging leg raise","unchanged","Hanging leg raise","docs/prescription/library-curation-v1-catalog-delta.csv"
"196b92b9-5c58-4409-b17f-2254d72b33ab","Flexão de Quadril em ponte ( core )","new","",""
"199cac35-bfc9-4575-86b9-39b128337fa5","Remada Cavalinho Unilateral Neutra","unchanged","Remada Cavalinho Unilateral Neutra","docs/prescription/library-curation-v1-catalog-delta.csv"
"1a213f58-784c-4218-83fc-6e11a5666275","Flexora na Bola","unchanged","Flexora na Bola","docs/prescription/library-curation-v1-consolidated-manifest.csv"
"1a59f308-6143-4a7b-b1a1-92d08f1b0045","Fisio Ombro: rotação interna com banda","unchanged","Fisio Ombro: rotação interna com banda","docs/prescription/library-curation-v1-catalog-delta.csv"
"1a753479-4b74-43b2-8e75-1a9ace6d4b35","Biset Cadeira Abdutora 45 + 90","unchanged","Biset Cadeira Abdutora 45 + 90","docs/prescription/library-curation-v1-catalog-delta.csv"
"1aebf554-0bd2-42d6-a749-4070c77e128d","Stiff Belt Squat","unchanged","Stiff Belt Squat","docs/prescription/library-curation-v1-consolidated-manifest.csv"
"1aed1cd3-3781-4f5b-b1a6-cacef13b34f9","Bird dog com mini band","unchanged","Bird dog com mini band","docs/prescription/library-curation-v1-catalog-delta.csv"
"1c97bc1e-2dfe-4f83-b329-49ca21a8350a","Biset Extensora + Nórdico Reverso","unchanged","Biset Extensora + Nórdico Reverso","docs/prescription/library-curation-v1-consolidated-manifest.csv"
"1d5b69b5-9253-4a9f-b7cb-01703845ed08","Remada T Neutra","unchanged","Remada T Neutra","docs/prescription/library-curation-v1-catalog-delta.csv"
"1d8626a7-58e1-40d3-8ca8-396b57c233eb","Panturrilha em Pé Máquina","unchanged","Panturrilha em Pé Máquina","docs/prescription/library-curation-v1-catalog-delta.csv"
"1dba3d51-da68-44a7-a720-f7caf0c36cd2","Rosca Scott Unilateral Neutra Halter","unchanged","Rosca Scott Unilateral Neutra Halter","docs/prescription/library-curation-v1-catalog-delta.csv"
"1dfa63ac-6191-49f8-984a-faffd7c2a5d3","Extensão de Quadril Máquina","unchanged","Extensão de Quadril Máquina","docs/prescription/library-curation-v1-catalog-delta.csv"
"1e780c54-cd0f-4b68-b1b3-d2fc2aeef576","Along. Peitoral Bilateral Espaldar","unchanged","Along. Peitoral Bilateral Espaldar","docs/prescription/library-curation-v1-catalog-delta.csv"
"1e9ca66e-a79c-4885-87f0-049742a63266","RDL Halteres","unchanged","RDL Halteres","docs/prescription/library-curation-v1-consolidated-manifest.csv"
"1f396e9a-d008-4d23-9149-2d9edd8688d5","Wall slides (deslizar na parede)","unchanged","Wall slides (deslizar na parede)","docs/prescription/library-curation-v1-catalog-delta.csv"
"1f9c9f42-ac95-4fee-9925-086f390c9ec8","Pliometria Plano Frontal Elevação","new","",""
"1fa8950a-6f9f-4c24-9115-b0cc25d6dddc","Sapinho Banco com Minband (Frog)","unchanged","Sapinho Banco com Minband (Frog)","docs/prescription/library-curation-v1-catalog-delta.csv"
"20c16979-e09d-4122-a3b5-0b6876dfe77a","Box jump com aterrissagem suave","unchanged","Box jump com aterrissagem suave","docs/prescription/library-curation-v1-catalog-delta.csv"
"211b5f49-9fa8-4931-9f53-c1873cfa6ad5","Salto lateral (lateral bound)","unchanged","Salto lateral (lateral bound)","docs/prescription/library-curation-v1-catalog-delta.csv"
"214ee928-dbb5-454c-b3e8-5ff5b49f2e97","Salto em profundidade unipodal","unchanged","Salto em profundidade unipodal","docs/prescription/library-curation-v1-catalog-delta.csv"
"21a15e45-12b2-49f8-bf06-daa21b0cb33f","Puxada Supinada Máquina","unchanged","Puxada Supinada Máquina","docs/prescription/library-curation-v1-catalog-delta.csv"
"21c97317-199d-400a-ad43-0a29179570ae","Rosca Direta Barra W","unchanged","Rosca Direta Barra W","docs/prescription/library-curation-v1-catalog-delta.csv"
"226fb390-f2fb-4477-9e58-22d6f873ad3c","Gluteo - rot ext - mini band","new","",""
"22a29009-6f64-406a-966f-253155bd5410","Rosca Direta Polia Corda","unchanged","Rosca Direta Polia Corda","docs/prescription/library-curation-v1-catalog-delta.csv"
"22b81e41-787c-467f-9cdf-73a3c26da25e","Flexão Aberta Smith","unchanged","Flexão Aberta Smith","docs/prescription/library-curation-v1-consolidated-manifest.csv"
"2345fdf0-2bb7-49c0-839d-1d1bfd3024f8","Levantamento Terra","unchanged","Levantamento Terra","docs/prescription/library-curation-v1-consolidated-manifest.csv"
"2440c002-d2bb-4a9a-bb38-8b45a58016fd","Tríceps Abdução Horizontal Unilateral Polia","unchanged","Tríceps Abdução Horizontal Unilateral Polia","docs/prescription/library-curation-v1-catalog-delta.csv"
"247a67e1-3dd4-45a3-9cf2-c423c37cf419","Remada Supinada Unilateral Máquina","unchanged","Remada Supinada Unilateral Máquina","docs/prescription/library-curation-v1-catalog-delta.csv"
"24b1e69b-e3d3-45c1-8fd2-55356f6e87e9","Pistol squat","unchanged","Pistol squat","docs/prescription/library-curation-v1-catalog-delta.csv"
"25117a38-de47-4604-aac1-c0cbf1b878a1","Mergulho em paralela (dips)","unchanged","Mergulho em paralela (dips)","docs/prescription/library-curation-v1-catalog-delta.csv"
"251d1f5f-6983-4a47-9935-f7fe71874bb5","McGill curl-up","unchanged","McGill curl-up","docs/prescription/library-curation-v1-catalog-delta.csv"
"2528f127-fd91-4f2e-a4aa-4e1f8290163e","Along. Quadríceps Unilateral em Pé","unchanged","Along. Quadríceps Unilateral em Pé","docs/prescription/library-curation-v1-catalog-delta.csv"
"253359b8-bda8-4506-8aaf-d922c1631cad","Coice de glúteo (kickback) com banda","unchanged","Coice de glúteo (kickback) com banda","docs/prescription/library-curation-v1-catalog-delta.csv"
"253a7e0f-63fc-43cb-b983-352bfb724549","Sumo Deadlift","new","",""
"258bfac0-5456-462d-8530-a8204af6b8f8","Glúteo Coice Polia Banco","unchanged","Glúteo Coice Polia Banco","docs/prescription/library-curation-v1-catalog-delta.csv"
"25c14693-7751-4ce7-ba27-ccbf02a2aa5e","Mobilidade Torácica Semiajoelhado","unchanged","Mobilidade Torácica Semiajoelhado","docs/prescription/library-curation-v1-catalog-delta.csv"
"25c200e9-f296-4a5b-b774-38eda193f832","Fisio Posterior: leg curl deslizante (slider)","unchanged","Fisio Posterior: leg curl deslizante (slider)","docs/prescription/library-curation-v1-catalog-delta.csv"
"2647a1f4-34d8-4667-a846-fd72eed9c2d6","Arremesso de peito com medicine ball","unchanged","Arremesso de peito com medicine ball","docs/prescription/library-curation-v1-catalog-delta.csv"
"26ac45b4-4a3c-49f4-a68e-20e87a00252a","Stiff Invertido Belt Squat","unchanged","Stiff Invertido Belt Squat","docs/prescription/library-curation-v1-consolidated-manifest.csv"
"26b210fb-57c9-455d-bff0-bd8ac58294fa","Tuck jumps contínuos reativos","unchanged","Tuck jumps contínuos reativos","docs/prescription/library-curation-v1-catalog-delta.csv"
"26f53a45-0947-40a6-a2b5-5c7fd7fe3b5c","Pistol squat assistido","unchanged","Pistol squat assistido","docs/prescription/library-curation-v1-catalog-delta.csv"
"275a185a-b011-4813-833f-a5a0854ab052","Elevação Lateral Unilateral Inclinada","unchanged","Elevação Lateral Unilateral Inclinada","docs/prescription/library-curation-v1-consolidated-manifest.csv"
"277c2674-93e2-4aac-aa67-1c8ee82d0c55","Flexão Aberta","unchanged","Flexão Aberta","docs/prescription/library-curation-v1-consolidated-manifest.csv"
"278dc519-6103-4b04-beac-31cf6cf12fb5","Pronação e Supinação Halteres","unchanged","Pronação e Supinação Halteres","docs/prescription/library-curation-v1-catalog-delta.csv"
"2813abd3-bfdd-40f5-a56f-de2cbaf384d7","Agachamento livre (air squat)","unchanged","Agachamento livre (air squat)","docs/prescription/library-curation-v1-catalog-delta.csv"
"286bfb30-d38a-4f8c-aa08-053f5b382db9","Prancha no bosu","unchanged","Prancha no bosu","docs/prescription/library-curation-v1-catalog-delta.csv"
"28b739a6-a902-4fd4-b08f-4141a7a8f2aa","Agachamento profundo isométrico (deep squat hold)","unchanged","Agachamento profundo isométrico (deep squat hold)","docs/prescription/library-curation-v1-catalog-delta.csv"
"29a4577b-cf14-4bbd-b480-472fd828e6db","Snatch Unipodal / Unilateral Halter","new","",""
"29fd7e63-ac61-4732-828a-9763f603984f","Drop to stick (queda da caixa e estabiliza)","unchanged","Drop to stick (queda da caixa e estabiliza)","docs/prescription/library-curation-v1-catalog-delta.csv"
"2a186779-bd91-4f24-b1d8-906713246fb0","Abdominal Infra Suspenso com Rotação","unchanged","Abdominal Infra Suspenso com Rotação","docs/prescription/library-curation-v1-catalog-delta.csv"
"2aa06234-f381-443e-98e1-79f597388da2","Deadlift Uni (controle motor)","new","",""
"2aaadd16-0981-4952-a86b-a0f55577bde1","Toes to bar","unchanged","Toes to bar","docs/prescription/library-curation-v1-catalog-delta.csv"
"2aba59cb-6e22-4e64-9b76-f931d0b7d069","Stiff B-Stance Halteres","unchanged","Stiff B-Stance Halteres","docs/prescription/library-curation-v1-consolidated-manifest.csv"
"2b544004-7438-4adf-8d5f-de505cb8d404","Pulldown Unilateral","unchanged","Pulldown Unilateral","docs/prescription/library-curation-v1-catalog-delta.csv"
"2b64e2db-f402-4b68-ba0b-94182de8dea0","Mobilidade de tornozelo na parede (knee-to-wall)","unchanged","Mobilidade de tornozelo na parede (knee-to-wall)","docs/prescription/library-curation-v1-catalog-delta.csv"
"2b6e19be-6b4d-44d6-af4b-04f7a09bef60","Abdominal Infra Solo","unchanged","Abdominal Infra Solo","docs/prescription/library-curation-v1-catalog-delta.csv"
"2d0b1d00-37fc-4deb-9687-3250edeeb87c","Rosca Banco 45 Neutra","unchanged","Rosca Banco 45 Neutra","docs/prescription/library-curation-v1-catalog-delta.csv"
"2d19a06f-d6ba-4dff-9008-eec8d337868d","liberação quadriceps com rolinho","new","",""
"2dbd7749-f70d-4021-b32c-79feb8e22e6e","Wall Ball Slide","unchanged","Wall Ball Slide","docs/prescription/library-curation-v1-consolidated-manifest.csv"
"2dd3779f-980f-47f4-bf8f-ea0a1a4ccf95","Elevação Pélvica Unilateral Banco","unchanged","Elevação Pélvica Unilateral Banco","docs/prescription/library-curation-v1-catalog-delta.csv"
"2e04727d-35b1-4053-8733-ed0cec7da94f","Cossack squat","unchanged","Cossack squat","docs/prescription/library-curation-v1-catalog-delta.csv"
"2e2a7262-63ec-4cdc-a108-4b5322b35289","Russian twist","unchanged","Russian twist","docs/prescription/library-curation-v1-catalog-delta.csv"
"2e7d04fe-0720-42d8-ba20-012045538d35","Manobra de Bracing","unchanged","Manobra de Bracing","docs/prescription/library-curation-v1-catalog-delta.csv"
"2e826822-0e02-42bb-986b-d7b32fe5ec62","Supino Reto Cross Over Banco 90","unchanged","Supino Reto Cross Over Banco 90","docs/prescription/library-curation-v1-consolidated-manifest.csv"
"2ea75295-c1ce-495f-9d59-e2f5e94d72b2","Biset Remada Baixa Pronada + Supinada","unchanged","Biset Remada Baixa Pronada + Supinada","docs/prescription/library-curation-v1-catalog-delta.csv"
"2ee6bb11-2dc0-4114-bdd0-3f8d7809d8f4","Flexão declinada","unchanged","Flexão declinada","docs/prescription/library-curation-v1-catalog-delta.csv"
"2eed525d-8e39-415a-bb28-461767276dd4","Fisio Tornozelo: dorsiflexão com banda","unchanged","Fisio Tornozelo: dorsiflexão com banda","docs/prescription/library-curation-v1-catalog-delta.csv"
"2f419825-0522-4400-9753-1c19673f90f9","Salto c/ contramovimento ( plio )","new","",""
"2f4377e5-6822-44b1-9d65-35bcdff31bf2","Abdominal Anti Rotação Polia Com Movimento","unchanged","Abdominal Anti Rotação Polia Com Movimento","docs/prescription/library-curation-v1-catalog-delta.csv"
"2f48e086-0b50-4ba8-a94c-f8ff3af23dbd","Prancha up-down (antebraço-mão)","unchanged","Prancha up-down (antebraço-mão)","docs/prescription/library-curation-v1-catalog-delta.csv"
"2f55744f-a768-4738-b6fd-665d3723123c","Mobilidade rot quadril ext int","new","",""
"2f67aed2-e788-4b85-a50d-093511dbd717","Hollow rock","unchanged","Hollow rock","docs/prescription/library-curation-v1-catalog-delta.csv"
"2fadbea7-8bca-4201-81ac-288aafd53b64","Step-up com elevação de joelho","unchanged","Step-up com elevação de joelho","docs/prescription/library-curation-v1-catalog-delta.csv"
"30e64625-661a-47cb-af8c-ca84d5a77a8f","Fisio Posterior: razor curl","unchanged","Fisio Posterior: razor curl","docs/prescription/library-curation-v1-catalog-delta.csv"
"310f9f12-1811-4fa5-a13e-0cda9957b22b","Aterrissagem unipodal com banda (perturbação)","unchanged","Aterrissagem unipodal com banda (perturbação)","docs/prescription/library-curation-v1-catalog-delta.csv"
"316c9693-ce56-4b3b-b31e-f4316f75e70c","Voador","unchanged","Voador","docs/prescription/library-curation-v1-consolidated-manifest.csv"
"3170d189-6ef3-4071-b80a-4ddf4f4a24e9","Largada resistida com banda (band start)","unchanged","Largada resistida com banda (band start)","docs/prescription/library-curation-v1-catalog-delta.csv"
"3315fa14-ef57-40ec-9dbc-305a9f6ecd80","Liberação de planta do pé com bolinha","unchanged","Liberação de planta do pé com bolinha","docs/prescription/library-curation-v1-catalog-delta.csv"
"33c3e734-d90b-4870-9958-d5d1c76870b3","Thruster com KB Unilateral","new","",""
"33da3aa3-144d-4bf4-bf46-a5599b718270","Saltos no lugar (controle de aterrissagem)","unchanged","Saltos no lugar (controle de aterrissagem)","docs/prescription/library-curation-v1-catalog-delta.csv"
"344d933b-cd88-415c-ae69-649116c150c4","SL DB Box Snatch","new","",""
"34966f6e-48c5-4757-ac4a-d0c9d6c79d23","Supino Inclinado Smith com Dead Stop","unchanged","Supino Inclinado Smith com Dead Stop","docs/prescription/library-curation-v1-consolidated-manifest.csv"
"3552afdc-4a5a-49da-b7cb-222fe4044734","Prancha Bola com Movimento Frente e Trás","unchanged","Prancha Bola com Movimento Frente e Trás","docs/prescription/library-curation-v1-catalog-delta.csv"
"35bb19e6-e1df-4cec-85ea-47ba4420796e","Mobilidade 90-90 Rot. Externa","new","",""
"35d9b280-868c-4500-945f-5094f7e2ff43","Aterrissagem lateral e estabiliza","unchanged","Aterrissagem lateral e estabiliza","docs/prescription/library-curation-v1-catalog-delta.csv"
"35f2868b-140e-489b-aaa1-44659a4b4a04","Puxada Neutra Unilateral com Giro","unchanged","Puxada Neutra Unilateral com Giro","docs/prescription/library-curation-v1-catalog-delta.csv"
"36377d3a-12e3-4ff1-ba6c-8d378dff2d77","Along. Peitoral Menor","unchanged","Along. Peitoral Menor","docs/prescription/library-curation-v1-catalog-delta.csv"
"36443e8b-29ac-4e42-b232-f8067208ef20","Fisio Ombro: serratus punch","unchanged","Fisio Ombro: serratus punch","docs/prescription/library-curation-v1-catalog-delta.csv"
"3698ab9b-bf41-4619-bb02-746098528036","Hurdle hops reativos (rebote rápido)","unchanged","Hurdle hops reativos (rebote rápido)","docs/prescription/library-curation-v1-catalog-delta.csv"
"36f9b012-2d66-48ca-84bf-154d2439ebfb","Wall drive isométrico (posição de aceleração)","unchanged","Wall drive isométrico (posição de aceleração)","docs/prescription/library-curation-v1-catalog-delta.csv"
"380a94d4-ddc7-48ff-8b7d-9eab07f270ed","Rosca Alternada com Giro","unchanged","Rosca Alternada com Giro","docs/prescription/library-curation-v1-catalog-delta.csv"
"382952cd-532d-4096-b056-38a682891a43","Fisio Punho: desvio radial/ulnar com peso","unchanged","Fisio Punho: desvio radial/ulnar com peso","docs/prescription/library-curation-v1-catalog-delta.csv"
"384c7931-f1ee-4259-a893-85a554c852b7","Along. Hiperextensão Rolinho","unchanged","Along. Hiperextensão Rolinho","docs/prescription/library-curation-v1-catalog-delta.csv"
"38686cfa-22ae-4500-8155-89ff18544a34","Fisio Tornozelo: inversão/eversão com banda","unchanged","Fisio Tornozelo: inversão/eversão com banda","docs/prescription/library-curation-v1-catalog-delta.csv"
"386edcd5-cc32-45d2-b065-db84adf8ada1","Leg Press Horizontal Unilateral","unchanged","Leg Press Horizontal Unilateral","docs/prescription/library-curation-v1-consolidated-manifest.csv"
"38a69b08-2a5f-41a2-a635-46009fb9f8f9","Complex controle motor (Stiff uni + overhead knee drive + afundo)","new","",""
"399b6084-25de-43ca-827c-20d746c0dbe0","Dead bug de ativação","unchanged","Dead bug de ativação","docs/prescription/library-curation-v1-catalog-delta.csv"
"39a9d0bc-1aaf-4838-a14d-4e516b15d075","Biset Tríceps Polia + Testa Polia Barra","unchanged","Biset Tríceps Polia + Testa Polia Barra","docs/prescription/library-curation-v1-catalog-delta.csv"
"39bfac54-b3c7-4b54-84f3-9aa88abffdf9","Resposta a carga ISO molinete","new","",""
"39cd91ca-af97-43a3-85ad-25d47721db10","Terra sumô","unchanged","Terra sumô","docs/prescription/library-curation-v1-catalog-delta.csv"
"39d4541e-109c-46ed-8a72-4936c8e320ba","Renegade row","unchanged","Renegade row","docs/prescription/library-curation-v1-catalog-delta.csv"
"3b123e3c-8ba7-4b27-9931-ac94f47bfc29","Glúteo Semiflexionado Polia Banco","unchanged","Glúteo Semiflexionado Polia Banco","docs/prescription/library-curation-v1-catalog-delta.csv"
"3b176d08-d9f9-46e2-a817-af77ad5768c1","Abdução de Quadril em Prancha Lateral com miniband","unchanged","Abdução de Quadril em Prancha Lateral com miniband","docs/prescription/library-curation-v1-catalog-delta.csv"
"3b59a032-f393-479c-b31f-e9059390c3da","Puxada Neutra Polia","unchanged","Puxada Neutra Polia","docs/prescription/library-curation-v1-consolidated-manifest.csv"
"3b90e2e4-187b-47d7-b862-647387e6271d","Fisio Joelho: agachamento declinado unipodal lento","unchanged","Fisio Joelho: agachamento declinado unipodal lento","docs/prescription/library-curation-v1-catalog-delta.csv"
"3b9332bf-bad7-4d78-9ca2-21d3f9c713f4","Flexão com deslocamento","new","",""
"3b94a40d-82de-4b73-8758-d7b722a9e771","Recuo Smith com Step na Frente","unchanged","Recuo Smith com Step na Frente","docs/prescription/library-curation-v1-consolidated-manifest.csv"
"3b990b66-f39e-4954-8d21-0b644fd67bb9","Elevação Frontal Neutra Sentado","unchanged","Elevação Frontal Neutra Sentado","docs/prescription/library-curation-v1-consolidated-manifest.csv"
"3bcfa19a-aad9-4cad-aae5-a11711f8d431","Graviton Neutro","unchanged","Graviton Neutro","docs/prescription/library-curation-v1-consolidated-manifest.csv"
"3bd15908-90de-4c6a-8c64-31ad3c75f845","Coice Polia Baixa","unchanged","Coice Polia Baixa","docs/prescription/library-curation-v1-catalog-delta.csv"
"3c9d3fa4-d90b-4a2c-9407-ca2c8e3135ef","Band walk frontal","new","",""
"3c9ef909-6f72-41af-9816-6919e032a286","Kettlebell snatch","unchanged","Kettlebell snatch","docs/prescription/library-curation-v1-catalog-delta.csv"
"3cc40978-bc88-4d1c-88b4-670d761db741","Tríceps Polia Corda","unchanged","Tríceps Polia Corda","docs/prescription/library-curation-v1-consolidated-manifest.csv"
"3da3626b-01f8-4fcd-bc73-281255db1d62","RDL B-Stance Barra","unchanged","RDL B-Stance Barra","docs/prescription/library-curation-v1-consolidated-manifest.csv"
"3e192862-ed2e-4063-b6f9-13b433844cf8","Agachamento Livre","unchanged","Agachamento Livre","docs/prescription/library-curation-v1-consolidated-manifest.csv"
"3e1d8c8d-fd9f-4546-8581-1a1936833624","Press anti-rotação meio-ajoelhado","unchanged","Press anti-rotação meio-ajoelhado","docs/prescription/library-curation-v1-catalog-delta.csv"
"3e5eab60-1953-4ec7-a4c3-33b67a4026e6","Spiderman lunge com rotação","unchanged","Spiderman lunge com rotação","docs/prescription/library-curation-v1-catalog-delta.csv"
"3f04c318-83f2-4e78-aee1-99ddd18849ef","Pré Plio Bilateral - Posição Atlética","new","",""
"3f384f30-1259-4e27-a7bf-70889243ac41","Mobilidade de Tornozelo","unchanged","Mobilidade de Tornozelo","docs/prescription/library-curation-v1-catalog-delta.csv"
"3f51e5c8-acca-4225-a233-6d2faa5e1366","Extensão de Quadril com Miniband","unchanged","Extensão de Quadril com Miniband","docs/prescription/library-curation-v1-catalog-delta.csv"
"3f5cdf00-8599-4997-a1b7-56056b335b67","Salto horizontal c/ contramovimento ( plio )","new","",""
"3f81fa4b-a113-47f6-b2b4-dcc419d94c3e","Fisio Quadril: hip hinge com bastão","unchanged","Fisio Quadril: hip hinge com bastão","docs/prescription/library-curation-v1-catalog-delta.csv"
"405d110e-8ca3-4fbc-a2ec-57f14f241ac0","Rotação externa de ombro com banda","unchanged","Rotação externa de ombro com banda","docs/prescription/library-curation-v1-catalog-delta.csv"
"40613578-d06a-4dd7-99a6-45cdd17ef021","Farmers carry","unchanged","Farmers carry","docs/prescription/library-curation-v1-catalog-delta.csv"
"40f6085e-6038-403a-9419-bc67731defea","Stiff Unilateral (Aviãozinho)","unchanged","Stiff Unilateral (Aviãozinho)","docs/prescription/library-curation-v1-consolidated-manifest.csv"
"41013fda-c824-4342-9f52-7f8d2dd0a54b","Panturrilha Unilateral Step/Degrau","unchanged","Panturrilha Unilateral Step/Degrau","docs/prescription/library-curation-v1-catalog-delta.csv"
"4145eb23-d052-43f3-a187-e0775d415ba2","Prancha lateral + Ostrinha","new","",""
"4161c89d-9db9-473f-97ca-acf4ac83b968","Passada Halteres","unchanged","Passada Halteres","docs/prescription/library-curation-v1-consolidated-manifest.csv"
"41733afe-1af1-444e-85da-91dbecaa2c1a","Mobilidade de Quadril foco em Adutores","unchanged","Mobilidade de Quadril foco em Adutores","docs/prescription/library-curation-v1-catalog-delta.csv"
"419b47e7-af8c-4b57-89c9-29def5e8688d","Elevação pélvica Unil","new","",""
"41a50d5e-42ac-46fc-9930-d3c5c51713c5","Prancha com toque de ombro","unchanged","Prancha com toque de ombro","docs/prescription/library-curation-v1-catalog-delta.csv"
"42588627-d820-450b-926a-9ac98957a792","Supino alternado pegada neutra","new","",""
"4262a5bb-6fe3-4b61-99d0-1f04c2a71b86","Drop Bilateral ( Frenagem )","new","",""
"430e38a3-2815-45b1-af80-712184dd17c2","Crucifixo Reto Halteres","unchanged","Crucifixo Reto Halteres","docs/prescription/library-curation-v1-consolidated-manifest.csv"
"43109c36-7ff8-468c-99c8-fed5c171132e","Hip thrust explosivo","unchanged","Hip thrust explosivo","docs/prescription/library-curation-v1-catalog-delta.csv"
"435d6ec2-ca0c-4d2a-9b52-26099d0d0736","Woodchop baixo-alto na polia","unchanged","Woodchop baixo-alto na polia","docs/prescription/library-curation-v1-catalog-delta.csv"
"4370ac29-8751-4de9-8765-d2c467c57353","Depth jump com rebote imediato","unchanged","Depth jump com rebote imediato","docs/prescription/library-curation-v1-catalog-delta.csv"
"43870805-9053-422a-b7e5-81c711089b90","Med ball chest throw deitado (supino explosivo)","unchanged","Med ball chest throw deitado (supino explosivo)","docs/prescription/library-curation-v1-catalog-delta.csv"
"43d04bdc-4c4c-49d6-aed4-453d6f4c09ef","Rotação torácica quadrupede","unchanged","Rotação torácica quadrupede","docs/prescription/library-curation-v1-catalog-delta.csv"
"44492ac7-de5a-4cba-ad7f-a7d8630de5cc","Cadeira Abdutora com Extensão de Quadril","unchanged","Cadeira Abdutora com Extensão de Quadril","docs/prescription/library-curation-v1-catalog-delta.csv"
"447d63e9-dfce-4e60-ba14-2a64ebd4fd00","Afundo (retrocesso) + overhead knee drive","new","",""
"44dc8b07-df32-4c35-b1aa-c016ff6f5362","Liberação de quadríceps no foam roll","unchanged","Liberação de quadríceps no foam roll","docs/prescription/library-curation-v1-catalog-delta.csv"
"44f1aea6-0474-49fb-ad57-2092f121036f","Prancha Lateral","unchanged","Prancha Lateral","docs/prescription/library-curation-v1-consolidated-manifest.csv"
"455db455-2899-4631-a539-023a2c75b90a","Saltos unipodais para frente (progressão)","unchanged","Saltos unipodais para frente (progressão)","docs/prescription/library-curation-v1-catalog-delta.csv"
"45912e02-399e-4442-8b13-365e834fab4b","Levantamento Terra Sumô","unchanged","Levantamento Terra Sumô","docs/prescription/library-curation-v1-consolidated-manifest.csv"
"462ab5a2-c923-4db3-a678-ca82d70e0585","Encolhimento Halter com Inclinação","unchanged","Encolhimento Halter com Inclinação","docs/prescription/library-curation-v1-catalog-delta.csv"
"464c9be0-8ddc-4690-8998-f2928bf31dc9","Fisio Joelho: wall sit isométrico","unchanged","Fisio Joelho: wall sit isométrico","docs/prescription/library-curation-v1-catalog-delta.csv"
"468b5bb5-dc72-4d40-b1d0-01063f2366ac","Torção de tronco em base Afundo Isométrico","new","",""
"46e562a9-783c-4654-a303-bbecf3b638b9","Rosca Inversa Polia Barra","unchanged","Rosca Inversa Polia Barra","docs/prescription/library-curation-v1-catalog-delta.csv"
"4722c027-4a82-4113-b7da-6e3ed5ae3bda","Mesa Flexora Unilateral","unchanged","Mesa Flexora Unilateral","docs/prescription/library-curation-v1-consolidated-manifest.csv"
"4732f2be-a67a-4931-a8a7-510109a10851","Drop Unilateral","new","",""
"4753f368-2ae5-40ca-9068-dd6622c25c7a","Slam ball rotacional","unchanged","Slam ball rotacional","docs/prescription/library-curation-v1-catalog-delta.csv"
"479eecd9-1642-4c4c-b9eb-b0a14f11af3a","Flexão de Punho Halteres","unchanged","Flexão de Punho Halteres","docs/prescription/library-curation-v1-catalog-delta.csv"
"4834bdde-5c05-47d1-94b3-9cdecd81fd62","Desenvolvimento Arnold Sentado","unchanged","Desenvolvimento Arnold Sentado","docs/prescription/library-curation-v1-consolidated-manifest.csv"
"48a26c01-b995-437a-9c6c-1a8fc1d6cc9e","Afundo (peso corporal)","unchanged","Afundo (peso corporal)","docs/prescription/library-curation-v1-catalog-delta.csv"
"48dcb2de-b391-4512-8571-03db99f5f5d9","Fisio Punho: wrist roller (enrolar carga)","unchanged","Fisio Punho: wrist roller (enrolar carga)","docs/prescription/library-curation-v1-catalog-delta.csv"
"48ece7af-de72-45c1-bdf4-27a7ff2f3209","Desenvolvimento Neutro em Pé","unchanged","Desenvolvimento Neutro em Pé","docs/prescription/library-curation-v1-consolidated-manifest.csv"
"48fdd2e6-1cad-42bf-8ebc-6099cc9d437e","Along. Dorsal Unilateral Espaldar","unchanged","Along. Dorsal Unilateral Espaldar","docs/prescription/library-curation-v1-catalog-delta.csv"
"490b2080-ea0b-40bf-85bc-8613544d4140","Stiff","unchanged","Stiff","docs/prescription/library-curation-v1-catalog-delta.csv"
"492b16f9-0ca8-4d87-a233-20a106b4a532","Bird dog","unchanged","Bird dog","docs/prescription/library-curation-v1-catalog-delta.csv"
"495e8cd8-c47b-4093-b6c1-774d6e78d2c1","Extensão de Quadril Banco Romano","unchanged","Extensão de Quadril Banco Romano","docs/prescription/library-curation-v1-catalog-delta.csv"
"498e22d2-7d0e-4698-a446-0c06d662b23f","Rosca Martelo Alternada Halteres","unchanged","Rosca Martelo Alternada Halteres","docs/prescription/library-curation-v1-catalog-delta.csv"
"49a466e8-8b75-499a-9595-b8c2dff6b6c4","Wall ball lateral","unchanged","Wall ball lateral","docs/prescription/library-curation-v1-catalog-delta.csv"
"49fbaae9-ff6f-468a-ad2b-c6c7ee357bfe","Nórdico","unchanged","Nórdico","docs/prescription/library-curation-v1-consolidated-manifest.csv"
"49ff3d8a-2107-402a-aac3-553af863775b","Med ball chest pass na parede","unchanged","Med ball chest pass na parede","docs/prescription/library-curation-v1-catalog-delta.csv"
"4a8b14bf-d7a8-422d-932a-63a3af07e453","Cadeira Flexora com Flexão de Quadril Unilateral","unchanged","Cadeira Flexora com Flexão de Quadril Unilateral","docs/prescription/library-curation-v1-consolidated-manifest.csv"
"4aba82e0-0c2a-4723-9a5c-929db6b67476","Med ball scoop toss (arremesso de baixo para frente)","unchanged","Med ball scoop toss (arremesso de baixo para frente)","docs/prescription/library-curation-v1-catalog-delta.csv"
"4b0b3925-7ba0-476a-b7a2-e2d06fef90bd","Biset Cadeira Abdutora 90 + Inclinada","unchanged","Biset Cadeira Abdutora 90 + Inclinada","docs/prescription/library-curation-v1-catalog-delta.csv"
"4b184b64-9581-43bb-bfb0-c081d373b5c1","Extensão da coluna com rolinho","new","",""
"4b47b4ab-0617-4698-acac-14469bd12fb0","DB Snatch (saída de Afundo)","new","",""
"4b71ea5c-aa1a-4cba-a87f-8197a924823f","Along. Reto Femoral Solo","unchanged","Along. Reto Femoral Solo","docs/prescription/library-curation-v1-catalog-delta.csv"
"4bbcaec9-1ed8-4365-8573-1894c5e2cec4","Wall drive com banda no quadril","unchanged","Wall drive com banda no quadril","docs/prescription/library-curation-v1-catalog-delta.csv"
"4bda1934-e7b7-4473-bb08-e64df17fe9ab","Cat-camel (gato-camelo)","unchanged","Cat-camel (gato-camelo)","docs/prescription/library-curation-v1-catalog-delta.csv"
"4bf7d5d1-9cd1-473a-9c48-5969aa7edec9","Agachamento Livre ( backsquat )","new","",""
"4c1d784b-f68b-4eb3-b6b8-962733b0d4a8","Dead bug","unchanged","Dead bug","docs/prescription/library-curation-v1-catalog-delta.csv"
"4c7c6ea2-a4b4-452f-9969-58c60221f0a1","Drop Jump Squat","new","",""
"4d624a0c-e3a0-40e7-9d2a-4f1b72584c61","Along. Posterior Bilateral Solo","unchanged","Along. Posterior Bilateral Solo","docs/prescription/library-curation-v1-consolidated-manifest.csv"
"4d6e1ebd-b611-4a8d-bee2-c16fa7a8b8a4","Elevação Lateral Inclinada Polia","unchanged","Elevação Lateral Inclinada Polia","docs/prescription/library-curation-v1-consolidated-manifest.csv"
"4da66eac-c9b9-4f03-bc6f-a69da1eba99f","Cadeira Abdutora 45","unchanged","Cadeira Abdutora 45","docs/prescription/library-curation-v1-catalog-delta.csv"
"4db43101-8c16-40ec-918c-fefdf8f2c02c","Hurdle hops unipodais","unchanged","Hurdle hops unipodais","docs/prescription/library-curation-v1-catalog-delta.csv"
"4dbab5a1-26ad-419a-b995-b1d96e6e90a4","Arremesso acima da cabeça com medicine ball","unchanged","Arremesso acima da cabeça com medicine ball","docs/prescription/library-curation-v1-catalog-delta.csv"
"4f30a215-6227-46f8-92a1-f7149eae8c60","Bicycle crunch","unchanged","Bicycle crunch","docs/prescription/library-curation-v1-catalog-delta.csv"
"4f44fac9-f032-48aa-a936-f088f8a76709","Tríceps Francês Em Pé","unchanged","Tríceps Francês Em Pé","docs/prescription/library-curation-v1-catalog-delta.csv"
"4f60051c-3bfa-41c8-9a1b-a4bacb4c4b70","Hurdle hops frontais","unchanged","Hurdle hops frontais","docs/prescription/library-curation-v1-catalog-delta.csv"
"4fa314e0-0e6d-45d0-991d-6e96945505c0","Woodchop alto-baixo na polia","unchanged","Woodchop alto-baixo na polia","docs/prescription/library-curation-v1-catalog-delta.csv"
"4fa767dc-338d-48f0-accc-9088900c2738","Rack Pulls Smith","unchanged","Rack Pulls Smith","docs/prescription/library-curation-v1-consolidated-manifest.csv"
"4fa9dd22-d57d-44a3-85cd-98310fe955ca","Med ball shot put (arremesso unilateral)","unchanged","Med ball shot put (arremesso unilateral)","docs/prescription/library-curation-v1-catalog-delta.csv"
"5021e362-3f0e-44fa-aed1-c9e10a2392c0","Supersquat Invertido","unchanged","Supersquat Invertido","docs/prescription/library-curation-v1-consolidated-manifest.csv"
"5036af96-6876-4559-a9d8-3108a7e5d300","Saltos reativos laterais","unchanged","Saltos reativos laterais","docs/prescription/library-curation-v1-catalog-delta.csv"
"506123c3-3d0d-4d4e-91a4-2e2363dd9280","RDL Barra","unchanged","RDL Barra","docs/prescription/library-curation-v1-consolidated-manifest.csv"
"509865d8-5b76-429d-bef8-3ae1b3f8b619","Mobilidade de Quadril","new","",""
"50ec90c8-f48d-421b-a38b-23e79a131e18","Step Up Smith","unchanged","Step Up Smith","docs/prescription/library-curation-v1-consolidated-manifest.csv"
"5112d74f-de07-4f65-86c1-9e2d0668d69f","Tríceps Francês Unilateral Halter","unchanged","Tríceps Francês Unilateral Halter","docs/prescription/library-curation-v1-catalog-delta.csv"
"5186ef9c-b985-415e-b303-3e4539a94a8a","Shoulder press uni em base afundo","new","",""
"51a51037-7277-48fd-8b61-559ec69b88b6","Pliometria Unilateral apoio Banco","new","",""
"522511bf-ecc7-4f48-97dc-2493e32d5299","Alongamento TFL","new","",""
"52b548b7-f772-46a7-b2c6-a52793d43a22","Saltos Horizontais Unilaterais Estabilizando","new","",""
"53377cb6-f755-4f49-ac76-e55e150835bb","Búlgaro com salto","new","",""
"5348bcf1-9421-493c-a7d9-74b5d89b828e","Flexora Unilateral com Caneleira","unchanged","Flexora Unilateral com Caneleira","docs/prescription/library-curation-v1-consolidated-manifest.csv"
"53548f57-bd76-48e6-8562-6b6333fab861","Flexora Unilateral em Pé","unchanged","Flexora Unilateral em Pé","docs/prescription/library-curation-v1-consolidated-manifest.csv"
"5371919c-fce9-4b92-b230-b782712f7e2c","Med ball arremesso reverso acima da cabeça","unchanged","Med ball arremesso reverso acima da cabeça","docs/prescription/library-curation-v1-catalog-delta.csv"
"53c8b9d0-82ce-4d29-8573-7a337a1da03e","Recuo Halteres","unchanged","Recuo Halteres","docs/prescription/library-curation-v1-consolidated-manifest.csv"
"546c6966-a182-41df-bf68-28efdc067995","Liberação de posterior de coxa no foam roll","unchanged","Liberação de posterior de coxa no foam roll","docs/prescription/library-curation-v1-catalog-delta.csv"
"54a3288a-01d2-412f-bf86-f2904b58cb91","Elevação Pélvica Barra","unchanged","Elevação Pélvica Barra","docs/prescription/library-curation-v1-catalog-delta.csv"
"54c4496f-bc84-41eb-a6f5-0e308642791d","Remada T Pronada","unchanged","Remada T Pronada","docs/prescription/library-curation-v1-catalog-delta.csv"
"54d5d585-9b45-4ece-ae2f-9acfed397591","Stiff Uni com anilha + knee drive (controle motor)","new","",""
"553c7283-a12a-4407-b23c-1498460c8e87","Agachamento Búlgaro Barra Livre","unchanged","Agachamento Búlgaro Barra Livre","docs/prescription/library-curation-v1-consolidated-manifest.csv"
"55c3a5c2-7d07-4f7b-9b3c-6343a526a376","Remada australiana (inverted row)","unchanged","Remada australiana (inverted row)","docs/prescription/library-curation-v1-catalog-delta.csv"
"55ca9bc7-e978-4bfd-a571-f87f50d21d95","Bound reativo com banda no quadril","unchanged","Bound reativo com banda no quadril","docs/prescription/library-curation-v1-catalog-delta.csv"
"561114a6-a613-4936-a51e-eda2cf36508b","Supino Declinado Barra","unchanged","Supino Declinado Barra","docs/prescription/library-curation-v1-consolidated-manifest.csv"
"5621889e-0fba-4c45-aa67-570bb685fe49","liberação do tibial com rolinho","new","",""
"5664e6f2-52fe-46d9-be5a-a8806703ad84","Ativação Escapular 4 Apoios","new","",""
"56c7b21c-1697-4f6b-9d73-02dd9f0d0f26","Rosca Concentrada","unchanged","Rosca Concentrada","docs/prescription/library-curation-v1-catalog-delta.csv"
"585b350c-bba4-433c-9830-e46be2af9175","Elevação de Quadril Solo com Miniband","unchanged","Elevação de Quadril Solo com Miniband","docs/prescription/library-curation-v1-catalog-delta.csv"
"58e1cae6-b85a-46d9-8639-291b23f0fbde","Push press","unchanged","Push press","docs/prescription/library-curation-v1-catalog-delta.csv"
"58fcfb7a-5b8a-4295-92ef-9b370c4d1b1e","Elevação Pélvica Unilateral Landmine","unchanged","Elevação Pélvica Unilateral Landmine","docs/prescription/library-curation-v1-catalog-delta.csv"
"592cf519-f2f5-4f82-9d10-8c2005851cbb","Puxada Pronada Máquina","unchanged","Puxada Pronada Máquina","docs/prescription/library-curation-v1-catalog-delta.csv"
"59a78a41-600c-46e6-99eb-5f07b9063db9","Prancha Lateral em Abdução Isométrica c/ Calcanhares Unidos","new","",""
"59a8c0a7-e25a-4f86-aedc-232ee1622301","Agachamento no Banco Smith","unchanged","Agachamento no Banco Smith","docs/prescription/library-curation-v1-consolidated-manifest.csv"
"59bd4068-be22-46ce-a004-52abe5dc3112","Wall drive 3 contatos","unchanged","Wall drive 3 contatos","docs/prescription/library-curation-v1-catalog-delta.csv"
"59de661a-23a1-41d3-9a1e-ee21d77401ae","Tríceps Francês Sentado","unchanged","Tríceps Francês Sentado","docs/prescription/library-curation-v1-catalog-delta.csv"
"5a700771-7bf1-4c3e-8397-072a0aa98c75","Elevação Lateral Polia","unchanged","Elevação Lateral Polia","docs/prescription/library-curation-v1-consolidated-manifest.csv"
"5a95b77a-59c8-4c94-8dc4-5557642ad0be","L-sit","unchanged","L-sit","docs/prescription/library-curation-v1-catalog-delta.csv"
"5b52b781-571c-4aca-99bf-e66c4a8ab4b4","Burpee box jump","unchanged","Burpee box jump","docs/prescription/library-curation-v1-catalog-delta.csv"
"5c3558f8-01c1-43a4-bf9b-0d6993c80b80","Supino Inclinado Halteres","unchanged","Supino Inclinado Halteres","docs/prescription/library-curation-v1-consolidated-manifest.csv"
"5c4f79d8-2927-4963-9539-ea65a0b978a9","Extensão Y-T","new","",""
"5c8f5515-ecca-4ef1-aded-d979645942ab","Mobilidade de Coluna","new","",""
"5c9a2f95-6d80-4535-bcbe-98e7d8f020b6","Fisio Quadril: abdução isométrica de glúteo médio","unchanged","Fisio Quadril: abdução isométrica de glúteo médio","docs/prescription/library-curation-v1-catalog-delta.csv"
"5d0985d2-a31d-46ff-9897-d916d74beb06","Supino Declinado Máquina","unchanged","Supino Declinado Máquina","docs/prescription/library-curation-v1-consolidated-manifest.csv"
"5d5060a7-43e2-40a8-afd4-d368d041375a","Band pull-apart","unchanged","Band pull-apart","docs/prescription/library-curation-v1-catalog-delta.csv"
"5dd42590-3103-4a4d-8716-bcbba23bd66c","Resposta a carga com controle de eversão","new","",""
"5e0d9df3-8d79-469c-8b16-e5e1d2e8f868","Afundo Unipodal - anilha contrapeso","new","",""
"5f12d59c-e9e4-4b5d-8014-587b8c9c286b","Along. Posterior Unilateral Solo","unchanged","Along. Posterior Unilateral Solo","docs/prescription/library-curation-v1-consolidated-manifest.csv"
"5f1491fa-432c-4bb5-a404-e9074fc79792","Sissy squat","unchanged","Sissy squat","docs/prescription/library-curation-v1-catalog-delta.csv"
"5f47cbe1-d1d6-4718-b2ab-938178db7758","Extensão de Quadril Cruzada Polia","unchanged","Extensão de Quadril Cruzada Polia","docs/prescription/library-curation-v1-catalog-delta.csv"
"5f51a4d4-44ee-45e1-89ac-ef44712b0c1e","RDL Unilateral","unchanged","RDL Unilateral","docs/prescription/library-curation-v1-consolidated-manifest.csv"
"5f69e25e-47af-4774-8ece-61066a4e2e47","Tríceps Unilateral Polia","unchanged","Tríceps Unilateral Polia","docs/prescription/library-curation-v1-catalog-delta.csv"
"5fbca827-2419-41b2-bb66-2492a472be9b","Prancha inversa","new","",""
"5fc77191-eb82-4f0f-ae09-5799929ad02f","Falling start sprint (queda e arranque)","unchanged","Falling start sprint (queda e arranque)","docs/prescription/library-curation-v1-catalog-delta.csv"
"5fe82ae3-0ef1-4006-8792-75303f84f1ec","Plank row (remada na prancha)","unchanged","Plank row (remada na prancha)","docs/prescription/library-curation-v1-catalog-delta.csv"
"6049e35c-75b7-49f5-8cf9-db5983757985","Abdominal Remador","unchanged","Abdominal Remador","docs/prescription/library-curation-v1-catalog-delta.csv"
"605f232f-a42a-42b1-a36d-7e2a884f3af9","Passadas com Halteres","new","",""
"606fe07b-7696-428d-91b3-012863ca5554","Desenvolvimento Arnold em Pé","unchanged","Desenvolvimento Arnold em Pé","docs/prescription/library-curation-v1-consolidated-manifest.csv"
"6073ee7c-1c0a-43b5-a70f-c13ddd0f1eca","Pallof press com passada","unchanged","Pallof press com passada","docs/prescription/library-curation-v1-catalog-delta.csv"
"614cd597-6d91-43ab-9ddf-ad438d084e1d","Abdominal Infra Banco Declinado","unchanged","Abdominal Infra Banco Declinado","docs/prescription/library-curation-v1-catalog-delta.csv"
"6163ca32-b640-4c24-aa1f-860ca50be982","Remada curvada com barra","unchanged","Remada curvada com barra","docs/prescription/library-curation-v1-catalog-delta.csv"
"6175a7d8-333d-4e09-a539-1ea6b13e1b81","Abdominal Máquina","unchanged","Abdominal Máquina","docs/prescription/library-curation-v1-catalog-delta.csv"
"619df5e8-b0fc-4229-ad64-b185e41903ee","Cadeira Extensora","unchanged","Cadeira Extensora","docs/prescription/library-curation-v1-consolidated-manifest.csv"
"626975e1-439c-4e98-8182-f6f18ff5fbd3","Liberação de banda iliotibial no foam roll","unchanged","Liberação de banda iliotibial no foam roll","docs/prescription/library-curation-v1-catalog-delta.csv"
"62bea1e0-2f07-45a6-9243-85b528adba73","Saltos Horizontais Continuos","new","",""
"62ff7da4-908b-4e96-a3dc-8555dc903615","Flexões no Banco","new","",""
"630de071-ce64-490d-9257-4e1e7260804f","Supino Fechado Smith","unchanged","Supino Fechado Smith","docs/prescription/library-curation-v1-consolidated-manifest.csv"
"63374ce3-a255-4e87-9c76-2e23cd15a4ec","Biset Cross Over + Supino Inclinado Neutro Banco 45","unchanged","Biset Cross Over + Supino Inclinado Neutro Banco 45","docs/prescription/library-curation-v1-consolidated-manifest.csv"
"63cb2e5f-8892-48d1-b72c-943e3205cb82","Along. Pigeon com Quadrado Lombar","unchanged","Along. Pigeon com Quadrado Lombar","docs/prescription/library-curation-v1-consolidated-manifest.csv"
"6430da02-52ca-4597-ac3c-685ac4fad388","Bounding alternado (passadas saltadas longas)","unchanged","Bounding alternado (passadas saltadas longas)","docs/prescription/library-curation-v1-catalog-delta.csv"
"6434476e-61da-4f43-add6-58ba14773a9f","Afundo com halteres","unchanged","Afundo com halteres","docs/prescription/library-curation-v1-catalog-delta.csv"
"64b2b71e-49e4-4792-b63e-fd105879e0ac","Agachamento Sumô Landmine","unchanged","Agachamento Sumô Landmine","docs/prescription/library-curation-v1-consolidated-manifest.csv"
"64ea4d35-daa5-4d8a-916f-cdd3784d29e2","Biset Tríceps Testa + Supino Fechado Halteres","unchanged","Biset Tríceps Testa + Supino Fechado Halteres","docs/prescription/library-curation-v1-consolidated-manifest.csv"
"658aa167-54ef-4662-bc7f-7883b7175af8","Recuo com Barra Reta ( afundo )","new","",""
"65ec923f-0020-4f2c-8c09-d89104d0cf12","Prancha Lateral + pressão na Bola","new","",""
"6601637d-61f2-40cd-ab2f-bc9aa45c7825","Mobilidade de punho (4 direções)","unchanged","Mobilidade de punho (4 direções)","docs/prescription/library-curation-v1-catalog-delta.csv"
"663ca485-1e3a-4501-9e3a-dc2a1da4fa98","Remada Baixa Romana","unchanged","Remada Baixa Romana","docs/prescription/library-curation-v1-catalog-delta.csv"
"66fb19d4-caf8-4a49-8c47-19e3758aa262","90/90 hip switch","unchanged","90/90 hip switch","docs/prescription/library-curation-v1-catalog-delta.csv"
"672c0d1e-59af-46c1-b3ec-d3135a745b1b","Nórdico Reverso","unchanged","Nórdico Reverso","docs/prescription/library-curation-v1-consolidated-manifest.csv"
"67c8c3af-c2ef-4908-b7e5-e1815d1acf2b","Elevação Frontal Neutra para pronada em pé","unchanged","Elevação Frontal Neutra para pronada em pé","docs/prescription/library-curation-v1-consolidated-manifest.csv"
"67d51653-c141-4537-9b72-866ffdd94ade","Fisio Cervical: chin tuck isométrico deitado","unchanged","Fisio Cervical: chin tuck isométrico deitado","docs/prescription/library-curation-v1-catalog-delta.csv"
"68435077-73bf-4ad9-9f10-1cf1f7fe35b8","Flexão de braço","unchanged","Flexão de braço","docs/prescription/library-curation-v1-catalog-delta.csv"
"68a21d6e-f8ef-4307-adc7-d5399002393b","Abdominal Supra Bola","unchanged","Abdominal Supra Bola","docs/prescription/library-curation-v1-catalog-delta.csv"
"6950cec4-2d21-40e1-992c-0e0a11ba5d38","Agachamento Cálice Banco","unchanged","Agachamento Cálice Banco","docs/prescription/library-curation-v1-consolidated-manifest.csv"
"69a6f10a-55a1-4b76-b694-5c2e4bb78523","Landmine rotation","unchanged","Landmine rotation","docs/prescription/library-curation-v1-catalog-delta.csv"
"6a359863-cef9-48cd-bdd9-d63f0bf66f18","Hops ( plio )","new","",""
"6b34cc78-f024-4f8c-970b-2b90dda2870c","Terra romeno","unchanged","Terra romeno","docs/prescription/library-curation-v1-catalog-delta.csv"
"6b696ad3-5a7b-49e6-aacd-19de3a190056","Extensora com Alongamento Entre Séries","unchanged","Extensora com Alongamento Entre Séries","docs/prescription/library-curation-v1-consolidated-manifest.csv"
"6b73310b-e91c-470f-90a7-dd5c54a477cb","Abdução Uni em Prancha lateral","new","",""
"6ba0ecfc-8dad-4f04-acf1-554cdea238f1","Drop jump barra (plio)","new","",""
"6bc152db-68b2-4629-99bf-719ab3f060bd","Agachamento Front Squat","unchanged","Agachamento Front Squat","docs/prescription/library-curation-v1-consolidated-manifest.csv"
"6bd9ccf9-9832-4ec7-ac30-34bac76d20db","Along. Coluna Rotação","unchanged","Along. Coluna Rotação","docs/prescription/library-curation-v1-catalog-delta.csv"
"6bdb1793-3d29-4659-9dfe-00097a8c85ae","Puxada Supinada Unilateral Máquina","unchanged","Puxada Supinada Unilateral Máquina","docs/prescription/library-curation-v1-catalog-delta.csv"
"6c0996c0-b774-47c0-99e4-f6c3bff1a9c8","Cadeira Flexora Unilateral","unchanged","Cadeira Flexora Unilateral","docs/prescription/library-curation-v1-consolidated-manifest.csv"
"6c26cf55-546d-4b04-add0-ba4d5bda1755","Mobilidade Cat-Cow","unchanged","Mobilidade Cat-Cow","docs/prescription/library-curation-v1-catalog-delta.csv"
"6c2e58df-666f-420a-81e2-192929555fdc","Remada Alta Polia","unchanged","Remada Alta Polia","docs/prescription/library-curation-v1-consolidated-manifest.csv"
"6c8ad754-c524-47cd-944c-4103ba247fba","Pogo unipodal","unchanged","Pogo unipodal","docs/prescription/library-curation-v1-catalog-delta.csv"
"6ccb4b47-ee73-4d8d-a9cb-af6de89b1513","Flexão Fechada Smith","unchanged","Flexão Fechada Smith","docs/prescription/library-curation-v1-catalog-delta.csv"
"6cf6f6ed-9022-459c-b5ae-cbe499ba4b33","Graviton Pronado","unchanged","Graviton Pronado","docs/prescription/library-curation-v1-catalog-delta.csv"
"6cf9d1c8-14d4-4785-8e37-96193e44557d","Elevação Lateral Peito no Banco","unchanged","Elevação Lateral Peito no Banco","docs/prescription/library-curation-v1-consolidated-manifest.csv"
"6d12d3e8-472b-495a-af17-0ae077bed6ce","Fisio Joelho: salto em profundidade (energy storage)","unchanged","Fisio Joelho: salto em profundidade (energy storage)","docs/prescription/library-curation-v1-catalog-delta.csv"
"6d6cc96b-876b-494a-85e9-b3bc301d61f4","Med ball step and throw (passo e arremesso)","unchanged","Med ball step and throw (passo e arremesso)","docs/prescription/library-curation-v1-catalog-delta.csv"
"6dac4ab0-d5af-42ec-9dec-ea954a0387c1","Wall drive contínuo (rápido)","unchanged","Wall drive contínuo (rápido)","docs/prescription/library-curation-v1-catalog-delta.csv"
"6e9fdaca-5bfb-420c-b5bf-5beddcce6c05","Crucifixo Invertido Sentado","unchanged","Crucifixo Invertido Sentado","docs/prescription/library-curation-v1-consolidated-manifest.csv"
"6f354269-311d-4878-b66c-27fc7090161e","Apoio unipodal no bosu","unchanged","Apoio unipodal no bosu","docs/prescription/library-curation-v1-catalog-delta.csv"
"6f5aa853-de66-47ad-8061-d488c6f6adf7","Flexão Fechada","unchanged","Flexão Fechada","docs/prescription/library-curation-v1-catalog-delta.csv"
"706142ca-78f8-4591-acc0-7b4018432b14","Mobilidade de quadril 3","new","",""
"709a6fe5-cab8-482a-b60d-35495ff6e275","Retração escapular na parede","new","",""
"71213b5c-f659-49a6-a29b-7895696a2b2b","Lift meio-ajoelhado","unchanged","Lift meio-ajoelhado","docs/prescription/library-curation-v1-catalog-delta.csv"
"713da3c2-14c9-4d74-8f7e-8a35d7ca21dd","Elevação Frontal Halteres Neutra","unchanged","Elevação Frontal Halteres Neutra","docs/prescription/library-curation-v1-consolidated-manifest.csv"
"714ca533-7eee-4121-bc44-d76ecd2b9863","Pré Plio Unilateral","new","",""
"71a733f9-b478-45b2-ac4b-3e9f8ae2165c","Prancha + medball","new","",""
"72186f5e-8d3a-4f95-886a-88785e501294","Drop jump reativo (contato mínimo no solo)","unchanged","Drop jump reativo (contato mínimo no solo)","docs/prescription/library-curation-v1-catalog-delta.csv"
"721e4851-7b5b-47c4-8d90-a8315323ad40","Prancha na bola suíça","unchanged","Prancha na bola suíça","docs/prescription/library-curation-v1-catalog-delta.csv"
"72921c56-910a-4345-8b8d-26baf726516b","Elevação de Quadril Solo Unilateral","unchanged","Elevação de Quadril Solo Unilateral","docs/prescription/library-curation-v1-catalog-delta.csv"
"737b8377-e7a6-49e6-954c-644b435a97cd","Along. Panturrilha Unilateral","unchanged","Along. Panturrilha Unilateral","docs/prescription/library-curation-v1-catalog-delta.csv"
"73c71887-0b9f-47f9-9397-4a14d0d10844","Chop meio-ajoelhado (tall/half kneeling)","unchanged","Chop meio-ajoelhado (tall/half kneeling)","docs/prescription/library-curation-v1-catalog-delta.csv"
"743974e1-4d5d-4fd6-8e50-7609e86b707f","Mobilidade 90/90 completa","unchanged","Mobilidade 90/90 completa","docs/prescription/library-curation-v1-catalog-delta.csv"
"7512d746-8861-45b3-9242-800df83c8810","Flexão de Punho Unilateral Polia Alta","unchanged","Flexão de Punho Unilateral Polia Alta","docs/prescription/library-curation-v1-catalog-delta.csv"
"751e0fa2-335a-42d3-8bd9-21f4b587f7ac","SL RDF CLEAN ( stiff unipodal )","new","",""
"7531dfbc-5bd0-4d07-b8a3-b42e6c4a4416","Russian twist com peso","unchanged","Russian twist com peso","docs/prescription/library-curation-v1-catalog-delta.csv"
"754a5c3f-93a7-40c2-afe7-4b1e55ebe897","Apoio unipodal olhos fechados","unchanged","Apoio unipodal olhos fechados","docs/prescription/library-curation-v1-catalog-delta.csv"
"75649465-1319-48e0-bdfb-dc1ce93774af","Mobilidade quadril flexores/posterior","new","",""
"7565719f-c11a-4c3e-9c2f-533cd0f86b3c","Aterrissagem rotacional e estabiliza","unchanged","Aterrissagem rotacional e estabiliza","docs/prescription/library-curation-v1-catalog-delta.csv"
"759f84c5-4c58-4f67-a789-ec64fcc960e7","Biset Elevação Lateral Sentado 90 + Inclinada","unchanged","Biset Elevação Lateral Sentado 90 + Inclinada","docs/prescription/library-curation-v1-consolidated-manifest.csv"
"75a0be3c-782a-43bd-b622-51bb4c2def59","Afundo Halteres com 2 Steps","unchanged","Afundo Halteres com 2 Steps","docs/prescription/library-curation-v1-consolidated-manifest.csv"
"75be10d2-4087-4b4d-9a88-c04f9bdb1a30","Afundo Halteres","unchanged","Afundo Halteres","docs/prescription/library-curation-v1-consolidated-manifest.csv"
"75cf318a-071a-47fe-8ba9-2ff21c68dcf2","Extensão de Quadril em Diagonal Miniband","unchanged","Extensão de Quadril em Diagonal Miniband","docs/prescription/library-curation-v1-catalog-delta.csv"
"7603535e-d772-4d15-a000-615d745703dc","Med ball slam frontal","unchanged","Med ball slam frontal","docs/prescription/library-curation-v1-catalog-delta.csv"
"76467db3-e397-4cb0-a1cb-3bb4fb2cf339","Quadruped rock back","unchanged","Quadruped rock back","docs/prescription/library-curation-v1-catalog-delta.csv"
"76540c36-8b73-4400-931a-7b7afc7d9bdd","Recuo Halteres com Step na Frente","unchanged","Recuo Halteres com Step na Frente","docs/prescription/library-curation-v1-consolidated-manifest.csv"
"771c15b3-d144-4e5a-ac67-f93a0116fe5c","Serrote em pé","new","",""
"77208e72-8b6f-4fdc-99ca-42a18e2889d6","Desenvolvimento Neutro Halteres Sentado","unchanged","Desenvolvimento Neutro Halteres Sentado","docs/prescription/library-curation-v1-consolidated-manifest.csv"
"77ecd1af-2960-4c99-b26a-dcfff9f66cdc","Prancha de Copenhagen Dinâmica","unchanged","Prancha de Copenhagen Dinâmica","docs/prescription/library-curation-v1-catalog-delta.csv"
"78b51c57-8c6b-4aba-8696-0716caaa3e9c","Afundo Barra Livre","unchanged","Afundo Barra Livre","docs/prescription/library-curation-v1-consolidated-manifest.csv"
"78d913ba-0a6b-4dd1-8250-df13b74940a0","Agachamento livre com barra","unchanged","Agachamento livre com barra","docs/prescription/library-curation-v1-catalog-delta.csv"
"7a15e4ba-3866-4371-874d-25b7c94d9e1a","Prancha alta (Cadeia cruzada - Core)","new","",""
"7a360b5d-f93d-4864-ad2c-9cfedb42613f","Stir the pot na bola","unchanged","Stir the pot na bola","docs/prescription/library-curation-v1-catalog-delta.csv"
"7a4908fd-df45-44a4-bf30-c6f4a2958769","Fisio Punho: flexão/extensão de punho com peso","unchanged","Fisio Punho: flexão/extensão de punho com peso","docs/prescription/library-curation-v1-catalog-delta.csv"
"7a8976b1-789e-4ea7-b499-8b81ece87d25","Agachamento Cálice","unchanged","Agachamento Cálice","docs/prescription/library-curation-v1-consolidated-manifest.csv"
"7ac36eb1-8014-4034-9ce7-f2bd50a7ecbd","Abdominal Tesoura","unchanged","Abdominal Tesoura","docs/prescription/library-curation-v1-catalog-delta.csv"
"7aebe25d-69d6-49b1-93f0-1f287fcfc15e","Afundo + joelho elevado","new","",""
"7b06658f-12bb-4cd4-b749-ac2c38c5dfc9","Elevação Lateral Máquina","unchanged","Elevação Lateral Máquina","docs/prescription/library-curation-v1-consolidated-manifest.csv"
"7b60f329-d660-474c-a47f-1780c9c6f03b","Recuo Smith","unchanged","Recuo Smith","docs/prescription/library-curation-v1-consolidated-manifest.csv"
"7bc7e3ba-a138-4a2b-b069-e6eb642ebe90","Panturrilha Sentado Máquina","unchanged","Panturrilha Sentado Máquina","docs/prescription/library-curation-v1-catalog-delta.csv"
"7bd6ccb0-1a4c-42c5-b7b2-6687526f81b2","Avanço com Barra Reta ( afundo )","new","",""
"7be698a4-1cac-468e-bfc0-ba79189768f9","Mobilidade 90-90 Rot. interna","new","",""
"7bfed90c-0875-45ea-af5e-beb5ce49cb60","Tríceps Testa Barra Solo","unchanged","Tríceps Testa Barra Solo","docs/prescription/library-curation-v1-catalog-delta.csv"
"7c4dd9a3-c6c2-4e9a-a896-42b7c9911ade","Desenvolvimento Barra Sentado","unchanged","Desenvolvimento Barra Sentado","docs/prescription/library-curation-v1-consolidated-manifest.csv"
"7c6f882b-7fec-4979-8216-0cacf5cc2e4d","Agachamento no bosu","unchanged","Agachamento no bosu","docs/prescription/library-curation-v1-catalog-delta.csv"
"7c94db20-f60f-4222-b592-afcbd22468c1","Remada com Peito no Banco Neutra","unchanged","Remada com Peito no Banco Neutra","docs/prescription/library-curation-v1-catalog-delta.csv"
"7caad9cc-dce4-40b5-a9c7-455c7853570e","Cable crunch (abdominal na polia)","unchanged","Cable crunch (abdominal na polia)","docs/prescription/library-curation-v1-catalog-delta.csv"
"7cbab4b8-70cb-4bae-add3-e5f0ea95b220","Along. Levantador da Escápula","unchanged","Along. Levantador da Escápula","docs/prescription/library-curation-v1-catalog-delta.csv"
"7cf75d18-f767-4032-ba36-b3ffc33beaaa","Panturrilha Smith com Step","unchanged","Panturrilha Smith com Step","docs/prescription/library-curation-v1-catalog-delta.csv"
"7db05819-02d7-4f3a-8677-383c91fac948","Skater jumps (saltos de patinador)","unchanged","Skater jumps (saltos de patinador)","docs/prescription/library-curation-v1-catalog-delta.csv"
"7de14018-9e35-45e7-a3d1-27557b1042f7","Liberação da panturrilha com rolinho","new","",""
"7e8bf2c1-c96a-4ba5-8e2f-122e27ef1f55","Short foot","new","",""
"7ebb1e7c-0eef-4b61-835f-9969df952199","Halo - mobilidade superiores","new","",""
"7edea8df-450e-4ead-befd-adbd6efc207a","Elevação Pélvica Smith","unchanged","Elevação Pélvica Smith","docs/prescription/library-curation-v1-catalog-delta.csv"
"7f97f464-1f1d-47ba-9521-b2958f6714d1","Abs medball","new","",""
"7f9fbd65-d234-4b84-b198-faca46343915","Desenvolvimento Neutro Máquina","unchanged","Desenvolvimento Neutro Máquina","docs/prescription/library-curation-v1-consolidated-manifest.csv"
"7fa7c63d-5642-4d41-acd3-f3e468e53370","Agachamento búlgaro","unchanged","Agachamento búlgaro","docs/prescription/library-curation-v1-catalog-delta.csv"
"801cfb45-c447-425b-aff0-26b5d87ce5d9","Along. Adutores Flexionado (Frog)","unchanged","Along. Adutores Flexionado (Frog)","docs/prescription/library-curation-v1-catalog-delta.csv"
"80653a6c-1c38-4e90-9805-d9c9e75eef83","Superman W e Y","unchanged","Superman W e Y","docs/prescription/library-curation-v1-consolidated-manifest.csv"
"80b81c28-1269-481d-9d24-16b6b8c9b68e","Fisio Ombro: Prone Y-T-W-L","unchanged","Fisio Ombro: Prone Y-T-W-L","docs/prescription/library-curation-v1-catalog-delta.csv"
"810fcad7-7b7d-47e0-895e-1eb45aa2e852","Terra romeno unipodal (single-leg RDL)","unchanged","Terra romeno unipodal (single-leg RDL)","docs/prescription/library-curation-v1-catalog-delta.csv"
"819d50d1-34ac-418b-a989-f71937578072","Tríceps Testa Polia Corda","unchanged","Tríceps Testa Polia Corda","docs/prescription/library-curation-v1-catalog-delta.csv"
"81a10f69-c409-40f5-b41c-e50436b7ca50","Cadeira Extensora Unilateral","unchanged","Cadeira Extensora Unilateral","docs/prescription/library-curation-v1-consolidated-manifest.csv"
"81bf8e7c-dbab-4002-8492-56f99adabf0f","Box jump sem contramovimento","new","",""
"81ccbed4-e39d-4a4e-bc95-71139de3273c","Mobilidade de Ombro Rotação Externa com Bastão","unchanged","Mobilidade de Ombro Rotação Externa com Bastão","docs/prescription/library-curation-v1-consolidated-manifest.csv"
"81ebac28-3799-4ce2-8efd-9f28194b0d74","Burpee","unchanged","Burpee","docs/prescription/library-curation-v1-catalog-delta.csv"
"826d88a4-7f2f-45bd-927f-5e5cc5910626","Biset Cross Over + Supino Inclinado Banco 45","unchanged","Biset Cross Over + Supino Inclinado Banco 45","docs/prescription/library-curation-v1-consolidated-manifest.csv"
"8296368d-a47e-427f-b138-6bf9340e5914","Prancha frontal","unchanged","Prancha frontal","docs/prescription/library-curation-v1-catalog-delta.csv"
"8327a63b-80c4-421a-97d4-7de1a4b667c5","RDL Polia","unchanged","RDL Polia","docs/prescription/library-curation-v1-consolidated-manifest.csv"
"833e0423-bcfe-4393-bf44-933ca6793062","Barra Fixa Neutra","unchanged","Barra Fixa Neutra","docs/prescription/library-curation-v1-catalog-delta.csv"
"835cbbe6-27b8-45da-927f-109c1d316c7b","Hops reativos unipodais","unchanged","Hops reativos unipodais","docs/prescription/library-curation-v1-catalog-delta.csv"
"836f33a9-24ee-4ec9-adef-23d984bbdaf4","Mobilidade de Quadril e Tornozelo","unchanged","Mobilidade de Quadril e Tornozelo","docs/prescription/library-curation-v1-catalog-delta.csv"
"83a07881-8a15-452c-80ff-6a622ca72723","Recuo com Halteres ( afundo )","new","",""
"83aeb5e9-935b-4419-9e11-2192f9ed1794","Encolhimento Smith","unchanged","Encolhimento Smith","docs/prescription/library-curation-v1-catalog-delta.csv"
"84657c3f-895f-4892-b624-737b633f0ecf","Tríceps Paralela Máquina","unchanged","Tríceps Paralela Máquina","docs/prescription/library-curation-v1-catalog-delta.csv"
"8530bb18-166f-4ea1-a3f3-794737676d02","Mobilidade torácica com rotação e bastão","new","",""
"85570995-10cb-4b8e-9cf4-b7c454386410","Med ball arremesso rotacional na parede","unchanged","Med ball arremesso rotacional na parede","docs/prescription/library-curation-v1-catalog-delta.csv"
"855be8c3-f36b-4bad-abb5-37d04db61f8d","Flexão pliométrica no step","unchanged","Flexão pliométrica no step","docs/prescription/library-curation-v1-catalog-delta.csv"
"85b00ae3-727d-4cb8-8e79-542d04649cdc","Ankle hops (saltos de tornozelo)","unchanged","Ankle hops (saltos de tornozelo)","docs/prescription/library-curation-v1-catalog-delta.csv"
"85f9e6ce-592e-4eda-a9c6-79c2f828135f","Prancha + Cócoras","new","",""
"866f6e15-312c-49b5-972a-4caefaccf5da","Leg Press 45 Unilateral","unchanged","Leg Press 45 Unilateral","docs/prescription/library-curation-v1-consolidated-manifest.csv"
"86749ad4-f622-4978-9c84-9ed335b13cff","Biset Cross Over + Supino Banco 90","unchanged","Biset Cross Over + Supino Banco 90","docs/prescription/library-curation-v1-consolidated-manifest.csv"
"867a6df5-d665-43ac-b297-d46c2b667741","Rosca Banco 45","unchanged","Rosca Banco 45","docs/prescription/library-curation-v1-catalog-delta.csv"
"86bee686-3946-4f37-8730-22c88c777650","Front Squat","new","",""
"86ee3559-0d35-47b2-877a-cb078d56d975","Biset Tríceps Polia + Testa Polia Corda","unchanged","Biset Tríceps Polia + Testa Polia Corda","docs/prescription/library-curation-v1-catalog-delta.csv"
"8738b381-20aa-48cf-8475-264a24f7a289","Supino reto com barra","unchanged","Supino reto com barra","docs/prescription/library-curation-v1-catalog-delta.csv"
"8760c798-2f49-403e-8660-ad7c12729d5f","Prancha inversa + flexão de quadril alternada","new","",""
"8801e0c9-15b8-4b27-8847-1affbef93da8","Supino Reto Halteres","unchanged","Supino Reto Halteres","docs/prescription/library-curation-v1-consolidated-manifest.csv"
"88194a44-bee6-4693-a1a6-73d5e80aaaff","Step Up Halteres","unchanged","Step Up Halteres","docs/prescription/library-curation-v1-consolidated-manifest.csv"
"883f77a1-c25f-4626-aed5-9d18c8955508","Tríceps Testa Halteres Banco Reto","unchanged","Tríceps Testa Halteres Banco Reto","docs/prescription/library-curation-v1-catalog-delta.csv"
"8861655a-9cda-46e1-9397-b50783953b9b","Cadeira Adutora","unchanged","Cadeira Adutora","docs/prescription/library-curation-v1-catalog-delta.csv"
"89248200-9215-4cd8-822d-b1bf1378c82d","Thruster","unchanged","Thruster","docs/prescription/library-curation-v1-catalog-delta.csv"
"8927006c-0c4b-4163-b151-745fa1d0a8f3","Mobilidade de Quadril Frog","unchanged","Mobilidade de Quadril Frog","docs/prescription/library-curation-v1-catalog-delta.csv"
"8a461d7f-c174-4488-8dca-b4339ad26c81","Crucifixo Invertido Cruzado Polia","unchanged","Crucifixo Invertido Cruzado Polia","docs/prescription/library-curation-v1-consolidated-manifest.csv"
"8b509e2a-e30f-4656-b0fb-7a0a19b00321","Crab walk","unchanged","Crab walk","docs/prescription/library-curation-v1-catalog-delta.csv"
"8b7d520a-d5b0-4393-ad75-bf85be89a91d","Remada Curvada Supinada Smith","unchanged","Remada Curvada Supinada Smith","docs/prescription/library-curation-v1-catalog-delta.csv"
"8be87651-fa98-4855-8a76-665f44971cc6","Skipping alto","unchanged","Skipping alto","docs/prescription/library-curation-v1-catalog-delta.csv"
"8c666a93-0716-493d-a299-2b2afc9f0f51","Educativo Estabilidade ( rigidez de tornozelo )","new","",""
"8c85efc1-f782-4a92-87bb-64efce180b40","Fisio Joelho: Spanish squat isométrico (banda)","unchanged","Fisio Joelho: Spanish squat isométrico (banda)","docs/prescription/library-curation-v1-catalog-delta.csv"
"8c8ab66a-8995-4b9a-a16c-3a33d5548286","Pogo jumps (saltinhos no lugar)","unchanged","Pogo jumps (saltinhos no lugar)","docs/prescription/library-curation-v1-catalog-delta.csv"
"8ca3b7f7-6c36-4b2d-9468-1127f7b12841","Passada com Barra Reta ( afundo)","new","",""
"8cc16422-0075-4d1f-be09-83902ea0bbf5","Desenvolvimento militar","unchanged","Desenvolvimento militar","docs/prescription/library-curation-v1-catalog-delta.csv"
"8d6f862b-694b-4ada-b84d-d51be3c0454c","Open book (rotação torácica deitado)","unchanged","Open book (rotação torácica deitado)","docs/prescription/library-curation-v1-catalog-delta.csv"
"8d920409-e19e-4364-bd64-985ccfb46c0e","Cadeira Abdutora Inclinada","unchanged","Cadeira Abdutora Inclinada","docs/prescription/library-curation-v1-catalog-delta.csv"
"8d9c8d95-ca83-4b41-aece-ded54f6711c7","Cadeira Abdutora 90","unchanged","Cadeira Abdutora 90","docs/prescription/library-curation-v1-catalog-delta.csv"
"8e92cb95-dc37-49d8-857b-5f0f36eef8ca","Elevação Frontal Pronada Em Pé","unchanged","Elevação Frontal Pronada Em Pé","docs/prescription/library-curation-v1-consolidated-manifest.csv"
"8e9e3555-13f8-4239-b2f5-66bf7fea7194","Devil press","unchanged","Devil press","docs/prescription/library-curation-v1-catalog-delta.csv"
"8edcbd68-ff67-427a-8145-8908a360cb7d","Fisio Cotovelo: flexão de punho excêntrica (epicondilite medial)","unchanged","Fisio Cotovelo: flexão de punho excêntrica (epicondilite medial)","docs/prescription/library-curation-v1-catalog-delta.csv"
"8ee2ccea-edb2-47a9-8ea2-4b5c23c3bf40","Cardio","unchanged","Cardio","docs/prescription/library-curation-v1-catalog-delta.csv"
"8f4d5caa-48e0-4974-99c9-91600a9c704c","Salto Barra Hexagonal Contínuo ( pré plio )","new","",""
"8f5a324b-b573-4b6b-87f6-49461b8cdbce","Cross Over Medial Banco 90","unchanged","Cross Over Medial Banco 90","docs/prescription/library-curation-v1-consolidated-manifest.csv"
"8f6eb5f3-64aa-4409-ae99-a6b96e3064b7","Plio Bound Burpee","new","",""
"8f725656-bb0e-4ed0-9fbb-f0fecfaf6523","Along. Posterior Unilateral Estendido","unchanged","Along. Posterior Unilateral Estendido","docs/prescription/library-curation-v1-consolidated-manifest.csv"
"8fb786df-8ccc-4223-bbea-5fec0fb06c49","Remada Curvada Pronada Barra","unchanged","Remada Curvada Pronada Barra","docs/prescription/library-curation-v1-catalog-delta.csv"
"8fd89d73-2bba-4da8-a102-754e02df5583","Med ball squat to press throw","unchanged","Med ball squat to press throw","docs/prescription/library-curation-v1-catalog-delta.csv"
"8fece0e9-3907-4f54-86b4-54a088cb0540","Crucifixo Invertido com Peito no Banco","unchanged","Crucifixo Invertido com Peito no Banco","docs/prescription/library-curation-v1-consolidated-manifest.csv"
"90a3c261-85ad-46f5-9449-b4fd542a109e","Remada Curvada Pronada Barra com Rotação","unchanged","Remada Curvada Pronada Barra com Rotação","docs/prescription/library-curation-v1-catalog-delta.csv"
"90c13080-6ab3-4b9c-982f-984c50e224bc","Biset Crucifixo Inclinado + Supino Inclinado Halteres","unchanged","Biset Crucifixo Inclinado + Supino Inclinado Halteres","docs/prescription/library-curation-v1-consolidated-manifest.csv"
"91084dd1-b0b2-48f7-8365-0bab87218fa6","Prancha de Copenhagen","unchanged","Prancha de Copenhagen","docs/prescription/library-curation-v1-catalog-delta.csv"
"913d8079-f45c-4391-8cf0-6ec97f0d209b","Abdominal Canivete Alternado","unchanged","Abdominal Canivete Alternado","docs/prescription/library-curation-v1-catalog-delta.csv"
"9160b4e1-9fbd-468c-b8e0-bc5868587078","Supino Fechado Halteres","unchanged","Supino Fechado Halteres","docs/prescription/library-curation-v1-consolidated-manifest.csv"
"91773d81-3cfe-4748-ad78-599ba2bffb59","Abdominal Supra Banco Declinado","unchanged","Abdominal Supra Banco Declinado","docs/prescription/library-curation-v1-catalog-delta.csv"
"917da140-0856-4ef2-97c0-6d0e636b40de","Mobilidade Hiperextensão Torácica Rolinho","unchanged","Mobilidade Hiperextensão Torácica Rolinho","docs/prescription/library-curation-v1-catalog-delta.csv"
"9211404c-1b87-4a13-97a6-b5c65fc4ff22","Serrote Livre","unchanged","Serrote Livre","docs/prescription/library-curation-v1-catalog-delta.csv"
"927f5612-8822-4dd9-a980-59300c897fab","Flexora Unilateral na Bola","unchanged","Flexora Unilateral na Bola","docs/prescription/library-curation-v1-consolidated-manifest.csv"
"92b7dfba-cb1d-43f8-86a1-b89d7f5d4db1","Along. Iliopsoas","unchanged","Along. Iliopsoas","docs/prescription/library-curation-v1-catalog-delta.csv"
"92da4db7-ec84-4aca-a2e5-432b4b204b3f","Rosca Arnold","unchanged","Rosca Arnold","docs/prescription/library-curation-v1-catalog-delta.csv"
"93434700-d614-43e8-9263-1b5a4e4fa3dc","Monster walk (caminhada do monstro)","unchanged","Monster walk (caminhada do monstro)","docs/prescription/library-curation-v1-catalog-delta.csv"
"93609dd6-479d-42f1-b927-72b3511f161b","Abdominal Infra Máquina","unchanged","Abdominal Infra Máquina","docs/prescription/library-curation-v1-catalog-delta.csv"
"9424dd73-f3ed-4a0f-a2c3-dc3a0d296898","Prancha Lateral com Rotação Externa Elastico","new","",""
"944b34f5-829c-4a5f-813b-3a4c90ed5e5b","Elevação Lateral Banco 45","unchanged","Elevação Lateral Banco 45","docs/prescription/library-curation-v1-consolidated-manifest.csv"
"9476d942-f358-4ea6-87ff-ae031adf98e1","Agachamento Sumô Belt Squat","unchanged","Agachamento Sumô Belt Squat","docs/prescription/library-curation-v1-consolidated-manifest.csv"
"947b6da5-7e97-4d27-badf-300ee1d5069a","Elevação de Quadril Solo","unchanged","Elevação de Quadril Solo","docs/prescription/library-curation-v1-catalog-delta.csv"
"94f78ab8-d580-4ce0-8392-d8ac0fc141b0","Glúteo Polia Alta","unchanged","Glúteo Polia Alta","docs/prescription/library-curation-v1-catalog-delta.csv"
"953eaf1d-1b3f-460e-b1fa-47ed3e90f0f0","Prancha Lateral em Abdução com Mini band + Crucifixo Unilateral","new","",""
"95712a5d-a4e4-4469-a46b-f7c50855caef","Extensão de quadril no Banco Romano","new","",""
"957ea2e1-954d-4af7-8c95-8e08c43217e6","Mobilidade de Quadril e Tornozelo com Alongamento","unchanged","Mobilidade de Quadril e Tornozelo com Alongamento","docs/prescription/library-curation-v1-catalog-delta.csv"
"95b1b5b6-7465-441a-91d4-dd70d4a38f85","Fisio Ombro: deslizamento na parede (wall slide)","unchanged","Fisio Ombro: deslizamento na parede (wall slide)","docs/prescription/library-curation-v1-catalog-delta.csv"
"96181757-fb88-4bf0-b8fc-8e90cf643d07","Flexões excêntricas (apoio)","new","",""
"961f2121-1053-4f1f-9376-86f21cb9e68b","Cadeira Flexora","unchanged","Cadeira Flexora","docs/prescription/library-curation-v1-consolidated-manifest.csv"
"9634cfc8-a6d2-4571-ac2e-0e8e4a34cf4d","Tuck jump (joelhos ao peito)","unchanged","Tuck jump (joelhos ao peito)","docs/prescription/library-curation-v1-catalog-delta.csv"
"966ff2d0-8dca-402f-9e5e-c630869682a8","Along. Glúteo Cruzado Solo","unchanged","Along. Glúteo Cruzado Solo","docs/prescription/library-curation-v1-catalog-delta.csv"
"96cec170-bac7-450f-b235-7fcaa3f93617","CARs de tornozelo","unchanged","CARs de tornozelo","docs/prescription/library-curation-v1-catalog-delta.csv"
"96d192f2-1d3f-4114-85de-63c3413cb68c","Voador Invertido","unchanged","Voador Invertido","docs/prescription/library-curation-v1-consolidated-manifest.csv"
"973b1aee-c058-4635-a8bd-f74740c55c13","Prancha lateral","unchanged","Prancha lateral","docs/prescription/library-curation-v1-catalog-delta.csv"
"97b12dd1-8de7-4b1a-909e-36ed4653528b","Split jump (afundo saltado)","unchanged","Split jump (afundo saltado)","docs/prescription/library-curation-v1-catalog-delta.csv"
"97e12a00-e2cc-452d-b50d-0899f5edcfec","Saltos reativos contínuos (repeated hops)","unchanged","Saltos reativos contínuos (repeated hops)","docs/prescription/library-curation-v1-catalog-delta.csv"
"9838c0b0-1c55-4b7a-a4fe-241a1ad92422","Pulldown Aberto","unchanged","Pulldown Aberto","docs/prescription/library-curation-v1-catalog-delta.csv"
"9858eb03-5e8e-463c-82ea-98d1635c4e2d","Panturrilha Leg 45","unchanged","Panturrilha Leg 45","docs/prescription/library-curation-v1-catalog-delta.csv"
"9898104c-2955-45b1-a364-661ee61c444d","Afundo Smith com Step na Frente","unchanged","Afundo Smith com Step na Frente","docs/prescription/library-curation-v1-consolidated-manifest.csv"
"9906609c-9980-46ad-b291-16989baa0d27","Bear crawl","unchanged","Bear crawl","docs/prescription/library-curation-v1-catalog-delta.csv"
"990793df-0bdf-4afa-8b70-65117c9a5a2a","Elevação Lateral Cruzada Polia","unchanged","Elevação Lateral Cruzada Polia","docs/prescription/library-curation-v1-consolidated-manifest.csv"
"991faa49-4ce9-4bb9-975b-315f78efa964","Rosca Direta Halteres","unchanged","Rosca Direta Halteres","docs/prescription/library-curation-v1-consolidated-manifest.csv"
"996d15ba-40b6-436b-9b00-22e9978b9e10","Along. Tensor da Fascia Lata Solo","unchanged","Along. Tensor da Fascia Lata Solo","docs/prescription/library-curation-v1-catalog-delta.csv"
"9996cc9b-38ef-4cba-8670-cea497502b0b","Fisio Lombar: McGill curl-up","unchanged","Fisio Lombar: McGill curl-up","docs/prescription/library-curation-v1-catalog-delta.csv"
"99a351d1-7fc4-441c-b95c-691e795f26d1","Bom dia Smith","unchanged","Bom dia Smith","docs/prescription/library-curation-v1-consolidated-manifest.csv"
"99e2a39b-507d-4e8a-b260-6f5e4dae07c5","Tríceps Francês Polia Corda","unchanged","Tríceps Francês Polia Corda","docs/prescription/library-curation-v1-catalog-delta.csv"
"99ec0aac-513c-46ce-b780-68183bc8cdbd","Bird dog","unchanged","Bird dog","docs/prescription/library-curation-v1-catalog-delta.csv"
"9a07c179-37e8-4d8f-9ae9-0f399b1624b2","Mesa Flexora","unchanged","Mesa Flexora","docs/prescription/library-curation-v1-consolidated-manifest.csv"
"9a427102-e8ee-4663-b53b-1d37ab201af9","Liberação Miofascial Tensor da Fascia Lata","unchanged","Liberação Miofascial Tensor da Fascia Lata","docs/prescription/library-curation-v1-catalog-delta.csv"
"9a567f8d-f128-4cfd-9718-f2501bdf9fbc","Remada Pronada Máquina","unchanged","Remada Pronada Máquina","docs/prescription/library-curation-v1-catalog-delta.csv"
"9a667138-66cf-42d3-a36f-0ffb0cd611e9","Pulldown Corda","unchanged","Pulldown Corda","docs/prescription/library-curation-v1-catalog-delta.csv"
"9b2b10ed-6a6c-4e43-b17d-d603b7627e2b","Remada Curvada Halteres Pronada","unchanged","Remada Curvada Halteres Pronada","docs/prescription/library-curation-v1-catalog-delta.csv"
"9b9b7fc4-fdab-4ac8-978b-eb439db7be5b","Extensão de Punho 90 Graus Polia Baixa","unchanged","Extensão de Punho 90 Graus Polia Baixa","docs/prescription/library-curation-v1-catalog-delta.csv"
"9c193276-7c38-4009-a259-2cf7cf1ee406","Abdominal Polia Alta com Corda","unchanged","Abdominal Polia Alta com Corda","docs/prescription/library-curation-v1-catalog-delta.csv"
"9c2ad88a-1f2a-4c58-9455-a667d5331d09","Flexão de Punho Polia Baixa","unchanged","Flexão de Punho Polia Baixa","docs/prescription/library-curation-v1-catalog-delta.csv"
"9c34a520-62bb-4385-b4f4-384ebce408b8","Bom Dia Máquina","unchanged","Bom Dia Máquina","docs/prescription/library-curation-v1-consolidated-manifest.csv"
"9c9491ac-77e1-4d82-801c-df380fb098e3","Lift com anilha em Base Afundo Isométrico","new","",""
"9d3992cd-2ed4-4ace-a7b7-242d3a6fcc2b","Salto barra Hexagonal c/ contramovimento ( pré plio )","new","",""
"9d432dc8-0012-4184-85e6-6df33d9811e3","Bound lateral (salto lateral de propulsão)","unchanged","Bound lateral (salto lateral de propulsão)","docs/prescription/library-curation-v1-catalog-delta.csv"
"9d75460b-b20b-4085-b130-72678225af6d","Agachamento frontal","unchanged","Agachamento frontal","docs/prescription/library-curation-v1-catalog-delta.csv"
"9f1d3660-5d1a-4166-ad4e-b3fe4f53be8b","Reverse crunch","unchanged","Reverse crunch","docs/prescription/library-curation-v1-catalog-delta.csv"
"9f5d985c-c6f5-4287-a448-b844600bdae3","Ponte Glútea","unchanged","Ponte Glútea","docs/prescription/library-curation-v1-catalog-delta.csv"
"9f7ecac4-8233-4a7e-95a7-c60dbace22d3","Panturrilha Leg Horizontal","unchanged","Panturrilha Leg Horizontal","docs/prescription/library-curation-v1-catalog-delta.csv"
"9fe176b1-0730-449d-97c4-7ec1f6e780c2","Drop landing (só aterrissagem)","unchanged","Drop landing (só aterrissagem)","docs/prescription/library-curation-v1-catalog-delta.csv"
"a0c39fee-d2eb-468e-8bd1-2efb7f8ab33f","Stiff com Halteres","new","",""
"a0d2960f-2d38-4c57-9c97-739027560206","Salto s/ contramovimento + mini band","new","",""
"a18bb611-2583-4def-8467-dc0ed9250e4d","Stiff Unipodal com Halter","new","",""
"a21397db-be10-492f-9e1b-42994ac9d79f","Ponte de glúteo unilateral","unchanged","Ponte de glúteo unilateral","docs/prescription/library-curation-v1-catalog-delta.csv"
"a23acdcd-c4b6-4678-a2c5-6f41dd3640ee","Drop jump bilateral + estab. uni","new","",""
"a2d29137-32db-4153-93c2-eb6103c00ac9","Afundo + DB Snatch","new","",""
"a2e06823-6b12-4b56-af94-f3f14755a54a","Bracing Solo","unchanged","Bracing Solo","docs/prescription/library-curation-v1-catalog-delta.csv"
"a2ea7519-0c86-4e16-bdec-aa6e571a764b","Fire hydrant com banda","unchanged","Fire hydrant com banda","docs/prescription/library-curation-v1-catalog-delta.csv"
"a3960993-b603-403e-acc2-df84a2aceb6b","Superman","unchanged","Superman","docs/prescription/library-curation-v1-consolidated-manifest.csv"
"a3ad2cdb-f8e7-4f09-9312-25e7ecf476bd","V-up","unchanged","V-up","docs/prescription/library-curation-v1-catalog-delta.csv"
"a4579449-dbad-432e-ac9e-d5658f8d8a7a","Bird Dog com Remada","new","",""
"a49a288e-8fec-4318-a1ec-c86d25d99621","Rigidez de Tornozelo elevação ( estabilidade)","new","",""
"a4f35317-675d-46f0-a063-5a2d69761109","Lateral shuffle","new","",""
"a53b70fb-7cda-4018-8b55-68a6e9aa5d0a","Prancha Lateral com Abdução de Quadril Isométrica","unchanged","Prancha Lateral com Abdução de Quadril Isométrica","docs/prescription/library-curation-v1-catalog-delta.csv"
"a545e43e-bbd1-414c-8b73-2e9aa3fc4ddb","Tríceps Francês polia barra","unchanged","Tríceps Francês polia barra","docs/prescription/library-curation-v1-catalog-delta.csv"
"a54aad3c-6b05-4b45-af11-b2afb995fede","Fisio Tendão de Aquiles: isométrico em ponta de pé","unchanged","Fisio Tendão de Aquiles: isométrico em ponta de pé","docs/prescription/library-curation-v1-catalog-delta.csv"
"a56b2913-4848-450e-8751-2efb662ec59d","Liberação Miofascial Glúteo Médio","unchanged","Liberação Miofascial Glúteo Médio","docs/prescription/library-curation-v1-catalog-delta.csv"
"a5d763eb-d779-49bc-acd4-665438ab4e01","Ponte de glúteo","unchanged","Ponte de glúteo","docs/prescription/library-curation-v1-catalog-delta.csv"
"a67f2841-bf56-477d-8743-405c34d8360d","Subida no caixote (step-up)","unchanged","Subida no caixote (step-up)","docs/prescription/library-curation-v1-catalog-delta.csv"
"a68c698b-3785-45f3-b3fc-c611211387b7","Fisio Tornozelo: panturrilha com joelho fletido (sóleo)","unchanged","Fisio Tornozelo: panturrilha com joelho fletido (sóleo)","docs/prescription/library-curation-v1-catalog-delta.csv"
"a71f55f3-2748-45fb-88af-da377ce67c17","Agachamento no disco de equilíbrio","unchanged","Agachamento no disco de equilíbrio","docs/prescription/library-curation-v1-catalog-delta.csv"
"a720a814-089c-407e-9cda-b434a10ead49","Afundo pliométrico","new","",""
"a795e738-9954-43fb-b944-8e7ca6c8fde1","Glúteo Concha com Miniband","unchanged","Glúteo Concha com Miniband","docs/prescription/library-curation-v1-catalog-delta.csv"
"a863ae76-f3e6-42c0-9757-26e7e1a111a7","Desenvolvimento Sentado Smith","unchanged","Desenvolvimento Sentado Smith","docs/prescription/library-curation-v1-consolidated-manifest.csv"
"a89cb9b3-3499-415b-82ee-8d05d923013c","Broad jump (salto horizontal)","unchanged","Broad jump (salto horizontal)","docs/prescription/library-curation-v1-catalog-delta.csv"
"a8e8cde0-087a-412f-acf9-652f53cfff84","Mobilidade quadril 90-90","new","",""
"a919653b-c39f-416e-86f7-a6a5fd1fb80a","Ativação de Glúteo mini band","new","",""
"a9307b76-a4e2-4305-b683-d86e59ae80b6","Flexão de Punho 90 graus Polia Baixa","unchanged","Flexão de Punho 90 graus Polia Baixa","docs/prescription/library-curation-v1-catalog-delta.csv"
"aa122a11-23c8-4ce3-819e-479676a85f86","Pallof press isométrico","unchanged","Pallof press isométrico","docs/prescription/library-curation-v1-catalog-delta.csv"
"aa18098a-e639-4618-9063-e760c9cebcae","Hollow hold","unchanged","Hollow hold","docs/prescription/library-curation-v1-catalog-delta.csv"
"aa78feb2-704f-451a-9c40-f5ef29d2568d","Cross Over Inclinado Banco 45","unchanged","Cross Over Inclinado Banco 45","docs/prescription/library-curation-v1-consolidated-manifest.csv"
"ab73db0f-26d0-4e3e-931f-4e22e687e036","Mobilidade Sapinho 🐸","new","",""
"ab96e97b-0a29-44e2-9dff-4cf074c7e8d4","Swan dive chão","new","",""
"ab9d410a-e940-4d2c-b86a-e6b14a581fd7","Elevação Lateral Halteres Inclinada Sentado","unchanged","Elevação Lateral Halteres Inclinada Sentado","docs/prescription/library-curation-v1-consolidated-manifest.csv"
"ac085604-d230-44fa-bb9c-393696a3d3e3","Remada Baixa Pronada","unchanged","Remada Baixa Pronada","docs/prescription/library-curation-v1-catalog-delta.csv"
"ac9d61cc-6bcc-4c5e-ac00-094f43fe1453","Rosca Scott Máquina","unchanged","Rosca Scott Máquina","docs/prescription/library-curation-v1-catalog-delta.csv"
"acd1e2e2-39a0-4f00-bad8-c6cb8e674264","Abdominal Anti Rotação Polia","unchanged","Abdominal Anti Rotação Polia","docs/prescription/library-curation-v1-catalog-delta.csv"
"ad2c7265-abc6-44f1-9fb6-d1dd2db714bf","RDL Unilateral com Miniband","unchanged","RDL Unilateral com Miniband","docs/prescription/library-curation-v1-consolidated-manifest.csv"
"ae0aafea-1686-4d2e-9393-1108049e9926","Mobilidade Buda","unchanged","Mobilidade Buda","docs/prescription/library-curation-v1-catalog-delta.csv"
"ae13d351-7019-4b7d-b0e6-cea4b8fea50d","Cadeira Flexora com Flexão de Quadril","unchanged","Cadeira Flexora com Flexão de Quadril","docs/prescription/library-curation-v1-consolidated-manifest.csv"
"aefecdad-cc83-4a92-94b7-6408a556b883","Rosca em Hiperextensão de Ombro Polia","unchanged","Rosca em Hiperextensão de Ombro Polia","docs/prescription/library-curation-v1-consolidated-manifest.csv"
"af1cab29-e1e0-4e01-81d1-66db789c39ec","Wall sprint march com banda","unchanged","Wall sprint march com banda","docs/prescription/library-curation-v1-catalog-delta.csv"
"af214287-5ae5-4074-982d-15cb712c7d25","Hurdle hops laterais","unchanged","Hurdle hops laterais","docs/prescription/library-curation-v1-catalog-delta.csv"
"af71347e-48d2-40df-83b4-d77c4dd21ea7","Stiff B-Stance Barra","unchanged","Stiff B-Stance Barra","docs/prescription/library-curation-v1-consolidated-manifest.csv"
"af88fede-e776-4fd2-b929-6357cfd98e0b","Rosca Banco 45 com Giro","unchanged","Rosca Banco 45 com Giro","docs/prescription/library-curation-v1-catalog-delta.csv"
"afbe8bbe-2cf2-4404-a609-7c9647ec3eeb","Pulldown barra","unchanged","Pulldown barra","docs/prescription/library-curation-v1-consolidated-manifest.csv"
"afcab7c3-ba4f-4178-946f-eea2e6969e93","Leg Press 45","unchanged","Leg Press 45","docs/prescription/library-curation-v1-consolidated-manifest.csv"
"afef4221-dc2d-451d-9ed9-2b1f50533efb","Liberação de glúteo com bolinha","unchanged","Liberação de glúteo com bolinha","docs/prescription/library-curation-v1-catalog-delta.csv"
"affde76f-d5b2-42d3-97bd-188e630d1127","Mobilidade de Quadril Rotação Interna Deitado","new","",""
"b0584d56-0a2d-44be-96af-1372c88b4a9a","Ativação Escapular Unilateral 4 Apoios","new","",""
"b09418bb-1aaf-49bf-90d1-7e3276065408","Agachamento Búlgaro Smith","unchanged","Agachamento Búlgaro Smith","docs/prescription/library-curation-v1-consolidated-manifest.csv"
"b0a48a05-1353-4553-b95d-a5809bf10e45","Battle rope (ondas)","unchanged","Battle rope (ondas)","docs/prescription/library-curation-v1-catalog-delta.csv"
"b10456d7-2463-41ee-9087-f7cf42006a00","Cross Over Polia Alta 3 Porções","unchanged","Cross Over Polia Alta 3 Porções","docs/prescription/library-curation-v1-consolidated-manifest.csv"
"b137ea90-e276-48e6-ba2b-7a7fbc8feb8c","Fisio Lombar: extensão lombar (Sorensen isométrico)","unchanged","Fisio Lombar: extensão lombar (Sorensen isométrico)","docs/prescription/library-curation-v1-catalog-delta.csv"
"b166a655-c9b0-4c7d-bd42-4f7ed3f384c1","Copenhagen plank","unchanged","Copenhagen plank","docs/prescription/library-curation-v1-catalog-delta.csv"
"b1683ec5-c903-4406-a33d-0a03606ac7f5","Agachamento com Desenvolvimento Halteres","unchanged","Agachamento com Desenvolvimento Halteres","docs/prescription/library-curation-v1-consolidated-manifest.csv"
"b1c0882e-f674-473d-a6a4-5f8d1fea2b0f","Recuo Barra Livre","unchanged","Recuo Barra Livre","docs/prescription/library-curation-v1-consolidated-manifest.csv"
"b222ffd2-a90e-47a2-9924-a63381446069","Remada Alta Barra","unchanged","Remada Alta Barra","docs/prescription/library-curation-v1-consolidated-manifest.csv"
"b25cec38-45f8-4a92-8baa-fe0f449fd307","Body saw na prancha","unchanged","Body saw na prancha","docs/prescription/library-curation-v1-catalog-delta.csv"
"b363a4b2-f716-4930-87ed-8f1e46cb1348","Flexão de Quadril Alternada em Isometria de Ponte","new","",""
"b3b167c4-93f4-4548-835d-2230bcf49dc9","Stiff unilateral ( B-stance )","new","",""
"b431d92e-8371-43bc-b580-cf9572493f8a","Good morning","unchanged","Good morning","docs/prescription/library-curation-v1-catalog-delta.csv"
"b43da4eb-780e-4488-a5bc-ccb85e32c902","Abdução de Quadril com Miniband","unchanged","Abdução de Quadril com Miniband","docs/prescription/library-curation-v1-catalog-delta.csv"
"b44e0cd4-986f-4b0e-9a6b-f9cef0da7437","Abdominal Infra Suspenso","unchanged","Abdominal Infra Suspenso","docs/prescription/library-curation-v1-catalog-delta.csv"
"b459d238-619c-4301-89c7-0e1694d448b5","Abdominal Rodinha","unchanged","Abdominal Rodinha","docs/prescription/library-curation-v1-catalog-delta.csv"
"b460198a-a5ca-4482-8df1-6c26220c8566","Fisio Ombro: face pull","unchanged","Fisio Ombro: face pull","docs/prescription/library-curation-v1-catalog-delta.csv"
"b470efe1-aeb5-4c1a-9752-e65790f33823","Pike push-up","unchanged","Pike push-up","docs/prescription/library-curation-v1-catalog-delta.csv"
"b48f3fd6-4b2e-46c5-ac67-cd3acb578d04","Puxada Romana","unchanged","Puxada Romana","docs/prescription/library-curation-v1-catalog-delta.csv"
"b4cb5f2a-9bb0-4cae-96ec-c851979635ad","Abdução de quadril em pé com banda","unchanged","Abdução de quadril em pé com banda","docs/prescription/library-curation-v1-catalog-delta.csv"
"b4d544e8-9879-4b6d-9b8f-06a24fa4b894","Prancha com Ativação de Serrátil","unchanged","Prancha com Ativação de Serrátil","docs/prescription/library-curation-v1-catalog-delta.csv"
"b4f55b28-cccc-475e-805a-cfd0406d2e60","Apoio unipodal (single-leg stance)","unchanged","Apoio unipodal (single-leg stance)","docs/prescription/library-curation-v1-catalog-delta.csv"
"b5265c3f-05a3-4fdc-834a-2b6f0c69d12b","Crucifixo Invertido Unilateral Polia","unchanged","Crucifixo Invertido Unilateral Polia","docs/prescription/library-curation-v1-consolidated-manifest.csv"
"b551a0d4-326f-4b4c-b909-8af4929130b2","Cross Over Polia Alta","unchanged","Cross Over Polia Alta","docs/prescription/library-curation-v1-consolidated-manifest.csv"
"b5528218-4bd6-4f43-83a7-6be9663a6de1","Cross Over Medial","unchanged","Cross Over Medial","docs/prescription/library-curation-v1-consolidated-manifest.csv"
"b59d110f-5e01-4604-a67d-b6a4175d7c7d","Salto horizontal e estabiliza (broad jump to stick)","unchanged","Salto horizontal e estabiliza (broad jump to stick)","docs/prescription/library-curation-v1-catalog-delta.csv"
"b5b7247a-e72d-4010-aec7-b0f21a8e5fa1","Biset Tríceps Polia + Inverso Polia Barra","unchanged","Biset Tríceps Polia + Inverso Polia Barra","docs/prescription/library-curation-v1-catalog-delta.csv"
"b5c3cb75-ece8-4bec-a95e-b5ffce956cae","Fisio Lombar: prancha lateral","unchanged","Fisio Lombar: prancha lateral","docs/prescription/library-curation-v1-catalog-delta.csv"
"b61721db-87fe-41d8-b13e-f6b5833b8550","Supino Reto Barra","unchanged","Supino Reto Barra","docs/prescription/library-curation-v1-consolidated-manifest.csv"
"b62d4d38-20bb-4873-a61f-95f5b3dc0b92","Agachamento Hack Angular","unchanged","Agachamento Hack Angular","docs/prescription/library-curation-v1-consolidated-manifest.csv"
"b665da9f-6ee0-4f88-b419-47703430e79a","Fisio Joelho: controle excêntrico de quadríceps (step-down lento)","unchanged","Fisio Joelho: controle excêntrico de quadríceps (step-down lento)","docs/prescription/library-curation-v1-catalog-delta.csv"
"b75e5f9d-f56b-441e-b23f-b849048a7e68","Salto lateral em caixa","new","",""
"b7741370-b490-4d21-965b-7b2e5ed18c6c","Afundo (retrocesso) + Shoulder Press simultâneo","new","",""
"b7e8d7e7-c1be-4d2a-8c35-93875b521914","Aterrissagem unipodal (single-leg landing)","unchanged","Aterrissagem unipodal (single-leg landing)","docs/prescription/library-curation-v1-catalog-delta.csv"
"b83e923c-3a70-4469-9644-0004afdeb6be","Salto e estabiliza unipodal (hop and stick)","unchanged","Salto e estabiliza unipodal (hop and stick)","docs/prescription/library-curation-v1-catalog-delta.csv"
"b875b1fa-e185-49f9-8ed8-4e998ba72b11","Afundo + panturrilha inclinada","new","",""
"b882b52e-1c17-4d1d-b743-6a65fa57ae3e","Worlds greatest stretch","unchanged","Worlds greatest stretch","docs/prescription/library-curation-v1-catalog-delta.csv"
"b977301b-7a5c-4753-8c6f-eb2db516a277","Snap down (desaceleração rápida)","unchanged","Snap down (desaceleração rápida)","docs/prescription/library-curation-v1-catalog-delta.csv"
"b9ec1dea-7d91-4982-8a14-7b4434c1a34b","Pogo reativo com mini band","unchanged","Pogo reativo com mini band","docs/prescription/library-curation-v1-catalog-delta.csv"
"ba2b681b-0c91-46ab-a869-389a2479c1e1","Barra fixa (pull-up)","unchanged","Barra fixa (pull-up)","docs/prescription/library-curation-v1-catalog-delta.csv"
"ba5cc0fa-5df4-41c9-8bf1-fce04648ec6f","Agachamento Hack","unchanged","Agachamento Hack","docs/prescription/library-curation-v1-consolidated-manifest.csv"
"ba97e3d0-b019-403b-b66c-f314159af214","Remada Baixa Supinada","unchanged","Remada Baixa Supinada","docs/prescription/library-curation-v1-catalog-delta.csv"
"bac1aae2-266d-4ebc-82ea-1bce6b01e70c","Elevação Lateral Halteres Sentado","unchanged","Elevação Lateral Halteres Sentado","docs/prescription/library-curation-v1-consolidated-manifest.csv"
"bac3e3b4-24ab-4f6a-ac7c-1e777a3b5a34","Fisio Cervical: rotação com auto-resistência","unchanged","Fisio Cervical: rotação com auto-resistência","docs/prescription/library-curation-v1-catalog-delta.csv"
"bad24698-d7ec-42db-b88f-232652935b82","Suitcase carry (caminhada unilateral)","unchanged","Suitcase carry (caminhada unilateral)","docs/prescription/library-curation-v1-catalog-delta.csv"
"bb961cbb-04fa-4768-9740-c28561a34c61","Mobilidade Corpo Todo","new","",""
"bbb26a3d-72ad-4f47-9b9c-3abb7ea70af9","Mobilidade de Ombro W","unchanged","Mobilidade de Ombro W","docs/prescription/library-curation-v1-consolidated-manifest.csv"
"bbee5a76-b377-455f-9418-605e0de57e74","Stiff Uni Explosivo (controle motor)","new","",""
"bc110262-b13a-49be-820d-246d679ecda3","Flutter kicks","unchanged","Flutter kicks","docs/prescription/library-curation-v1-catalog-delta.csv"
"bc77dd8b-8a5b-49da-987b-2653991d1659","Remada Alta Halteres","unchanged","Remada Alta Halteres","docs/prescription/library-curation-v1-consolidated-manifest.csv"
"bcb42b88-23ee-402b-bc5d-482e95e4bec0","Abdução de Quadril no Banco com Caneleira","unchanged","Abdução de Quadril no Banco com Caneleira","docs/prescription/library-curation-v1-catalog-delta.csv"
"bcb4aa93-98e8-4ffb-bcac-6146557a79af","Salto horizontal com banda (banded broad jump)","unchanged","Salto horizontal com banda (banded broad jump)","docs/prescription/library-curation-v1-catalog-delta.csv"
"bcf67999-ce05-4e6a-aebe-750d618ead5a","Controle motor - mobilidade e estabilidade","new","",""
"bd2efefb-8df6-4f90-a929-797fec7ac4d6","Alongamento de Glúteos 90-90","new","",""
"bd600b8a-4a73-4964-8d93-771f74cf7f71","Remada sentada com mini band","new","",""
"bdec8f3b-dea0-4164-bd7b-ab273d6d101d","Barra supinada (chin-up)","unchanged","Barra supinada (chin-up)","docs/prescription/library-curation-v1-catalog-delta.csv"
"be15aca9-9af9-4e55-8c54-288689feb7cd","Supino Inclinado Máquina","unchanged","Supino Inclinado Máquina","docs/prescription/library-curation-v1-consolidated-manifest.csv"
"be26e577-e388-46be-985a-ed20c32224fa","Fisio Posterior: ponte de isquiotibiais isométrica","unchanged","Fisio Posterior: ponte de isquiotibiais isométrica","docs/prescription/library-curation-v1-catalog-delta.csv"
"be707dcf-d4cc-4788-8d23-551f5730e971","Flexão Aberta com Apoio do Joelho","unchanged","Flexão Aberta com Apoio do Joelho","docs/prescription/library-curation-v1-consolidated-manifest.csv"
"be8fff41-033b-4f4b-9d0f-414dac68321b","Fisio Cotovelo: extensão de punho excêntrica (epicondilite lateral)","unchanged","Fisio Cotovelo: extensão de punho excêntrica (epicondilite lateral)","docs/prescription/library-curation-v1-catalog-delta.csv"
"bea20cf4-d2d9-4a2d-97fa-6bee6554e7fb","Agachamento unilateral com mini band","new","",""
"becb17e7-37e7-42a9-860d-98a6af115d90","Pancha frontal variação 1","new","",""
"bed50ce6-9617-4562-9640-4c50eb17ae40","Sled push (empurrar trenó)","unchanged","Sled push (empurrar trenó)","docs/prescription/library-curation-v1-catalog-delta.csv"
"bf14a53d-23ee-4db4-a46e-07e149e66454","Desenvolvimento Militar","unchanged","Desenvolvimento Militar","docs/prescription/library-curation-v1-consolidated-manifest.csv"
"bf33e722-9da1-4e32-af62-546bb5176c3a","Rosca Scott Barra","unchanged","Rosca Scott Barra","docs/prescription/library-curation-v1-catalog-delta.csv"
"bf77c22c-f2d8-4ceb-b5ac-6e1a239218cc","Fisio Tendão de Aquiles: HSR panturrilha lenta","unchanged","Fisio Tendão de Aquiles: HSR panturrilha lenta","docs/prescription/library-curation-v1-catalog-delta.csv"
"bfcb16f7-0b17-43c0-a487-42171c4d7f5c","Supino Inclinado Smith","unchanged","Supino Inclinado Smith","docs/prescription/library-curation-v1-consolidated-manifest.csv"
"c0464d7f-5b14-4336-83ef-5c7933116d73","Couch stretch (alongamento de quadril)","unchanged","Couch stretch (alongamento de quadril)","docs/prescription/library-curation-v1-catalog-delta.csv"
"c08df451-d8bb-4923-829b-3ddc21ead3b9","Along. Posterior Unilateral Flexionado","unchanged","Along. Posterior Unilateral Flexionado","docs/prescription/library-curation-v1-consolidated-manifest.csv"
"c0aa51e9-82b6-40f0-af1f-cf32be16c1da","Abdução de Quadril Cruzada Polia","unchanged","Abdução de Quadril Cruzada Polia","docs/prescription/library-curation-v1-catalog-delta.csv"
"c1a1a51b-0db1-4855-b091-0f9becd7845b","Elevação Pélvica Unilateral Máquina","unchanged","Elevação Pélvica Unilateral Máquina","docs/prescription/library-curation-v1-catalog-delta.csv"
"c1ada640-8bbf-4d6d-b130-d1ded4519a92","Rollout no TRX","unchanged","Rollout no TRX","docs/prescription/library-curation-v1-catalog-delta.csv"
"c1e79eca-66da-429e-9e55-cade5bf81998","Sled pull (puxar trenó)","unchanged","Sled pull (puxar trenó)","docs/prescription/library-curation-v1-catalog-delta.csv"
"c210591d-1ee6-451f-b28d-7c02e72f1fa2","Prancha lateral com elevação de quadril","unchanged","Prancha lateral com elevação de quadril","docs/prescription/library-curation-v1-catalog-delta.csv"
"c22a4ab4-20e0-4b7b-b8be-4ede1247e693","Apoio em tandem (pé-ante-pé)","unchanged","Apoio em tandem (pé-ante-pé)","docs/prescription/library-curation-v1-catalog-delta.csv"
"c2d07de8-c924-44d1-94b4-7338d2a5c4f4","Wall drive marcha (1 troca)","unchanged","Wall drive marcha (1 troca)","docs/prescription/library-curation-v1-catalog-delta.csv"
"c2df4c00-a3c7-4ed2-9310-a58b1971fa6f","Crucifixo Inclinado Halteres","unchanged","Crucifixo Inclinado Halteres","docs/prescription/library-curation-v1-consolidated-manifest.csv"
"c2ebd055-a04c-48db-8ba4-43ad45329681","Fisio Lombar: bird dog","unchanged","Fisio Lombar: bird dog","docs/prescription/library-curation-v1-catalog-delta.csv"
"c36dcbec-494a-4240-bbb3-c8098ae7902e","Face Pull Polia Alta","unchanged","Face Pull Polia Alta","docs/prescription/library-curation-v1-consolidated-manifest.csv"
"c3a687e4-a17c-401d-a7b8-85e25c6e982f","Rosca Scott Unilateral Halter","unchanged","Rosca Scott Unilateral Halter","docs/prescription/library-curation-v1-catalog-delta.csv"
"c3a857e7-c410-47d2-8aef-6dd7cb1ff9fc","Elevação Frontal Unilateral Polia","unchanged","Elevação Frontal Unilateral Polia","docs/prescription/library-curation-v1-consolidated-manifest.csv"
"c3ffdec6-f7bc-4ddb-9161-22600b178653","Puxada Supinada","unchanged","Puxada Supinada","docs/prescription/library-curation-v1-catalog-delta.csv"
"c4304ed9-f79d-4d0e-b66b-5b143db31253","Biset Rosca Direta + Rosca Invertida Barra W","unchanged","Biset Rosca Direta + Rosca Invertida Barra W","docs/prescription/library-curation-v1-catalog-delta.csv"
"c4343ec8-b13c-4ecb-9d18-2aba9b6f74dc","Encolhimento Inclinado Smith","unchanged","Encolhimento Inclinado Smith","docs/prescription/library-curation-v1-catalog-delta.csv"
"c452607e-7dff-463d-adb2-a712059a8d26","Agachamento Búlgaro","unchanged","Agachamento Búlgaro","docs/prescription/library-curation-v1-consolidated-manifest.csv"
"c4530121-861e-48ce-ae2f-90ecdd098b1a","Along. Quadríceps Bilateral Solo","unchanged","Along. Quadríceps Bilateral Solo","docs/prescription/library-curation-v1-catalog-delta.csv"
"c46d79a5-e3ff-4c1e-a21c-091b66cbde1a","Tríceps Unilateral Cruzado Polia","unchanged","Tríceps Unilateral Cruzado Polia","docs/prescription/library-curation-v1-catalog-delta.csv"
"c4c19b19-2a1c-4ff6-9f59-05aab846fee5","Alcance unipodal (Y-balance)","unchanged","Alcance unipodal (Y-balance)","docs/prescription/library-curation-v1-catalog-delta.csv"
"c4cd4956-93f0-4170-a2c9-753e459a7a80","Tríceps Testa Polia Barra","unchanged","Tríceps Testa Polia Barra","docs/prescription/library-curation-v1-catalog-delta.csv"
"c51ab919-f750-481b-94ea-743657c3a414","Mobilidade Escapular em Puxada","new","",""
"c5349a6c-aa4d-4090-afd8-8a17d7cbc520","Man maker","unchanged","Man maker","docs/prescription/library-curation-v1-catalog-delta.csv"
"c55cbb27-0165-4e4d-92e0-8dbde591f4ce","Flexão diamante","unchanged","Flexão diamante","docs/prescription/library-curation-v1-catalog-delta.csv"
"c5759160-3c50-4dbd-bd45-5a573ba4ed1e","Fisio Tornozelo: panturrilha excêntrica no step","unchanged","Fisio Tornozelo: panturrilha excêntrica no step","docs/prescription/library-curation-v1-catalog-delta.csv"
"c582b327-3be8-457a-9540-d534d3811572","Biset Prancha Frontal + Lateral","unchanged","Biset Prancha Frontal + Lateral","docs/prescription/library-curation-v1-catalog-delta.csv"
"c5888208-17b3-4b1a-9b20-6b1214c89b6d","Face Pull Corda","unchanged","Face Pull Corda","docs/prescription/library-curation-v1-consolidated-manifest.csv"
"c5e71701-baac-4c7a-926c-a5215c36938a","Panturrilha com controle de Inversão","new","",""
"c6059bf6-c71f-414e-8cdb-60178f7d5405","Along. Dorsal e Quadrado Lombar Unilateral Espaldar","unchanged","Along. Dorsal e Quadrado Lombar Unilateral Espaldar","docs/prescription/library-curation-v1-consolidated-manifest.csv"
"c61b4e4f-4f72-410e-bbe1-c0e95e4a17d7","Chop Polia com Corda (CORE)","new","",""
"c62336c5-77b2-4876-884f-707b090f6932","Mobilidade de Quadril ( sagital )","new","",""
"c648a996-b9c6-453b-bc08-32ae3bdb6c2b","Sled push de aceleração","unchanged","Sled push de aceleração","docs/prescription/library-curation-v1-catalog-delta.csv"
"c6a10a3b-3909-48e8-993b-6a8842b5b0c2","Remada Curvada Halteres com Rotação","unchanged","Remada Curvada Halteres com Rotação","docs/prescription/library-curation-v1-catalog-delta.csv"
"c7149f43-4623-4d09-ad19-0da5a4e14cc9","Flexão arqueiro","unchanged","Flexão arqueiro","docs/prescription/library-curation-v1-catalog-delta.csv"
"c77eabad-753e-41c9-b4c0-c634fa25948b","Fisio Cotovelo: pronação/supinação com peso","unchanged","Fisio Cotovelo: pronação/supinação com peso","docs/prescription/library-curation-v1-catalog-delta.csv"
"c7d00c36-12dc-4a88-814b-045b1b853a44","Mobilidade de Ombro Rotação Solo","unchanged","Mobilidade de Ombro Rotação Solo","docs/prescription/library-curation-v1-consolidated-manifest.csv"
"c7da00c3-45fc-4bcf-9f33-9b6032086bf4","Triset Antebraço Polia","unchanged","Triset Antebraço Polia","docs/prescription/library-curation-v1-catalog-delta.csv"
"c7e285f9-ef03-4c45-81ee-635ae58b236f","Encolhimento Overhead Smith","unchanged","Encolhimento Overhead Smith","docs/prescription/library-curation-v1-consolidated-manifest.csv"
"c7f31a16-ff3f-479e-b8db-cf64121acc2f","Broad jump para salto vertical","unchanged","Broad jump para salto vertical","docs/prescription/library-curation-v1-catalog-delta.csv"
"c8086a56-54a1-4ece-ba4c-508eab361518","Toe taps deitado (core control)","unchanged","Toe taps deitado (core control)","docs/prescription/library-curation-v1-catalog-delta.csv"
"c8221a75-a074-4b35-8ec9-0b40a3b58646","Bird dog de ativação","unchanged","Bird dog de ativação","docs/prescription/library-curation-v1-catalog-delta.csv"
"c829d03a-9b66-41a5-b6e8-db237e017812","Mobilidade Torácica Bastão","unchanged","Mobilidade Torácica Bastão","docs/prescription/library-curation-v1-catalog-delta.csv"
"c85e058a-1e62-48e8-8e27-7bc988b82800","Pulldown","new","",""
"c8dfd65e-2b07-405f-a506-311c0995241c","Encolhimento Overhead Barra","unchanged","Encolhimento Overhead Barra","docs/prescription/library-curation-v1-consolidated-manifest.csv"
"c916c624-2e7c-40b2-8195-4e5f8a4f2c3c","Bom dia","unchanged","Bom dia","docs/prescription/library-curation-v1-consolidated-manifest.csv"
"c93f9ae2-eca7-4cde-a34a-c4bed7f95087","Wall drive duplo (2 trocas)","unchanged","Wall drive duplo (2 trocas)","docs/prescription/library-curation-v1-catalog-delta.csv"
"c941a80c-af63-4066-9d35-2850673c0391","Sprint resistido com banda","unchanged","Sprint resistido com banda","docs/prescription/library-curation-v1-catalog-delta.csv"
"c943d2d9-f380-4da7-911d-3ac5bec18725","Fisio Quadril: hip thrust unilateral","unchanged","Fisio Quadril: hip thrust unilateral","docs/prescription/library-curation-v1-catalog-delta.csv"
"c9a313ac-da8a-402c-a123-91e0286e5175","Fisio Posterior: nordic hamstring excêntrico","unchanged","Fisio Posterior: nordic hamstring excêntrico","docs/prescription/library-curation-v1-catalog-delta.csv"
"ca9d547c-3488-43fa-945e-7dbb8431a917","Shoulder dislocates com bastão","unchanged","Shoulder dislocates com bastão","docs/prescription/library-curation-v1-catalog-delta.csv"
"caa940f6-6aca-4e19-a77c-3212a87260a5","Muscle-up (progressão)","unchanged","Muscle-up (progressão)","docs/prescription/library-curation-v1-catalog-delta.csv"
"cad889ac-c8da-4654-b27a-41555e10f212","Crucifixo Invertido Curvado","unchanged","Crucifixo Invertido Curvado","docs/prescription/library-curation-v1-consolidated-manifest.csv"
"caee0c7f-7b3a-481b-84a0-77d930e8a1a5","Nórdico com Elástico","unchanged","Nórdico com Elástico","docs/prescription/library-curation-v1-consolidated-manifest.csv"
"cb160be6-90a5-4365-b77c-0ae473917009","Levantamento Terra Sumô Belt Squat","unchanged","Levantamento Terra Sumô Belt Squat","docs/prescription/library-curation-v1-consolidated-manifest.csv"
"cb79bb2f-7f23-4856-ac7e-d2a7c51ef292","Hip airplane","unchanged","Hip airplane","docs/prescription/library-curation-v1-catalog-delta.csv"
"cba7692e-3f67-4212-95f7-96bfcbe3753d","Dead bug","unchanged","Dead bug","docs/prescription/library-curation-v1-catalog-delta.csv"
"cbede972-bc03-4bbb-b665-6ae95e0c0016","Prancha Lateral + Abdução Isométrica","new","",""
"cc2a7748-03a7-4ab4-b8e8-e71092917112","HIIT","unchanged","HIIT","docs/prescription/library-curation-v1-catalog-delta.csv"
"cc4885b7-5983-46eb-836f-4c31b8b2323c","Mountain climbers","unchanged","Mountain climbers","docs/prescription/library-curation-v1-catalog-delta.csv"
"cc4e5ace-2a48-4156-a647-7c4c7e21e6be","Flexão parada de mão na parede","unchanged","Flexão parada de mão na parede","docs/prescription/library-curation-v1-catalog-delta.csv"
"cce6cde7-2251-49cf-9083-b7bbd0193630","Slam ball","unchanged","Slam ball","docs/prescription/library-curation-v1-catalog-delta.csv"
"cd97f513-28aa-489c-9cd3-af81e703af74","Dead bug com mini band","unchanged","Dead bug com mini band","docs/prescription/library-curation-v1-catalog-delta.csv"
"cdf66f46-565a-4815-b724-f9dfea82b821","Hip thrust com barra","unchanged","Hip thrust com barra","docs/prescription/library-curation-v1-catalog-delta.csv"
"ce8529f2-dd0e-4c7c-8110-d2505d84bfe2","Remada Alta Máquina","unchanged","Remada Alta Máquina","docs/prescription/library-curation-v1-consolidated-manifest.csv"
"ce8d9966-f412-4c94-b58a-11b4b01b18b4","Fisio Lombar: reverse hyper","unchanged","Fisio Lombar: reverse hyper","docs/prescription/library-curation-v1-catalog-delta.csv"
"ceb4d99c-d903-4579-82a0-d61bced5d74f","Afundo Step Up com elevação de joelho","new","",""
"cf15749a-32da-4e7f-95c7-67a458950a6e","Glúteo Semiflexionado Polia","unchanged","Glúteo Semiflexionado Polia","docs/prescription/library-curation-v1-catalog-delta.csv"
"cfb03da0-4462-422e-ad32-3f4abdbc29e8","Elevação Frontal Neutra para Pronada Alternada em pé","unchanged","Elevação Frontal Neutra para Pronada Alternada em pé","docs/prescription/library-curation-v1-consolidated-manifest.csv"
"d06f7cc9-380d-4fb1-9b60-5bd92a25dc22","Tríceps Polia Barra","unchanged","Tríceps Polia Barra","docs/prescription/library-curation-v1-catalog-delta.csv"
"d0aecfa5-b2f0-431d-b0a3-7efa0a3b1a9e","Fisio Quadril: Copenhagen adductor (progressões)","unchanged","Fisio Quadril: Copenhagen adductor (progressões)","docs/prescription/library-curation-v1-catalog-delta.csv"
"d0c93be9-6ee3-420e-a34e-10ffe077d9f2","Agachamento Búlgaro com Step","unchanged","Agachamento Búlgaro com Step","docs/prescription/library-curation-v1-consolidated-manifest.csv"
"d0ff4da9-51b1-4e8f-bffc-d787ba275ffe","Fisio Quadril: ponte de glúteo isométrica","unchanged","Fisio Quadril: ponte de glúteo isométrica","docs/prescription/library-curation-v1-catalog-delta.csv"
"d10517b3-51e6-43b9-95d0-58af14f0909f","Remada Neutra Unilateral Máquina","unchanged","Remada Neutra Unilateral Máquina","docs/prescription/library-curation-v1-catalog-delta.csv"
"d154f0c1-5df4-4fd4-a487-3cfcaee43988","Rosca Direta Polia Barra","unchanged","Rosca Direta Polia Barra","docs/prescription/library-curation-v1-catalog-delta.csv"
"d1ccbd02-4d54-49b7-9c55-8cb96cc55f37","Liberação de peitoral com bolinha","unchanged","Liberação de peitoral com bolinha","docs/prescription/library-curation-v1-catalog-delta.csv"
"d22c572a-4ce1-4e5d-b0a7-471be47aa232","Puxada Neutra Unilateral","unchanged","Puxada Neutra Unilateral","docs/prescription/library-curation-v1-catalog-delta.csv"
"d2b04cb4-1a7d-4e74-af31-19809acb719a","Wall ball","unchanged","Wall ball","docs/prescription/library-curation-v1-catalog-delta.csv"
"d2e55bc6-411a-4ca9-8b6f-8fb86e8099b8","Elevação Pélvica Máquina","unchanged","Elevação Pélvica Máquina","docs/prescription/library-curation-v1-consolidated-manifest.csv"
"d2fd81f8-eae0-4694-ad7c-12e54b9c6125","Fisio Cervical: chin tuck (retração cervical)","unchanged","Fisio Cervical: chin tuck (retração cervical)","docs/prescription/library-curation-v1-catalog-delta.csv"
"d3bef183-9c48-44db-b1b0-041e549b43ca","Sandbag carry","unchanged","Sandbag carry","docs/prescription/library-curation-v1-catalog-delta.csv"
"d47183c0-a08a-4f08-8b52-a8c61d8a6ffe","Fisio Tornozelo: heel drop excêntrico (Alfredson)","unchanged","Fisio Tornozelo: heel drop excêntrico (Alfredson)","docs/prescription/library-curation-v1-catalog-delta.csv"
"d5462d44-a75c-4178-8d7c-1df92850cfd2","Prancha Toque de Ombros Cruzado","unchanged","Prancha Toque de Ombros Cruzado","docs/prescription/library-curation-v1-consolidated-manifest.csv"
"d54ef301-c6bb-4d6e-9fd5-f51514817929","Extensão de Punho Halteres","unchanged","Extensão de Punho Halteres","docs/prescription/library-curation-v1-catalog-delta.csv"
"d5685718-8c7f-4230-83e2-6585e687924a","Búlgaro Variação 1","new","",""
"d56a3b0c-bfe3-472a-8842-ebf415a7e724","Hang clean","unchanged","Hang clean","docs/prescription/library-curation-v1-catalog-delta.csv"
"d5b2efff-225d-4673-a0fa-b9e363def938","Elevação de Quadril Solo + Abdução no Pico de Contração com Miniband","unchanged","Elevação de Quadril Solo + Abdução no Pico de Contração com Miniband","docs/prescription/library-curation-v1-catalog-delta.csv"
"d65552e0-a929-4a03-9be0-0bb86899e428","Kettlebell swing","unchanged","Kettlebell swing","docs/prescription/library-curation-v1-catalog-delta.csv"
"d7dee2b8-8f7a-414f-a2cf-b1ff769967fa","Along. Adutores Bilateral","unchanged","Along. Adutores Bilateral","docs/prescription/library-curation-v1-catalog-delta.csv"
"d82e1fdf-00da-4f9d-b6dd-23ce5033e5c5","Graviton Supinado","unchanged","Graviton Supinado","docs/prescription/library-curation-v1-catalog-delta.csv"
"d8f0ab53-6e7d-4c1f-9fb9-7b8407d62b68","Face pull com banda","unchanged","Face pull com banda","docs/prescription/library-curation-v1-catalog-delta.csv"
"d91a1c63-de51-4a7f-a42c-23f5911c18f9","Agachamento Búlgaro com Apoio","unchanged","Agachamento Búlgaro com Apoio","docs/prescription/library-curation-v1-consolidated-manifest.csv"
"d959e3ee-0e5f-467e-a227-ce36b984045a","Supino inclinado com halteres","unchanged","Supino inclinado com halteres","docs/prescription/library-curation-v1-catalog-delta.csv"
"d995e5f7-9725-48a5-ae0a-780b1c9f1d29","Scissor jumps (tesoura)","unchanged","Scissor jumps (tesoura)","docs/prescription/library-curation-v1-catalog-delta.csv"
"d99e2cbd-d66b-4c4d-a4a4-bc614f07c455","CORE ( combinado )","new","",""
"d9b00932-87f9-48f1-b8f4-6e7aa4588b28","Prancha com Extensão de Quadril Unilateral","unchanged","Prancha com Extensão de Quadril Unilateral","docs/prescription/library-curation-v1-catalog-delta.csv"
"da200d73-4bb2-4add-b3d1-cd41e80a6c0b","Terra / Deadlift com KB + Super Band","new","",""
"da6dab0e-20ef-4b90-aef5-50dd62153f11","Remada Polia Média Unilateral com Giro","unchanged","Remada Polia Média Unilateral com Giro","docs/prescription/library-curation-v1-catalog-delta.csv"
"da6ed290-59ef-49c0-a831-51ee224233bf","Stiff Abduzido Barra","unchanged","Stiff Abduzido Barra","docs/prescription/library-curation-v1-consolidated-manifest.csv"
"db1a5e49-0a06-41b1-94e2-41a1b83d5c74","Ab wheel rollout","unchanged","Ab wheel rollout","docs/prescription/library-curation-v1-catalog-delta.csv"
"db6b26b0-30b7-4143-8155-2212d2f45280","Salto Vertical Continuo Halteres ( plio )","new","",""
"db93bd35-d429-4009-bbf6-28b5a44e9cfc","Aterrissagem de caixa unipodal","unchanged","Aterrissagem de caixa unipodal","docs/prescription/library-curation-v1-catalog-delta.csv"
"dc00dfb9-6167-4c22-8f28-df15094d22a5","Flexão de Joelhos na bola unilateral","new","",""
"dc0ad1e1-6d1b-4cec-8e29-1c9ce486097f","Levantamento Terra Sumô com Halter","unchanged","Levantamento Terra Sumô com Halter","docs/prescription/library-curation-v1-consolidated-manifest.csv"
"dc207ca2-b186-4220-b154-63c08c53ea66","Stiff Halteres","unchanged","Stiff Halteres","docs/prescription/library-curation-v1-consolidated-manifest.csv"
"dc4a5ffe-82a1-4ec2-a456-5bdceaa86d62","Avanço com rotação de tronco","new","",""
"dc9ff1ef-fb37-4314-b421-c6bb03f9f1ca","CARs de quadril","unchanged","CARs de quadril","docs/prescription/library-curation-v1-catalog-delta.csv"
"dcc7c1f8-9e2e-4b4d-a91e-fbc96fd042fe","Flexão de Punho com a Polia Atrás","unchanged","Flexão de Punho com a Polia Atrás","docs/prescription/library-curation-v1-catalog-delta.csv"
"dcc98681-1add-43fc-99ed-ba5967c2b9a5","KB Swing","new","",""
"dcfe8eba-b4a7-4f0d-a800-10f0f25d3cd0","Apoio Unipodal + mini band ( ativação pé )","new","",""
"dd9ad55a-2d97-4862-b9c1-3cc17167b258","Bounding (passadas saltadas)","unchanged","Bounding (passadas saltadas)","docs/prescription/library-curation-v1-catalog-delta.csv"
"de394e81-17b2-4feb-bcf2-5b5991e04c6c","Along. Glúteo Cruzado Espaldar","unchanged","Along. Glúteo Cruzado Espaldar","docs/prescription/library-curation-v1-catalog-delta.csv"
"de6df00a-0d66-453b-8d90-d8098810f986","Depth jump para caixa","unchanged","Depth jump para caixa","docs/prescription/library-curation-v1-catalog-delta.csv"
"dece41a1-f793-4bc4-b614-b2c22b4caf6f","Terra romeno unipodal com bastão","unchanged","Terra romeno unipodal com bastão","docs/prescription/library-curation-v1-catalog-delta.csv"
"df256bcf-dc82-42bd-9ea6-8d9df39a87e0","Liberação de dorsal no foam roll","unchanged","Liberação de dorsal no foam roll","docs/prescription/library-curation-v1-catalog-delta.csv"
"df560304-9a05-4644-b3d3-7fb304be1c7c","Ativação Glúteos Parede Miniband","new","",""
"df73c501-7916-4e9c-bc78-08c79d9e5c85","Tríceps Testa Halteres Solo","unchanged","Tríceps Testa Halteres Solo","docs/prescription/library-curation-v1-catalog-delta.csv"
"df795cb5-06d1-49a9-848f-ac7b186ff807","Agachamento Sumô Halter","unchanged","Agachamento Sumô Halter","docs/prescription/library-curation-v1-consolidated-manifest.csv"
"dfedffd3-0ae4-4f28-b4db-52f9a6ce8cc0","Extensão de Quadril Banco Romano Unilateral","unchanged","Extensão de Quadril Banco Romano Unilateral","docs/prescription/library-curation-v1-catalog-delta.csv"
"e00a0b68-7e1f-4b96-b53e-9b61ccf2da62","Remada Curvada Pronada Smith","unchanged","Remada Curvada Pronada Smith","docs/prescription/library-curation-v1-catalog-delta.csv"
"e03a9284-f027-413c-a79f-32a2534581fc","Drop Jump Horizontal Bilateral","new","",""
"e06fec69-cded-4629-b5dc-651402331d4c","Supersquat","unchanged","Supersquat","docs/prescription/library-curation-v1-consolidated-manifest.csv"
"e07a88c2-da55-42e7-935a-1b53261381c6","Stiff Barra","unchanged","Stiff Barra","docs/prescription/library-curation-v1-consolidated-manifest.csv"
"e0a19df2-2e2c-4e5a-930b-3512059b2320","Elevação Frontal Polia Barra","unchanged","Elevação Frontal Polia Barra","docs/prescription/library-curation-v1-consolidated-manifest.csv"
"e1000001-0000-0000-0000-000000000003","Crucifixo na Máquina","new","",""
"e1000001-0000-0000-0000-000000000004","Tríceps Corda","new","",""
"e1000001-0000-0000-0000-000000000005","Tríceps Testa","new","",""
"e1000001-0000-0000-0000-000000000007","Puxada Frontal","new","",""
"e1000001-0000-0000-0000-000000000008","Rosca Direta","new","",""
"e1000001-0000-0000-0000-000000000009","Rosca Alternada","new","",""
"e1000001-0000-0000-0000-000000000011","Leg Press 45°","new","",""
"e1000001-0000-0000-0000-000000000014","Panturrilha no Smith","new","",""
"e1000001-0000-0000-0000-000000000015","Desenvolvimento com Halteres","new","",""
"e10df991-f551-4b67-9600-f128151fb078","Paralela para Tríceps","unchanged","Paralela para Tríceps","docs/prescription/library-curation-v1-catalog-delta.csv"
"e13dcf55-ea17-4d7b-a53b-2a862b8b7cf6","Fisio Ombro: scaption (full can)","unchanged","Fisio Ombro: scaption (full can)","docs/prescription/library-curation-v1-catalog-delta.csv"
"e19e6c38-e490-464b-9e87-c6b3b37bc02c","Elevação Frontal Neutra para pronada sentado","unchanged","Elevação Frontal Neutra para pronada sentado","docs/prescription/library-curation-v1-consolidated-manifest.csv"
"e1a9fb5d-eb21-4a17-9694-75bcf9fc8a12","Elevação de Quadril Unilateral solo","new","",""
"e1ee3cf8-d8a4-4023-8ed2-ee967dacea2a","Y na Polia","unchanged","Y na Polia","docs/prescription/library-curation-v1-consolidated-manifest.csv"
"e1ff0905-955b-4bf7-95c6-1b72dbfa34ff","Desenvolvimento Máquina","unchanged","Desenvolvimento Máquina","docs/prescription/library-curation-v1-consolidated-manifest.csv"
"e28e4c41-5215-4cd6-b642-4322656f228d","Supino Inclinado Cross Over Banco 45","unchanged","Supino Inclinado Cross Over Banco 45","docs/prescription/library-curation-v1-consolidated-manifest.csv"
"e2e6d537-a9ba-4feb-bd2d-f6b7591895c2","Remada Alta no Smith","unchanged","Remada Alta no Smith","docs/prescription/library-curation-v1-consolidated-manifest.csv"
"e2e9c143-7d6e-4b55-9bd0-69b7639fefaa","Remada Polia Alta","unchanged","Remada Polia Alta","docs/prescription/library-curation-v1-catalog-delta.csv"
"e3df9e3e-f6e2-452d-9996-8e0f90f2e01f","Barra Fixa Pronada","unchanged","Barra Fixa Pronada","docs/prescription/library-curation-v1-catalog-delta.csv"
"e439f3e2-3bc0-4e34-abb3-d225bab8d710","Crucifixo Unilateral em Prancha Lateral em Abdução","new","",""
"e4840783-fbde-4e07-9546-6b6d5de4115b","Potência Wall Ball base Afundo","new","",""
"e4ea8b60-b6ad-41e7-92a5-863451267473","Scapular push-up (push-up plus)","unchanged","Scapular push-up (push-up plus)","docs/prescription/library-curation-v1-catalog-delta.csv"
"e4f4ba1d-68c8-47c9-95d9-1dc2d46599ad","Mobilidade de Ombro com Toque de Mãos","unchanged","Mobilidade de Ombro com Toque de Mãos","docs/prescription/library-curation-v1-consolidated-manifest.csv"
"e54dd5b2-99cf-4648-9885-6cd19d03f9d9","Desenvolvimento Unilateral Landmine","unchanged","Desenvolvimento Unilateral Landmine","docs/prescription/library-curation-v1-consolidated-manifest.csv"
"e5e6eb77-21c8-4d9b-95c0-3f91c4914375","Pullover Halter","unchanged","Pullover Halter","docs/prescription/library-curation-v1-catalog-delta.csv"
"e5ffe3e1-2757-4ed7-ba87-a745d9a96c5d","Prancha Frontal","unchanged","Prancha Frontal","docs/prescription/library-curation-v1-consolidated-manifest.csv"
"e6058264-060f-4e41-83ee-6810f38ca520","Coice Polia Média","unchanged","Coice Polia Média","docs/prescription/library-curation-v1-catalog-delta.csv"
"e6600538-a517-428e-8c0a-318ffd1aed2d","Ankle stiffness hops (rigidez de tornozelo)","unchanged","Ankle stiffness hops (rigidez de tornozelo)","docs/prescription/library-curation-v1-catalog-delta.csv"
"e6a748f5-2993-4f31-9e58-cb68e6ed8381","Caminhada lateral com mini band","unchanged","Caminhada lateral com mini band","docs/prescription/library-curation-v1-catalog-delta.csv"
"e72c6531-5b99-4757-9a7d-efaa5d4bfdbf","Stiff Polia","unchanged","Stiff Polia","docs/prescription/library-curation-v1-consolidated-manifest.csv"
"e7321291-a3bb-44b0-b6df-dc0dca157ea9","Mobilidade Escapular TRX","new","",""
"e789f3da-6de9-4be5-b039-adfb38f8a955","Abdução de Quadril com Caneleira","unchanged","Abdução de Quadril com Caneleira","docs/prescription/library-curation-v1-catalog-delta.csv"
"e7ea8ceb-df29-430b-bc89-715c04e4d7d4","Pliometria Alternada Elevação","new","",""
"e7f34a26-20b8-4d7c-bd8b-1d6a0c2ff97a","Fisio Posterior: terra romeno unipodal lento (HSR)","unchanged","Fisio Posterior: terra romeno unipodal lento (HSR)","docs/prescription/library-curation-v1-catalog-delta.csv"
"e8e07b80-c7bc-455f-b053-a9391e5ec052","Prancha Bola","unchanged","Prancha Bola","docs/prescription/library-curation-v1-catalog-delta.csv"
"e9356e80-6f25-4ac7-bce7-afc652825220","Desenvolvimento Halteres em Pé","unchanged","Desenvolvimento Halteres em Pé","docs/prescription/library-curation-v1-consolidated-manifest.csv"
"e9d6bfd4-2980-45b9-beac-855bb6be8c0b","Agachamento Búlgaro Inclinado","unchanged","Agachamento Búlgaro Inclinado","docs/prescription/library-curation-v1-consolidated-manifest.csv"
"ea93a5a1-a755-4c12-8b5e-33a4741a7593","Cross Over Supinado","unchanged","Cross Over Supinado","docs/prescription/library-curation-v1-consolidated-manifest.csv"
"ea97c500-172b-4db2-a438-507f8b4a1b86","Rosca Unilateral Cross Polia Alta","unchanged","Rosca Unilateral Cross Polia Alta","docs/prescription/library-curation-v1-catalog-delta.csv"
"ea9d5caf-fe01-458b-bf80-e394dc8b69fb","Med ball side throw na parede (lateral)","unchanged","Med ball side throw na parede (lateral)","docs/prescription/library-curation-v1-catalog-delta.csv"
"eb7618bc-1e4a-4394-aaa4-c8a8697d56f5","Along. Pigeon","unchanged","Along. Pigeon","docs/prescription/library-curation-v1-catalog-delta.csv"
"ebfc7276-35e4-4b9f-b030-05a170d6fcef","Box Jump Uni","new","",""
"ec014d1e-7272-4866-a4b0-8891b1db6189","Balaço de panturrilha e tíbial","new","",""
"ec281a05-a949-41c6-b5df-3ee615a23bfb","Mobilidade Full Inferiores (hard)","new","",""
"ec464c13-8653-4ec4-83b6-0f4ac5855c4a","Remada Curvada Halteres Neutra","unchanged","Remada Curvada Halteres Neutra","docs/prescription/library-curation-v1-catalog-delta.csv"
"ec82da9b-8652-4a1d-a570-8aafdda2c2c9","Agachamento Smith","unchanged","Agachamento Smith","docs/prescription/library-curation-v1-consolidated-manifest.csv"
"ecb7437e-a486-4e23-a816-43f948b5e5c8","Remada Cavalinho Unilateral Pronada","unchanged","Remada Cavalinho Unilateral Pronada","docs/prescription/library-curation-v1-catalog-delta.csv"
"ecdca299-adb9-46e7-bc96-adf9dfff162a","Tríceps Testa Barra Banco 45","unchanged","Tríceps Testa Barra Banco 45","docs/prescription/library-curation-v1-catalog-delta.csv"
"ed0553ab-2073-41b1-92e7-d9856c2daa26","Elevação Frontal Barra","unchanged","Elevação Frontal Barra","docs/prescription/library-curation-v1-consolidated-manifest.csv"
"ed6127ab-bec4-46e3-86ff-749e9391d515","Remada cavalinho","unchanged","Remada cavalinho","docs/prescription/library-curation-v1-catalog-delta.csv"
"ed98f29a-71c5-4708-90ef-6b8485707028","Mobilidade Hiperextensão Lombar","unchanged","Mobilidade Hiperextensão Lombar","docs/prescription/library-curation-v1-consolidated-manifest.csv"
"edaabff8-cd69-4e3c-8658-6a300fd46872","RDL Belt Squat","unchanged","RDL Belt Squat","docs/prescription/library-curation-v1-consolidated-manifest.csv"
"edc403cb-1113-45d7-8b1e-93eb01926e15","Countermovement jump (CMJ)","unchanged","Countermovement jump (CMJ)","docs/prescription/library-curation-v1-catalog-delta.csv"
"edca7177-f6c5-4906-8e21-8ba3d1c84eae","Mobilidade 90/90","unchanged","Mobilidade 90/90","docs/prescription/library-curation-v1-catalog-delta.csv"
"edcc27d7-39ff-40a4-9537-93b5e3f37a40","Goblet squat","unchanged","Goblet squat","docs/prescription/library-curation-v1-catalog-delta.csv"
"edf0f0e9-0ba8-4a65-b90d-a368e6e8296b","Drop (baixo) + Box Jump","new","",""
"ee5bb2b7-7e27-470b-9fd2-9e924b0ebae0","Prancha Alta","unchanged","Prancha Alta","docs/prescription/library-curation-v1-catalog-delta.csv"
"ee88225b-5f2d-48f2-a241-d56beacdf79f","Fisio Punho: extensão de dedos com elástico","unchanged","Fisio Punho: extensão de dedos com elástico","docs/prescription/library-curation-v1-catalog-delta.csv"
"eecbb779-188a-4a82-8b80-ed9af4c1a6eb","Biceps Martelo + Desenvolvimento","new","",""
"eef9a08b-8ea3-45d9-ae15-dace11048bf9","Propulsão Diagonal com mini band","new","",""
"ef3553ff-17bc-4309-83ac-c3173f0256e2","Supino Inclinado Neutro Cross Over Banco 45","unchanged","Supino Inclinado Neutro Cross Over Banco 45","docs/prescription/library-curation-v1-consolidated-manifest.csv"
"ef875bb7-80df-4daf-9b00-1cc56e8ebf12","Mobilidade de Ombro com Bastão/Elástico","unchanged","Mobilidade de Ombro com Bastão/Elástico","docs/prescription/library-curation-v1-consolidated-manifest.csv"
"efde85ec-e714-44b9-928c-8db249f06c04","Extensão de Quadril Banco Romano com Flexão","unchanged","Extensão de Quadril Banco Romano com Flexão","docs/prescription/library-curation-v1-catalog-delta.csv"
"f0406f4a-06ba-4233-8651-51ad93d5bc88","Remada Suspenas","new","",""
"f051cdea-2073-4765-b7ad-bb4b082934e5","Mergulho em banco","unchanged","Mergulho em banco","docs/prescription/library-curation-v1-catalog-delta.csv"
"f0705159-aa86-407c-a27e-170374012831","Remada Cavalinho Máquina Neutra","unchanged","Remada Cavalinho Máquina Neutra","docs/prescription/library-curation-v1-consolidated-manifest.csv"
"f0cf83a8-0bf6-4e3f-aa65-fb7fb7b81aee","Levantamento terra","unchanged","Levantamento terra","docs/prescription/library-curation-v1-catalog-delta.csv"
"f0d967d8-ff18-4881-8c28-aca104bf5ac6","Puxada Pronada Polia","unchanged","Puxada Pronada Polia","docs/prescription/library-curation-v1-catalog-delta.csv"
"f10d42bd-7127-4b92-9220-bea99cd5d1ee","Leg Press Horizontal","unchanged","Leg Press Horizontal","docs/prescription/library-curation-v1-consolidated-manifest.csv"
"f138a64b-e0d8-4945-8dd3-b64dda059da3","Remada Baixa Neutra Unilateral","unchanged","Remada Baixa Neutra Unilateral","docs/prescription/library-curation-v1-catalog-delta.csv"
"f18ce369-a648-4f14-a9c9-b0ed18e75cd7","Salto com Barra Hexagonal S/ contramovimento ( pré plio )","new","",""
"f1dc1f36-8d03-4ff6-ac34-623682e09b69","Elevação Frontal Neutra para Pronada Alternada Sentado","unchanged","Elevação Frontal Neutra para Pronada Alternada Sentado","docs/prescription/library-curation-v1-consolidated-manifest.csv"
"f1fed726-d7ce-4fec-9dcb-9f987df66ca8","Supino Inclinado Barra","unchanged","Supino Inclinado Barra","docs/prescription/library-curation-v1-consolidated-manifest.csv"
"f2210012-5c3a-4e03-b55b-2afee7bdacb0","Leg Press Deitado","unchanged","Leg Press Deitado","docs/prescription/library-curation-v1-consolidated-manifest.csv"
"f22fa86e-fde5-4fe9-b8a0-098ced95239a","Extensão de Quadril em Diagonal Polia","unchanged","Extensão de Quadril em Diagonal Polia","docs/prescription/library-curation-v1-catalog-delta.csv"
"f347f55d-f778-480c-afc8-106198022b6d","SL DB Box Clean","new","",""
"f3ba0904-10e6-4c06-8e5a-32691e8c52c1","Fisio Tendão patelar: isométrico Spanish squat (45s)","unchanged","Fisio Tendão patelar: isométrico Spanish squat (45s)","docs/prescription/library-curation-v1-catalog-delta.csv"
"f3eb6f05-491e-410d-b09d-e29e91edbec9","Fisio Ombro: sleeper stretch","unchanged","Fisio Ombro: sleeper stretch","docs/prescription/library-curation-v1-catalog-delta.csv"
"f42f0dfc-d75e-475f-bacb-ec5f05b321d5","Elevação Frontal Neutra Alternada Sentado","unchanged","Elevação Frontal Neutra Alternada Sentado","docs/prescription/library-curation-v1-consolidated-manifest.csv"
"f42f4b07-35f7-4deb-872e-3f1987a3dc89","Rosca Martelo Halteres","unchanged","Rosca Martelo Halteres","docs/prescription/library-curation-v1-catalog-delta.csv"
"f4558c21-4ace-4c19-834c-9deafaab7fef","Rosca Inclinada Polia Barra","unchanged","Rosca Inclinada Polia Barra","docs/prescription/library-curation-v1-catalog-delta.csv"
"f5340b40-627b-45d2-9eae-c9cd3c098d86","Perdigueiro 4 apoios (suspenso)","unchanged","Perdigueiro 4 apoios (suspenso)","docs/prescription/library-curation-v1-catalog-delta.csv"
"f5929365-dc60-4617-a45d-c27500404748","Supino Reto Solo","unchanged","Supino Reto Solo","docs/prescription/library-curation-v1-consolidated-manifest.csv"
"f65e178d-2fb9-467d-8ec7-153df01be7bb","Desenvolvimento Halteres Sentado","unchanged","Desenvolvimento Halteres Sentado","docs/prescription/library-curation-v1-consolidated-manifest.csv"
"f6691114-2900-44af-909e-e966957f1372","Perdigueiro Alternado","unchanged","Perdigueiro Alternado","docs/prescription/library-curation-v1-consolidated-manifest.csv"
"f6907426-e6ec-4ceb-8e98-87cb733bc841","Hanging knee raise","unchanged","Hanging knee raise","docs/prescription/library-curation-v1-catalog-delta.csv"
"f6b33aae-c260-4759-b01c-ce85a045b9ab","Biset Tríceps Testa + Supino Fechado Barra","unchanged","Biset Tríceps Testa + Supino Fechado Barra","docs/prescription/library-curation-v1-consolidated-manifest.csv"
"f6f1683c-2e7c-4e75-b268-89803b22e6ac","Agachamento Livre com Banco","unchanged","Agachamento Livre com Banco","docs/prescription/library-curation-v1-consolidated-manifest.csv"
"f7503557-0c4c-4417-b6e0-594b6cc30dbf","Elevação Frontal Polia Corda","unchanged","Elevação Frontal Polia Corda","docs/prescription/library-curation-v1-consolidated-manifest.csv"
"f7aa9696-c084-47f4-bb2a-4f6878cbd2a4","Remada Polia Média Barra","unchanged","Remada Polia Média Barra","docs/prescription/library-curation-v1-catalog-delta.csv"
"f7ba7031-85e7-4ed6-a68b-c9497ba6f5b6","Prancha Alta Passando Halter","unchanged","Prancha Alta Passando Halter","docs/prescription/library-curation-v1-catalog-delta.csv"
"f85f0d88-fd73-474b-83ac-7b0c2b376ebf","Leg Press Unilateral Placas Separadas","unchanged","Leg Press Unilateral Placas Separadas","docs/prescription/library-curation-v1-consolidated-manifest.csv"
"f8c61424-6e4d-4fc7-bd1a-3dd381ee43d3","Remada Polia Alta Unilateral","unchanged","Remada Polia Alta Unilateral","docs/prescription/library-curation-v1-catalog-delta.csv"
"f92713c4-e9fa-4048-96e6-286f9b53455b","Mobilidade Torácica Rotação","unchanged","Mobilidade Torácica Rotação","docs/prescription/library-curation-v1-catalog-delta.csv"
"f92c050a-f660-419a-88b2-d3cb91e5dd85","Kettlebell clean","unchanged","Kettlebell clean","docs/prescription/library-curation-v1-catalog-delta.csv"
"f97ce807-f666-4763-bc5f-70f491c215ec","Serrote Banco","unchanged","Serrote Banco","docs/prescription/library-curation-v1-catalog-delta.csv"
"f9b158a0-ac31-488b-9b5d-c042c51a22e2","Salto horizontal reativo (broad jump rebote)","unchanged","Salto horizontal reativo (broad jump rebote)","docs/prescription/library-curation-v1-catalog-delta.csv"
"fa020cd6-704f-41e0-83eb-23ef18783a74","Liberação de adutores no foam roll","unchanged","Liberação de adutores no foam roll","docs/prescription/library-curation-v1-catalog-delta.csv"
"fa532cec-fd1b-440e-b42e-6d2c0f6ae3fb","Levantamento Terra Sumô Landmine","unchanged","Levantamento Terra Sumô Landmine","docs/prescription/library-curation-v1-consolidated-manifest.csv"
"fa93026d-104b-4ce7-9ce2-8bd58fd6b57f","Rotação Tronco Polia Baixa","new","",""
"faa0a8a1-a84f-42f9-b234-8286d1c46912","Agachamento Frontal Com 2 Halteres","unchanged","Agachamento Frontal Com 2 Halteres","docs/prescription/library-curation-v1-consolidated-manifest.csv"
"faa1019a-2bd5-411b-853a-e8ed2e49e996","Wall ankling (tornozelo na parede)","unchanged","Wall ankling (tornozelo na parede)","docs/prescription/library-curation-v1-catalog-delta.csv"
"faf12cde-1543-492d-9746-bf5bb6e4e35f","Airplane (avião - quadril)","unchanged","Airplane (avião - quadril)","docs/prescription/library-curation-v1-catalog-delta.csv"
"fb2ba2b0-82b0-4c48-a8c6-f736ccadcec1","Manguito Externo em Diagonal","unchanged","Manguito Externo em Diagonal","docs/prescription/library-curation-v1-consolidated-manifest.csv"
"fb5c8403-d675-4928-8d39-cec23fc7054b","Abdução de Quadril Polia","unchanged","Abdução de Quadril Polia","docs/prescription/library-curation-v1-catalog-delta.csv"
"fc025e5f-41e3-41df-8dc7-0d2507f26f17","Stiff Smith","unchanged","Stiff Smith","docs/prescription/library-curation-v1-consolidated-manifest.csv"
"fc064b37-3ef2-4dcd-baaa-e1272d67cc23","Snatch (arranco) com barra","unchanged","Snatch (arranco) com barra","docs/prescription/library-curation-v1-catalog-delta.csv"
"fc70d297-3dab-42dc-8017-eca87ec3c622","Abdominal Canoa","unchanged","Abdominal Canoa","docs/prescription/library-curation-v1-catalog-delta.csv"
"fc740c2a-3afc-4cdb-a361-d78fac243ee7","Mobilidade de Quadril Lateral","unchanged","Mobilidade de Quadril Lateral","docs/prescription/library-curation-v1-catalog-delta.csv"
"fc958ce0-b6b5-4a54-bd3d-74b8828a56e2","Extensora Completa + Parcial Embaixo","unchanged","Extensora Completa + Parcial Embaixo","docs/prescription/library-curation-v1-consolidated-manifest.csv"
"fce1dba8-86af-4d27-bafc-18afa8692769","Barra Fixa Supinada","unchanged","Barra Fixa Supinada","docs/prescription/library-curation-v1-catalog-delta.csv"
"fce5642a-088d-40e1-9779-0956e9ed0f99","Prancha Alta com Flexão de Quadril e Joelho na Bola","unchanged","Prancha Alta com Flexão de Quadril e Joelho na Bola","docs/prescription/library-curation-v1-consolidated-manifest.csv"
"fd207a91-506b-466d-8d6c-d905e97e690a","Flexão de Punho na Barra Fixa ou Antebraço na Barra Fixa","unchanged","Flexão de Punho na Barra Fixa ou Antebraço na Barra Fixa","docs/prescription/library-curation-v1-catalog-delta.csv"
"fd346ad6-7a30-4e31-b167-9c9ab3f478c0","Perdigueiro Invertido Alternado","unchanged","Perdigueiro Invertido Alternado","docs/prescription/library-curation-v1-catalog-delta.csv"
"fd6071fb-701b-4d09-afb2-fa7ba8fc5e24","Biset Rosca Direta Polia + Rosca Invertida Polia","unchanged","Biset Rosca Direta Polia + Rosca Invertida Polia","docs/prescription/library-curation-v1-catalog-delta.csv"
"fdab544b-3538-4dda-8a80-c438556da597","Extensora Parcial + Completa Crescente","unchanged","Extensora Parcial + Completa Crescente","docs/prescription/library-curation-v1-consolidated-manifest.csv"
"fdbbc862-e887-404f-ab17-ffd7301cf713","Drop Jump Bilateral ( plio )","new","",""
"fe17cc30-418b-4708-adf6-b8d9cefcdadc","Triple extension drill (tríplice extensão)","unchanged","Triple extension drill (tríplice extensão)","docs/prescription/library-curation-v1-catalog-delta.csv"
"fe4225a3-0ba4-404f-8807-ba61915c45c6","Fisio Joelho: cadeira extensora lenta (HSR)","unchanged","Fisio Joelho: cadeira extensora lenta (HSR)","docs/prescription/library-curation-v1-catalog-delta.csv"
"fe8cf9a6-8f14-4567-b36c-7ede072624af","Liberação torácica no foam roll","unchanged","Liberação torácica no foam roll","docs/prescription/library-curation-v1-catalog-delta.csv"
"fee75457-aeea-4070-8b1c-de33d8f0f0fe","Tríceps Inverso Polia","unchanged","Tríceps Inverso Polia","docs/prescription/library-curation-v1-catalog-delta.csv"
"ffbf282d-91d7-44fb-b4fe-7775256eca1f","Rack Pulls","unchanged","Rack Pulls","docs/prescription/library-curation-v1-consolidated-manifest.csv"
