"exercise_id","exercise_name","priority","target_count","current_targets","targets_review_status","safety_review_status","media_review_status","youtube_video_id","queue_reason","reviewer_name","reviewed_at","decision_reason","evidence","ready_for_upsert"
"00569022-ffe4-4592-8552-813653b3a4f6","4 exercícios da fisio","P2","1","Mobilidade:primary:100","needs_review","not_in_scope","not_in_scope","M8NrjFZLHW4","single_target","","","","","false"
"66fb19d4-caf8-4a49-8c47-19e3758aa262","90/90 hip switch","P2","1","Mobilidade:primary:100","needs_review","not_in_scope","not_in_scope","F5owFeKgpoc","single_target","","","","","false"
"0681e77e-1e7f-4d90-8bf9-61b0b96755da","A-bounds (skip saltado)","P2","1","Performance:primary:100","needs_review","not_in_scope","not_in_scope","hiU9o_Rr6Tw","single_target","","","","","false"
"db1a5e49-0a06-41b1-94e2-41a1b83d5c74","Ab wheel rollout","P2","1","Core:primary:100","needs_review","needs_review","not_in_scope","A3uK5TPzHq8","single_target | safety_metadata_gap","","","","","false"
"acd1e2e2-39a0-4f00-bad8-c6cb8e674264","Abdominal Anti Rotação Polia","P2","1","Abdominais:primary:100","needs_review","needs_review","needs_review","7EtpXXdxPMc","single_target | safety_metadata_gap | duplicate_video_cluster","","","","","false"
"2f4377e5-6822-44b1-9d65-35bcdff31bf2","Abdominal Anti Rotação Polia Com Movimento","P2","1","Abdominais:primary:1","needs_review","needs_review","not_in_scope","mDvgk6RpFwo","single_target | safety_metadata_gap","","","","","false"
"0ec7c2d3-0455-412e-9754-d66bc36b63ac","Abdominal Canivete","P2","1","Abdominais:primary:1","needs_review","needs_review","not_in_scope","z8GJDUg9hgQ","single_target | safety_metadata_gap","","","","","false"
"913d8079-f45c-4391-8cf0-6ec97f0d209b","Abdominal Canivete Alternado","P2","1","Abdominais:primary:1","needs_review","needs_review","not_in_scope","mEDPvaJazSk","single_target | safety_metadata_gap","","","","","false"
"fc70d297-3dab-42dc-8017-eca87ec3c622","Abdominal Canoa","P2","1","Abdominais:primary:1","needs_review","needs_review","not_in_scope","g4f0nqqS9hE","single_target | safety_metadata_gap","","","","","false"
"614cd597-6d91-43ab-9ddf-ad438d084e1d","Abdominal Infra Banco Declinado","P2","1","Abdominais:primary:1","needs_review","needs_review","not_in_scope","c54PpzF8iEU","single_target | safety_metadata_gap","","","","","false"
"93609dd6-479d-42f1-b927-72b3511f161b","Abdominal Infra Máquina","P2","1","Abdominais:primary:1","needs_review","needs_review","needs_review","9EYiA8gbnRA","single_target | safety_metadata_gap | duplicate_video_cluster","","","","","false"
"2b6e19be-6b4d-44d6-af4b-04f7a09bef60","Abdominal Infra Solo","P2","1","Abdominais:primary:1","needs_review","needs_review","needs_review","9EYiA8gbnRA","single_target | safety_metadata_gap | duplicate_video_cluster","","","","","false"
"b44e0cd4-986f-4b0e-9a6b-f9cef0da7437","Abdominal Infra Suspenso","P2","1","Abdominais:primary:1","needs_review","needs_review","not_in_scope","ax3a7K_0QG8","single_target | safety_metadata_gap","","","","","false"
"2a186779-bd91-4f24-b1d8-906713246fb0","Abdominal Infra Suspenso com Rotação","P2","1","Abdominais:primary:1","needs_review","needs_review","not_in_scope","EZXGlubnXkQ","single_target | safety_metadata_gap","","","","","false"
"6175a7d8-333d-4e09-a539-1ea6b13e1b81","Abdominal Máquina","P2","1","Abdominais:primary:1","needs_review","needs_review","not_in_scope","D9nvaeELxb0","single_target | safety_metadata_gap","","","","","false"
"9c193276-7c38-4009-a259-2cf7cf1ee406","Abdominal Polia Alta com Corda","P2","1","Abdominais:primary:1","needs_review","needs_review","not_in_scope","zp6uK1aE1Lc","single_target | safety_metadata_gap","","","","","false"
"6049e35c-75b7-49f5-8cf9-db5983757985","Abdominal Remador","P2","1","Abdominais:primary:1","needs_review","needs_review","not_in_scope","gu1JXwb3dSs","single_target | safety_metadata_gap","","","","","false"
"b459d238-619c-4301-89c7-0e1694d448b5","Abdominal Rodinha","P2","1","Abdominais:primary:1","needs_review","needs_review","not_in_scope","vRi105QOGKU","single_target | safety_metadata_gap","","","","","false"
"91773d81-3cfe-4748-ad78-599ba2bffb59","Abdominal Supra Banco Declinado","P2","1","Abdominais:primary:1","needs_review","needs_review","not_in_scope","vdNB0pyj2Os","single_target | safety_metadata_gap","","","","","false"
"68a21d6e-f8ef-4307-adc7-d5399002393b","Abdominal Supra Bola","P2","1","Abdominais:primary:1","needs_review","needs_review","not_in_scope","pV97VpETcvc","single_target | safety_metadata_gap","","","","","false"
"17161c04-540a-441c-9e03-8d9f9aae7b97","Abdominal Supra Solo","P2","1","Abdominais:primary:1","needs_review","needs_review","not_in_scope","fhGI76QdK2A","single_target | safety_metadata_gap","","","","","false"
"7ac36eb1-8014-4034-9ce7-f2bd50a7ecbd","Abdominal Tesoura","P2","1","Abdominais:primary:1","needs_review","needs_review","not_in_scope","rBLNtJEWSQo","single_target | safety_metadata_gap","","","","","false"
"e789f3da-6de9-4be5-b039-adfb38f8a955","Abdução de Quadril com Caneleira","P2","1","Glúteo:primary:1","needs_review","needs_review","not_in_scope","H-IAR_GHxl0","single_target | safety_metadata_gap","","","","","false"
"b43da4eb-780e-4488-a5bc-ccb85e32c902","Abdução de Quadril com Miniband","P2","1","Glúteo:primary:1","needs_review","needs_review","not_in_scope","ptu1IDCO-Fc","single_target | safety_metadata_gap","","","","","false"
"c0aa51e9-82b6-40f0-af1f-cf32be16c1da","Abdução de Quadril Cruzada Polia","P2","1","Glúteo:primary:1","needs_review","needs_review","needs_review","MVP5ItqXNYs","single_target | safety_metadata_gap | duplicate_video_cluster","","","","","false"
"b4cb5f2a-9bb0-4cae-96ec-c851979635ad","Abdução de quadril em pé com banda","P2","1","Glúteo:primary:100","needs_review","needs_review","not_in_scope","ukW7wkohl8I","single_target | safety_metadata_gap","","","","","false"
"095abe10-f515-4eb8-9d12-ef8a41c6afaf","Abdução de Quadril em Prancha Lateral","P2","1","Glúteo:primary:1","needs_review","needs_review","not_in_scope","5eXRP0YFuR4","single_target | safety_metadata_gap","","","","","false"
"3b176d08-d9f9-46e2-a817-af77ad5768c1","Abdução de Quadril em Prancha Lateral com miniband","P2","1","Glúteo:primary:1","needs_review","needs_review","not_in_scope","WV7fArBuYS4","single_target | safety_metadata_gap","","","","","false"
"bcb42b88-23ee-402b-bc5d-482e95e4bec0","Abdução de Quadril no Banco com Caneleira","P2","1","Glúteo:primary:1","needs_review","needs_review","not_in_scope","UtVUKHuB3Ns","single_target | safety_metadata_gap","","","","","false"
"fb5c8403-d675-4928-8d39-cec23fc7054b","Abdução de Quadril Polia","P2","1","Glúteo:primary:1","needs_review","needs_review","not_in_scope","3NqFRDKdY8o","single_target | safety_metadata_gap","","","","","false"
"02a99ab3-c126-4832-9718-2dd717e7ba82","Abdução em Prancha Lateral c/ Joelhos Flexionados","P2","1","Quadríceps:primary:100","needs_review","needs_review","not_in_scope","Y_yWx7SwSXY","single_target | safety_metadata_gap","","","","","false"
"0217ae0c-3e89-4082-addc-054ab599055b","Abdução na parede com mini band","P2","1","Glúteo:primary:100","needs_review","needs_review","not_in_scope","","single_target | safety_metadata_gap","","","","","false"
"6b73310b-e91c-470f-90a7-dd5c54a477cb","Abdução Uni em Prancha lateral","P2","1","Abdominais:primary:100","needs_review","needs_review","needs_review","pWGhRO5grqs","single_target | safety_metadata_gap | duplicate_video_cluster","","","","","false"
"7f97f464-1f1d-47ba-9521-b2958f6714d1","Abs medball","P2","1","Abdominais:primary:100","needs_review","needs_review","not_in_scope","RZMeE9MlH60","single_target | safety_metadata_gap","","","","","false"
"faf12cde-1543-492d-9746-bf5bb6e4e35f","Airplane (avião - quadril)","P2","1","Glúteo:primary:100","needs_review","needs_review","not_in_scope","jFHZs05bTwo","single_target | safety_metadata_gap","","","","","false"
"c4c19b19-2a1c-4ff6-9f59-05aab846fee5","Alcance unipodal (Y-balance)","P2","1","Estabilidade:primary:100","needs_review","needs_review","not_in_scope","YJ6zbPm3k2U","single_target | safety_metadata_gap","","","","","false"
"d7dee2b8-8f7a-414f-a2cf-b1ff769967fa","Along. Adutores Bilateral","P2","1","Adutores:primary:1","needs_review","not_in_scope","not_in_scope","8T6Ty3dH-YQ","single_target","","","","","false"
"801cfb45-c447-425b-aff0-26b5d87ce5d9","Along. Adutores Flexionado (Frog)","P2","1","Adutores:primary:1","needs_review","not_in_scope","not_in_scope","-a5i7-UpvBY","single_target","","","","","false"
"0197410d-5f04-4c31-8b1c-7599f49e6774","Along. Adutores Unilateral Estendido","P2","1","Adutores:primary:1","needs_review","not_in_scope","not_in_scope","D6tk-6a-HyU","single_target","","","","","false"
"6bd9ccf9-9832-4ec7-ac30-34bac76d20db","Along. Coluna Rotação","P2","1","Mobilidade:primary:100","needs_review","not_in_scope","not_in_scope","577oDMAYFXM","single_target","","","","","false"
"48fdd2e6-1cad-42bf-8ebc-6099cc9d437e","Along. Dorsal Unilateral Espaldar","P2","1","Dorsal:primary:100","needs_review","not_in_scope","not_in_scope","ZaUTPYQjQK0","single_target","","","","","false"
"de394e81-17b2-4feb-bcf2-5b5991e04c6c","Along. Glúteo Cruzado Espaldar","P2","1","Glúteo:primary:1","needs_review","not_in_scope","not_in_scope","W4fJRBkY_yk","single_target","","","","","false"
"966ff2d0-8dca-402f-9e5e-c630869682a8","Along. Glúteo Cruzado Solo","P2","1","Glúteo:primary:1","needs_review","not_in_scope","not_in_scope","kIrYl6o68qw","single_target","","","","","false"
"92b7dfba-cb1d-43f8-86a1-b89d7f5d4db1","Along. Iliopsoas","P2","1","Mobilidade:primary:100","needs_review","not_in_scope","not_in_scope","QpINZeMgNZ8","single_target","","","","","false"
"7cbab4b8-70cb-4bae-add3-e5f0ea95b220","Along. Levantador da Escápula","P2","1","Mobilidade:primary:100","needs_review","not_in_scope","not_in_scope","cEnj0PdO63E","single_target","","","","","false"
"737b8377-e7a6-49e6-954c-644b435a97cd","Along. Panturrilha Unilateral","P2","1","Panturrilha:primary:1","needs_review","not_in_scope","not_in_scope","0jlTNz1TR48","single_target","","","","","false"
"1e780c54-cd0f-4b68-b1b3-d2fc2aeef576","Along. Peitoral Bilateral Espaldar","P2","1","Peitoral:primary:100","needs_review","not_in_scope","not_in_scope","g0MDyIwhcu4","single_target","","","","","false"
"36377d3a-12e3-4ff1-ba6c-8d378dff2d77","Along. Peitoral Menor","P2","1","Peitoral:primary:100","needs_review","not_in_scope","not_in_scope","5H0O4DJQJKQ","single_target","","","","","false"
"069596e0-f5a3-4f6e-82e7-b0e3fec2e9e4","Along. Peitoral Unilateral Espaldar","P2","1","Peitoral:primary:100","needs_review","not_in_scope","not_in_scope","M1MOKg35uP8","single_target","","","","","false"
"eb7618bc-1e4a-4394-aaa4-c8a8697d56f5","Along. Pigeon","P2","1","Mobilidade:primary:100","needs_review","not_in_scope","not_in_scope","FpUE6dQurNU","single_target","","","","","false"
"06edd293-b856-47c0-ae91-8e1cc523688f","Along. Posterior Bilateral em Pé","P2","1","Posterior de Coxa:primary:100","needs_review","not_in_scope","not_in_scope","Q6zfcff3Yik","single_target","","","","","false"
"4d624a0c-e3a0-40e7-9d2a-4f1b72584c61","Along. Posterior Bilateral Solo","P2","1","Posterior de Coxa:primary:100","needs_review","not_in_scope","not_in_scope","5gPDoHIidC4","single_target","","","","","false"
"8f725656-bb0e-4ed0-9fbb-f0fecfaf6523","Along. Posterior Unilateral Estendido","P2","1","Posterior de Coxa:primary:100","needs_review","not_in_scope","not_in_scope","R-qnfT6jOyg","single_target","","","","","false"
"c08df451-d8bb-4923-829b-3ddc21ead3b9","Along. Posterior Unilateral Flexionado","P2","1","Posterior de Coxa:primary:100","needs_review","not_in_scope","not_in_scope","aSbiqbr1Myk","single_target","","","","","false"
"5f12d59c-e9e4-4b5d-8014-587b8c9c286b","Along. Posterior Unilateral Solo","P2","1","Posterior de Coxa:primary:100","needs_review","not_in_scope","not_in_scope","hDzcNp5jIJE","single_target","","","","","false"
"c4530121-861e-48ce-ae2f-90ecdd098b1a","Along. Quadríceps Bilateral Solo","P2","1","Quadríceps:primary:100","needs_review","not_in_scope","not_in_scope","Fakcx7puY4w","single_target","","","","","false"
"2528f127-fd91-4f2e-a4aa-4e1f8290163e","Along. Quadríceps Unilateral em Pé","P2","1","Quadríceps:primary:100","needs_review","not_in_scope","not_in_scope","vrrUcPM7YN8","single_target","","","","","false"
"4b71ea5c-aa1a-4cba-a87f-8197a924823f","Along. Reto Femoral Solo","P2","1","Mobilidade:primary:100","needs_review","not_in_scope","not_in_scope","HQX_3VXXfCw","single_target","","","","","false"
"996d15ba-40b6-436b-9b00-22e9978b9e10","Along. Tensor da Fascia Lata Solo","P2","1","Mobilidade:primary:100","needs_review","not_in_scope","not_in_scope","TCxFYwuHQ_g","single_target","","","","","false"
"bd2efefb-8df6-4f90-a929-797fec7ac4d6","Alongamento de Glúteos 90-90","P2","1","Glúteo:primary:100","needs_review","not_in_scope","not_in_scope","imsCM1oW-z0","single_target","","","","","false"
"522511bf-ecc7-4f48-97dc-2493e32d5299","Alongamento TFL","P2","1","Mobilidade:primary:100","needs_review","not_in_scope","not_in_scope","","single_target","","","","","false"
"c22a4ab4-20e0-4b7b-b8be-4ede1247e693","Apoio em tandem (pé-ante-pé)","P2","1","Estabilidade:primary:100","needs_review","needs_review","not_in_scope","t-ITaMwHNdk","single_target | safety_metadata_gap","","","","","false"
"b4f55b28-cccc-475e-805a-cfd0406d2e60","Apoio unipodal (single-leg stance)","P2","1","Estabilidade:primary:100","needs_review","needs_review","not_in_scope","Yme0uEvvBjI","single_target | safety_metadata_gap","","","","","false"
"dcfe8eba-b4a7-4f0d-a800-10f0f25d3cd0","Apoio Unipodal + mini band ( ativação pé )","P2","1","Glúteo:primary:100","needs_review","needs_review","not_in_scope","ldgXpLUMDes","single_target | safety_metadata_gap","","","","","false"
"6f354269-311d-4878-b66c-27fc7090161e","Apoio unipodal no bosu","P2","1","Estabilidade:primary:100","needs_review","needs_review","not_in_scope","7cBZwaTjzz0","single_target | safety_metadata_gap","","","","","false"
"754a5c3f-93a7-40c2-afe7-4b1e55ebe897","Apoio unipodal olhos fechados","P2","1","Estabilidade:primary:100","needs_review","needs_review","not_in_scope","Jn7GDTjOC2M","single_target | safety_metadata_gap","","","","","false"
"4dbab5a1-26ad-419a-b995-b1d96e6e90a4","Arremesso acima da cabeça com medicine ball","P2","1","Performance:primary:100","needs_review","not_in_scope","not_in_scope","1ZSbYcLVUT8","single_target","","","","","false"
"2647a1f4-34d8-4667-a846-fd72eed9c2d6","Arremesso de peito com medicine ball","P2","1","Peitoral:primary:100","needs_review","not_in_scope","not_in_scope","oJay9QzhMJ8","single_target","","","","","false"
"16945c86-3ad5-44fb-bfaf-e601ea1a5877","Arremesso rotacional com medicine ball","P2","1","Core:primary:100","needs_review","needs_review","not_in_scope","ivF-vzxhL3s","single_target | safety_metadata_gap","","","","","false"
"10b412af-1efc-49ad-b38d-f62c5a09c0d9","Aterrissagem de caixa (box drop landing)","P2","1","Performance:primary:100","needs_review","not_in_scope","not_in_scope","HzBG6PoN96M","single_target","","","","","false"
"db93bd35-d429-4009-bbf6-28b5a44e9cfc","Aterrissagem de caixa unipodal","P2","1","Performance:primary:100","needs_review","needs_review","not_in_scope","jJi5wK3GLfA","single_target | safety_metadata_gap","","","","","false"
"35d9b280-868c-4500-945f-5094f7e2ff43","Aterrissagem lateral e estabiliza","P2","1","Performance:primary:100","needs_review","needs_review","not_in_scope","t9EKBZzJK1U","single_target | safety_metadata_gap","","","","","false"
"7565719f-c11a-4c3e-9c2f-533cd0f86b3c","Aterrissagem rotacional e estabiliza","P2","1","Performance:primary:100","needs_review","needs_review","not_in_scope","3-HTsX30ZyU","single_target | safety_metadata_gap","","","","","false"
"b7e8d7e7-c1be-4d2a-8c35-93875b521914","Aterrissagem unipodal (single-leg landing)","P2","1","Performance:primary:100","needs_review","not_in_scope","not_in_scope","NX6W12IIt4s","single_target","","","","","false"
"310f9f12-1811-4fa5-a13e-0cda9957b22b","Aterrissagem unipodal com banda (perturbação)","P2","1","Performance:primary:100","needs_review","needs_review","not_in_scope","zyY_PNQq21U","single_target | safety_metadata_gap","","","","","false"
"a919653b-c39f-416e-86f7-a6a5fd1fb80a","Ativação de Glúteo mini band","P2","1","Glúteo:primary:100","needs_review","needs_review","not_in_scope","3zLP_LuaDpw","single_target | safety_metadata_gap","","","","","false"
"5664e6f2-52fe-46d9-be5a-a8806703ad84","Ativação Escapular 4 Apoios","P2","1","Funcional:primary:100","needs_review","needs_review","not_in_scope","D2GRzUmzDP0","single_target | safety_metadata_gap","","","","","false"
"b0584d56-0a2d-44be-96af-1372c88b4a9a","Ativação Escapular Unilateral 4 Apoios","P2","1","Funcional:primary:100","needs_review","needs_review","not_in_scope","IFyhFW4wQCc","single_target | safety_metadata_gap","","","","","false"
"df560304-9a05-4644-b3d3-7fb304be1c7c","Ativação Glúteos Parede Miniband","P2","1","Glúteo:primary:100","needs_review","needs_review","not_in_scope","xhWtJkMt5Xs","single_target | safety_metadata_gap","","","","","false"
"dc4a5ffe-82a1-4ec2-a456-5bdceaa86d62","Avanço com rotação de tronco","P2","1","Funcional:primary:100","needs_review","needs_review","not_in_scope","","single_target | safety_metadata_gap","","","","","false"
"ec014d1e-7272-4866-a4b0-8891b1db6189","Balaço de panturrilha e tíbial","P2","1","Quadríceps:primary:100","needs_review","needs_review","not_in_scope","4yMbzsUQuVI","single_target | safety_metadata_gap","","","","","false"
"5d5060a7-43e2-40a8-afd4-d368d041375a","Band pull-apart","P2","1","Dorsal:primary:100","needs_review","needs_review","not_in_scope","MFyWx1-0ePI","single_target | safety_metadata_gap","","","","","false"
"3c9d3fa4-d90b-4a2c-9407-ca2c8e3135ef","Band walk frontal","P2","1","Funcional:primary:100","needs_review","needs_review","not_in_scope","","single_target | safety_metadata_gap","","","","","false"
"bdec8f3b-dea0-4164-bd7b-ab273d6d101d","Barra supinada (chin-up)","P2","1","Peso Corporal:primary:100","needs_review","needs_review","not_in_scope","lIQyTnxze48","single_target | safety_metadata_gap","","","","","false"
"b0a48a05-1353-4553-b95d-a5809bf10e45","Battle rope (ondas)","P2","1","Funcional:primary:100","needs_review","needs_review","not_in_scope","UZTrXSjDH4E","single_target | safety_metadata_gap","","","","","false"
"9906609c-9980-46ad-b291-16989baa0d27","Bear crawl","P2","1","Funcional:primary:100","needs_review","needs_review","not_in_scope","Ee1BQNI6zN4","single_target | safety_metadata_gap","","","","","false"
"4f30a215-6227-46f8-92a1-f7149eae8c60","Bicycle crunch","P2","1","Core:primary:100","needs_review","needs_review","not_in_scope","Or3BkGOTt8Y","single_target | safety_metadata_gap","","","","","false"
"492b16f9-0ca8-4d87-a233-20a106b4a532","Bird dog","P2","1","Core:primary:100","needs_review","needs_review","needs_review","YAyZS888Ugo","single_target | safety_metadata_gap | duplicate_video_cluster","","","","","false"
"99ec0aac-513c-46ce-b780-68183bc8cdbd","Bird dog","P2","1","Controle Motor:primary:100","needs_review","needs_review","needs_review","YAyZS888Ugo","single_target | safety_metadata_gap | duplicate_video_cluster","","","","","false"
"1aed1cd3-3781-4f5b-b1a6-cacef13b34f9","Bird dog com mini band","P2","1","Core:primary:100","needs_review","needs_review","not_in_scope","PZcET_feXpA","single_target | safety_metadata_gap","","","","","false"
"c8221a75-a074-4b35-8ec9-0b40a3b58646","Bird dog de ativação","P2","1","Ativação:primary:100","needs_review","needs_review","not_in_scope","jeNyxVWyUbM","single_target | safety_metadata_gap","","","","","false"
"1a753479-4b74-43b2-8e75-1a9ace6d4b35","Biset Cadeira Abdutora 45 + 90","P2","1","Glúteo:primary:100","needs_review","needs_review","needs_review","YRw32M0yjIk","single_target | safety_metadata_gap | duplicate_video_cluster","","","","","false"
"4b0b3925-7ba0-476a-b7a2-e2d06fef90bd","Biset Cadeira Abdutora 90 + Inclinada","P2","1","Glúteo:primary:100","needs_review","needs_review","not_in_scope","CblCvLRAPB8","single_target | safety_metadata_gap","","","","","false"
"759f84c5-4c58-4f67-a789-ec64fcc960e7","Biset Elevação Lateral Sentado 90 + Inclinada","P2","1","Deltoide Lateral:primary:1","needs_review","not_in_scope","not_in_scope","EGBGFtPlzbo","single_target","","","","","false"
"1c97bc1e-2dfe-4f83-b329-49ca21a8350a","Biset Extensora + Nórdico Reverso","P2","1","Quadríceps:primary:1","needs_review","needs_review","not_in_scope","4F_riQaZcws","single_target | safety_metadata_gap","","","","","false"
"c582b327-3be8-457a-9540-d534d3811572","Biset Prancha Frontal + Lateral","P2","1","Abdominais:primary:1","needs_review","needs_review","not_in_scope","jh0z3gbljUM","single_target | safety_metadata_gap","","","","","false"
"c4304ed9-f79d-4d0e-b66b-5b143db31253","Biset Rosca Direta + Rosca Invertida Barra W","P2","1","Bíceps:primary:1","needs_review","needs_review","not_in_scope","p_Y7Yuv2bdU","single_target | safety_metadata_gap","","","","","false"
"fd6071fb-701b-4d09-afb2-fa7ba8fc5e24","Biset Rosca Direta Polia + Rosca Invertida Polia","P2","1","Bíceps:primary:1","needs_review","needs_review","not_in_scope","jbSr9CzJPmA","single_target | safety_metadata_gap","","","","","false"
"b5b7247a-e72d-4010-aec7-b0f21a8e5fa1","Biset Tríceps Polia + Inverso Polia Barra","P2","1","Tríceps:primary:1","needs_review","needs_review","needs_review","re-ILvqD1RE","single_target | safety_metadata_gap | duplicate_video_cluster","","","","","false"
"39a9d0bc-1aaf-4838-a14d-4e516b15d075","Biset Tríceps Polia + Testa Polia Barra","P2","1","Tríceps:primary:1","needs_review","needs_review","not_in_scope","M3DUjy29Yxk","single_target | safety_metadata_gap","","","","","false"
"86ee3559-0d35-47b2-877a-cb078d56d975","Biset Tríceps Polia + Testa Polia Corda","P2","1","Tríceps:primary:1","needs_review","needs_review","not_in_scope","aNr8yjs34nM","single_target | safety_metadata_gap","","","","","false"
"b25cec38-45f8-4a92-8baa-fe0f449fd307","Body saw na prancha","P2","1","Core:primary:100","needs_review","needs_review","not_in_scope","x0TVYi-ygNo","single_target | safety_metadata_gap","","","","","false"
"c916c624-2e7c-40b2-8195-4e5f8a4f2c3c","Bom dia","P2","1","Posterior de Coxa:primary:1","needs_review","needs_review","needs_review","vtY9T1-j26Q","single_target | safety_metadata_gap | duplicate_video_cluster","","","","","false"
"9c34a520-62bb-4385-b4f4-384ebce408b8","Bom Dia Máquina","P2","1","Posterior de Coxa:primary:1","needs_review","needs_review","not_in_scope","aAvJCDyG0m0","single_target | safety_metadata_gap","","","","","false"
"99a351d1-7fc4-441c-b95c-691e795f26d1","Bom dia Smith","P2","1","Posterior de Coxa:primary:1","needs_review","needs_review","not_in_scope","KoeI-2kPZ8I","single_target | safety_metadata_gap","","","","","false"
"55ca9bc7-e978-4bfd-a571-f87f50d21d95","Bound reativo com banda no quadril","P2","1","Glúteo:primary:100","needs_review","not_in_scope","not_in_scope","uUHJvzKE6MM","single_target","","","","","false"
"0e59ded2-d50d-44d4-a985-97352e1022e5","Bound unipodal (single-leg bound)","P2","1","Performance:primary:100","needs_review","not_in_scope","not_in_scope","mEXwjW5CFHs","single_target","","","","","false"
"dd9ad55a-2d97-4862-b9c1-3cc17167b258","Bounding (passadas saltadas)","P2","1","Quadríceps:primary:100","needs_review","not_in_scope","not_in_scope","fPcGgGDz6_8","single_target","","","","","false"
"6430da02-52ca-4597-ac3c-685ac4fad388","Bounding alternado (passadas saltadas longas)","P2","1","Quadríceps:primary:100","needs_review","not_in_scope","not_in_scope","Y8uEgUPaOUM","single_target","","","","","false"
"1528aefa-4644-48c9-a527-a5cab3f067f7","Bounds ( plio )","P2","1","Performance:primary:100","needs_review","not_in_scope","not_in_scope","Doki2WUwiXU","single_target","","","","","false"
"03a0f23f-cab8-41ad-9c51-5b5f928ec103","Box jump","P2","1","Performance:primary:100","needs_review","not_in_scope","needs_review","z5j5hHsEcqU","single_target | duplicate_video_cluster","","","","","false"
"20c16979-e09d-4122-a3b5-0b6876dfe77a","Box jump com aterrissagem suave","P2","1","Performance:primary:100","needs_review","not_in_scope","needs_review","z5j5hHsEcqU","single_target | duplicate_video_cluster","","","","","false"
"81bf8e7c-dbab-4002-8492-56f99adabf0f","Box jump sem contramovimento","P2","1","Quadríceps:primary:100","needs_review","not_in_scope","not_in_scope","q2CgWnfspEc","single_target","","","","","false"
"ebfc7276-35e4-4b9f-b030-05a170d6fcef","Box Jump Uni","P2","1","Quadríceps:primary:100","needs_review","not_in_scope","needs_review","z5j5hHsEcqU","single_target | duplicate_video_cluster","","","","","false"
"a2e06823-6b12-4b56-af94-f3f14755a54a","Bracing Solo","P2","1","Abdominais:primary:100","needs_review","needs_review","not_in_scope","lix5jqJeEYI","single_target | safety_metadata_gap","","","","","false"
"d5685718-8c7f-4230-83e2-6585e687924a","Búlgaro Variação 1","P2","1","Quadríceps:primary:100","needs_review","not_in_scope","needs_review","v-bItsW7fUI","single_target | duplicate_video_cluster","","","","","false"
"7caad9cc-dce4-40b5-a9c7-455c7853570e","Cable crunch (abdominal na polia)","P2","1","Core:primary:100","needs_review","needs_review","not_in_scope","C68dbYflq2w","single_target | safety_metadata_gap","","","","","false"
"4da66eac-c9b9-4f03-bc6f-a69da1eba99f","Cadeira Abdutora 45","P2","1","Glúteo:primary:100","needs_review","needs_review","needs_review","YRw32M0yjIk","single_target | safety_metadata_gap | duplicate_video_cluster","","","","","false"
"8d9c8d95-ca83-4b41-aece-ded54f6711c7","Cadeira Abdutora 90","P2","1","Glúteo:primary:100","needs_review","needs_review","not_in_scope","eeq_dtAzFZg","single_target | safety_metadata_gap","","","","","false"
"44492ac7-de5a-4cba-ad7f-a7d8630de5cc","Cadeira Abdutora com Extensão de Quadril","P2","1","Glúteo:primary:100","needs_review","needs_review","not_in_scope","ZGlHc-Aw1iQ","single_target | safety_metadata_gap","","","","","false"
"8d920409-e19e-4364-bd64-985ccfb46c0e","Cadeira Abdutora Inclinada","P2","1","Glúteo:primary:100","needs_review","needs_review","not_in_scope","F14bfqFJmrw","single_target | safety_metadata_gap","","","","","false"
"8861655a-9cda-46e1-9397-b50783953b9b","Cadeira Adutora","P2","1","Adutores:primary:1","needs_review","needs_review","not_in_scope","C3tldrEVnjI","single_target | safety_metadata_gap","","","","","false"
"619df5e8-b0fc-4229-ad64-b185e41903ee","Cadeira Extensora","P2","1","Quadríceps:primary:100","needs_review","needs_review","not_in_scope","PzIfB9MiiX8","single_target | safety_metadata_gap","","","","","false"
"81a10f69-c409-40f5-b41c-e50436b7ca50","Cadeira Extensora Unilateral","P2","1","Quadríceps:primary:1","needs_review","needs_review","not_in_scope","pL0DNBb_HlE","single_target | safety_metadata_gap","","","","","false"
"961f2121-1053-4f1f-9376-86f21cb9e68b","Cadeira Flexora","P2","1","Posterior de Coxa:primary:100","needs_review","needs_review","not_in_scope","MqhoP1kWMA8","single_target | safety_metadata_gap","","","","","false"
"ae13d351-7019-4b7d-b0e6-cea4b8fea50d","Cadeira Flexora com Flexão de Quadril","P2","3","Deltoide Anterior:secondary:0.5 | Tríceps:secondary:0.5 | Peitoral:primary:1","not_in_scope","needs_review","not_in_scope","c3cng1WqREQ","safety_metadata_gap","","","","","false"
"4a8b14bf-d7a8-422d-932a-63a3af07e453","Cadeira Flexora com Flexão de Quadril Unilateral","P2","3","Deltoide Anterior:secondary:0.5 | Tríceps:secondary:0.5 | Peitoral:primary:1","not_in_scope","needs_review","not_in_scope","bdXGI3t7nFM","safety_metadata_gap","","","","","false"
"6c0996c0-b774-47c0-99e4-f6c3bff1a9c8","Cadeira Flexora Unilateral","P2","2","Glúteo:secondary:0.5 | Posterior de Coxa:primary:1","not_in_scope","needs_review","not_in_scope","vl64tUJrFIQ","safety_metadata_gap","","","","","false"
"e6a748f5-2993-4f31-9e58-cb68e6ed8381","Caminhada lateral com mini band","P2","1","Glúteo:primary:100","needs_review","needs_review","not_in_scope","g65F7ISjX5I","single_target | safety_metadata_gap","","","","","false"
"8ee2ccea-edb2-47a9-8ea2-4b5c23c3bf40","Cardio","P2","1","Cardio Longo:primary:100","needs_review","needs_review","not_in_scope","nYIAyjBrkNY","single_target | safety_metadata_gap","","","","","false"
"17c7779c-adac-4f4b-8253-99aec7b94a10","CARs de ombro","P2","1","Deltoide Posterior:primary:100","needs_review","not_in_scope","not_in_scope","ucszlTh-enU","single_target","","","","","false"
"dc9ff1ef-fb37-4314-b421-c6bb03f9f1ca","CARs de quadril","P2","1","Glúteo:primary:100","needs_review","not_in_scope","not_in_scope","vQYmLNGNQ98","single_target","","","","","false"
"96cec170-bac7-450f-b235-7fcaa3f93617","CARs de tornozelo","P2","1","Panturrilha:primary:100","needs_review","not_in_scope","not_in_scope","uGFIUlF88PA","single_target","","","","","false"
"4bda1934-e7b7-4473-bb08-e64df17fe9ab","Cat-camel (gato-camelo)","P2","1","Controle Motor:primary:100","needs_review","needs_review","not_in_scope","YuzoxlVanHw","single_target | safety_metadata_gap","","","","","false"
"73c71887-0b9f-47f9-9397-4a14d0d10844","Chop meio-ajoelhado (tall/half kneeling)","P2","1","Controle Motor:primary:100","needs_review","needs_review","not_in_scope","iIDiPsMLj4k","single_target | safety_metadata_gap","","","","","false"
"c61b4e4f-4f72-410e-bbe1-c0e95e4a17d7","Chop Polia com Corda (CORE)","P2","1","Abdominais:primary:100","needs_review","needs_review","not_in_scope","wObPeFDbGM0","single_target | safety_metadata_gap","","","","","false"
"253359b8-bda8-4506-8aaf-d922c1631cad","Coice de glúteo (kickback) com banda","P2","1","Glúteo:primary:100","needs_review","needs_review","not_in_scope","2EnaDqghMVY","single_target | safety_metadata_gap","","","","","false"
"3bd15908-90de-4c6a-8c64-31ad3c75f845","Coice Polia Baixa","P2","1","Tríceps:primary:1","needs_review","needs_review","not_in_scope","xGM6YEIXlJU","single_target | safety_metadata_gap","","","","","false"
"e6058264-060f-4e41-83ee-6810f38ca520","Coice Polia Média","P2","1","Tríceps:primary:1","needs_review","needs_review","not_in_scope","ma9TcLtmBvY","single_target | safety_metadata_gap","","","","","false"
"0864ae00-8b2d-4956-b7ae-b58ccd7b1747","Concha (clamshell) com banda","P2","1","Ativação:primary:100","needs_review","needs_review","not_in_scope","6rWe6tLc_KM","single_target | safety_metadata_gap","","","","","false"
"bcf67999-ce05-4e6a-aebe-750d618ead5a","Controle motor - mobilidade e estabilidade","P2","1","Mobilidade:primary:100","needs_review","not_in_scope","needs_review","3vl3D0tk1tQ","single_target | duplicate_video_cluster","","","","","false"
"b166a655-c9b0-4c7d-bd42-4f7ed3f384c1","Copenhagen plank","P2","1","Core:primary:100","needs_review","needs_review","not_in_scope","kXTHTV6--Bo","single_target | safety_metadata_gap","","","","","false"
"d99e2cbd-d66b-4c4d-a4a4-bc614f07c455","CORE ( combinado )","P2","1","Abdominais:primary:100","needs_review","needs_review","not_in_scope","bfwdyaUFYtI","single_target | safety_metadata_gap","","","","","false"
"1941c28d-39dc-45f1-b598-4e209e3a1628","CORE Medball deitado","P2","1","Abdominais:primary:100","needs_review","needs_review","not_in_scope","Datv2L6t3-4","single_target | safety_metadata_gap","","","","","false"
"0d8ff75a-5d94-4c9a-897d-fd155c83e0ca","Corrida","P2","1","Cardio Longo:primary:100","needs_review","needs_review","not_in_scope","6Lrn-WRU26M","single_target | safety_metadata_gap","","","","","false"
"2e04727d-35b1-4053-8733-ed0cec7da94f","Cossack squat","P2","1","Quadríceps:primary:100","needs_review","not_in_scope","not_in_scope","DAUb0U2RwPY","single_target","","","","","false"
"c0464d7f-5b14-4336-83ef-5c7933116d73","Couch stretch (alongamento de quadril)","P2","1","Glúteo:primary:100","needs_review","not_in_scope","not_in_scope","TIJu5aWPke0","single_target","","","","","false"
"edc403cb-1113-45d7-8b1e-93eb01926e15","Countermovement jump (CMJ)","P2","1","Performance:primary:100","needs_review","not_in_scope","not_in_scope","09yR5a4u-6A","single_target","","","","","false"
"8b509e2a-e30f-4656-b0fb-7a0a19b00321","Crab walk","P2","1","Funcional:primary:100","needs_review","needs_review","not_in_scope","3Yb6m0z6qsc","single_target | safety_metadata_gap","","","","","false"
"aa78feb2-704f-451a-9c40-f5ef29d2568d","Cross Over Inclinado Banco 45","P2","3","Deltoide Anterior:secondary:0.5 | Tríceps:secondary:0.5 | Peitoral:primary:1","not_in_scope","needs_review","not_in_scope","jwC-zvG4KMU","safety_metadata_gap","","","","","false"
"b5528218-4bd6-4f43-83a7-6be9663a6de1","Cross Over Medial","P2","3","Deltoide Anterior:secondary:0.5 | Tríceps:secondary:0.5 | Peitoral:primary:1","not_in_scope","needs_review","not_in_scope","nuTuKjcQRHg","safety_metadata_gap","","","","","false"
"8f5a324b-b573-4b6b-87f6-49461b8cdbce","Cross Over Medial Banco 90","P2","3","Deltoide Anterior:secondary:0.5 | Tríceps:secondary:0.5 | Peitoral:primary:1","not_in_scope","needs_review","needs_review","pdMWt71MPlw","safety_metadata_gap | duplicate_video_cluster","","","","","false"
"b551a0d4-326f-4b4c-b909-8af4929130b2","Cross Over Polia Alta","P2","1","Peitoral:primary:100","needs_review","needs_review","not_in_scope","tOi2bxl_4rw","single_target | safety_metadata_gap","","","","","false"
"b10456d7-2463-41ee-9087-f7cf42006a00","Cross Over Polia Alta 3 Porções","P2","3","Deltoide Anterior:secondary:0.5 | Tríceps:secondary:0.5 | Peitoral:primary:1","not_in_scope","needs_review","needs_review","pdMWt71MPlw","safety_metadata_gap | duplicate_video_cluster","","","","","false"
"ea93a5a1-a755-4c12-8b5e-33a4741a7593","Cross Over Supinado","P2","3","Deltoide Anterior:secondary:0.5 | Tríceps:secondary:0.5 | Peitoral:primary:1","not_in_scope","needs_review","needs_review","pdMWt71MPlw","safety_metadata_gap | duplicate_video_cluster","","","","","false"
"4c1d784b-f68b-4eb3-b6b8-962733b0d4a8","Dead bug","P2","1","Controle Motor:primary:100","needs_review","needs_review","needs_review","uQfzuKBMJeE","single_target | safety_metadata_gap | duplicate_video_cluster","","","","","false"
"cba7692e-3f67-4212-95f7-96bfcbe3753d","Dead bug","P2","1","Core:primary:100","needs_review","needs_review","needs_review","uQfzuKBMJeE","single_target | safety_metadata_gap | duplicate_video_cluster","","","","","false"
"cd97f513-28aa-489c-9cd3-af81e703af74","Dead bug com mini band","P2","1","Core:primary:100","needs_review","needs_review","not_in_scope","iW_CtYtzbeU","single_target | safety_metadata_gap","","","","","false"
"399b6084-25de-43ca-827c-20d746c0dbe0","Dead bug de ativação","P2","1","Ativação:primary:100","needs_review","needs_review","needs_review","uQfzuKBMJeE","single_target | safety_metadata_gap | duplicate_video_cluster","","","","","false"
"2aa06234-f381-443e-98e1-79f597388da2","Deadlift Uni (controle motor)","P2","1","Posterior de Coxa:primary:100","needs_review","not_in_scope","not_in_scope","-Am4DDK4Nbc","single_target","","","","","false"
"4370ac29-8751-4de9-8765-d2c467c57353","Depth jump com rebote imediato","P2","1","Performance:primary:100","needs_review","not_in_scope","needs_review","gpXV2dzZ-oA","single_target | duplicate_video_cluster","","","","","false"
"de6df00a-0d66-453b-8d90-d8098810f986","Depth jump para caixa","P2","1","Performance:primary:100","needs_review","not_in_scope","not_in_scope","bV6nDjPECf4","single_target","","","","","false"
"8e9e3555-13f8-4239-b2f5-66bf7fea7194","Devil press","P2","1","Funcional:primary:100","needs_review","needs_review","not_in_scope","oLrM8U0qNeE","single_target | safety_metadata_gap","","","","","false"
"edf0f0e9-0ba8-4a65-b90d-a368e6e8296b","Drop (baixo) + Box Jump","P2","1","Quadríceps:primary:100","needs_review","not_in_scope","not_in_scope","l4WxAZYBWw0","single_target","","","","","false"
"4262a5bb-6fe3-4b61-99d0-1f04c2a71b86","Drop Bilateral ( Frenagem )","P2","1","Performance:primary:100","needs_review","not_in_scope","not_in_scope","p_DFy-Rt9W4","single_target","","","","","false"
"6ba0ecfc-8dad-4f04-acf1-554cdea238f1","Drop jump barra (plio)","P2","1","Performance:primary:100","needs_review","not_in_scope","not_in_scope","GxqxAYsy05Y","single_target","","","","","false"
"fdbbc862-e887-404f-ab17-ffd7301cf713","Drop Jump Bilateral ( plio )","P2","1","Performance:primary:100","needs_review","not_in_scope","needs_review","gpXV2dzZ-oA","single_target | duplicate_video_cluster","","","","","false"
"a23acdcd-c4b6-4678-a2c5-6f41dd3640ee","Drop jump bilateral + estab. uni","P2","1","Performance:primary:100","needs_review","not_in_scope","needs_review","U9y14C-iw1U","single_target | duplicate_video_cluster","","","","","false"
"e03a9284-f027-413c-a79f-32a2534581fc","Drop Jump Horizontal Bilateral","P2","1","Performance:primary:100","needs_review","not_in_scope","needs_review","U9y14C-iw1U","single_target | duplicate_video_cluster","","","","","false"
"72186f5e-8d3a-4f95-886a-88785e501294","Drop jump reativo (contato mínimo no solo)","P2","1","Performance:primary:100","needs_review","not_in_scope","not_in_scope","5sHEpF2gzkM","single_target","","","","","false"
"4c7c6ea2-a4b4-452f-9969-58c60221f0a1","Drop Jump Squat","P2","1","Quadríceps:primary:100","needs_review","not_in_scope","needs_review","nUlG__NTuxQ","single_target | duplicate_video_cluster","","","","","false"
"9fe176b1-0730-449d-97c4-7ec1f6e780c2","Drop landing (só aterrissagem)","P2","1","Performance:primary:100","needs_review","not_in_scope","not_in_scope","y0uGmsgGNIE","single_target","","","","","false"
"29fd7e63-ac61-4732-828a-9763f603984f","Drop to stick (queda da caixa e estabiliza)","P2","1","Performance:primary:100","needs_review","not_in_scope","not_in_scope","rieLmikC14s","single_target","","","","","false"
"4732f2be-a67a-4931-a8a7-510109a10851","Drop Unilateral","P2","1","Performance:primary:100","needs_review","not_in_scope","not_in_scope","TkGyrH6EQK4","single_target","","","","","false"
"0f30810b-4750-47ca-a7a7-5b01d906119e","Dumbbell push press","P2","1","Deltoide Posterior:primary:100","needs_review","not_in_scope","not_in_scope","4tCaD42ghlc","single_target","","","","","false"
"8c666a93-0716-493d-a299-2b2afc9f0f51","Educativo Estabilidade ( rigidez de tornozelo )","P2","1","Panturrilha:primary:100","needs_review","needs_review","needs_review","1X2aa0gs0A0","single_target | safety_metadata_gap | duplicate_video_cluster","","","","","false"
"947b6da5-7e97-4d27-badf-300ee1d5069a","Elevação de Quadril Solo","P2","1","Glúteo:primary:100","needs_review","needs_review","not_in_scope","8pkiaZBqCc8","single_target | safety_metadata_gap","","","","","false"
"d5b2efff-225d-4673-a0fa-b9e363def938","Elevação de Quadril Solo + Abdução no Pico de Contração com Miniband","P2","1","Glúteo:primary:1","needs_review","needs_review","not_in_scope","TXM4PXqam84","single_target | safety_metadata_gap","","","","","false"
"585b350c-bba4-433c-9830-e46be2af9175","Elevação de Quadril Solo com Miniband","P2","1","Glúteo:primary:100","needs_review","needs_review","not_in_scope","JoQ9U9QBHh4","single_target | safety_metadata_gap","","","","","false"
"72921c56-910a-4345-8b8d-26baf726516b","Elevação de Quadril Solo Unilateral","P2","1","Glúteo:primary:100","needs_review","needs_review","not_in_scope","X-wgs0mTJOs","single_target | safety_metadata_gap","","","","","false"
"e1a9fb5d-eb21-4a17-9694-75bcf9fc8a12","Elevação de Quadril Unilateral solo","P2","1","Glúteo:primary:100","needs_review","needs_review","needs_review","1satDE63Bwc","single_target | safety_metadata_gap | duplicate_video_cluster","","","","","false"
"ed0553ab-2073-41b1-92e7-d9856c2daa26","Elevação Frontal Barra","P2","1","Deltoide Anterior:primary:1","needs_review","not_in_scope","not_in_scope","mSiGD-Bj6Xk","single_target","","","","","false"
"713da3c2-14c9-4d74-8f7e-8a35d7ca21dd","Elevação Frontal Halteres Neutra","P2","1","Deltoide Anterior:primary:100","needs_review","not_in_scope","not_in_scope","F6toacmeUlA","single_target","","","","","false"
"124415c1-13d6-4df1-a464-96a66467db66","Elevação Frontal Neutra Alternada Em Pé","P2","1","Deltoide Anterior:primary:1","needs_review","not_in_scope","needs_review","EgtUbeC0qbw","single_target | duplicate_video_cluster","","","","","false"
"f42f0dfc-d75e-475f-bacb-ec5f05b321d5","Elevação Frontal Neutra Alternada Sentado","P2","1","Deltoide Anterior:primary:1","needs_review","not_in_scope","needs_review","Xi5voej2oa4","single_target | duplicate_video_cluster","","","","","false"
"cfb03da0-4462-422e-ad32-3f4abdbc29e8","Elevação Frontal Neutra para Pronada Alternada em pé","P2","1","Deltoide Anterior:primary:1","needs_review","not_in_scope","needs_review","EgtUbeC0qbw","single_target | duplicate_video_cluster","","","","","false"
"f1dc1f36-8d03-4ff6-ac34-623682e09b69","Elevação Frontal Neutra para Pronada Alternada Sentado","P2","1","Deltoide Anterior:primary:1","needs_review","not_in_scope","not_in_scope","UWRjE0iOa70","single_target","","","","","false"
"67c8c3af-c2ef-4908-b7e5-e1815d1acf2b","Elevação Frontal Neutra para pronada em pé","P2","1","Deltoide Anterior:primary:1","needs_review","not_in_scope","not_in_scope","a3NE4z6tK1E","single_target","","","","","false"
"e19e6c38-e490-464b-9e87-c6b3b37bc02c","Elevação Frontal Neutra para pronada sentado","P2","1","Deltoide Anterior:primary:1","needs_review","not_in_scope","needs_review","Xi5voej2oa4","single_target | duplicate_video_cluster","","","","","false"
"3b990b66-f39e-4954-8d21-0b644fd67bb9","Elevação Frontal Neutra Sentado","P2","1","Deltoide Anterior:primary:1","needs_review","not_in_scope","needs_review","Xi5voej2oa4","single_target | duplicate_video_cluster","","","","","false"
"e0a19df2-2e2c-4e5a-930b-3512059b2320","Elevação Frontal Polia Barra","P2","1","Deltoide Anterior:primary:1","needs_review","not_in_scope","not_in_scope","5ykGgOoB6IQ","single_target","","","","","false"
"f7503557-0c4c-4417-b6e0-594b6cc30dbf","Elevação Frontal Polia Corda","P2","1","Deltoide Anterior:primary:1","needs_review","not_in_scope","not_in_scope","QtsB8eOC-W8","single_target","","","","","false"
"8e92cb95-dc37-49d8-857b-5f0f36eef8ca","Elevação Frontal Pronada Em Pé","P2","1","Deltoide Anterior:primary:1","needs_review","not_in_scope","not_in_scope","bgoCYByyGmo","single_target","","","","","false"
"c3a857e7-c410-47d2-8aef-6dd7cb1ff9fc","Elevação Frontal Unilateral Polia","P2","1","Deltoide Anterior:primary:1","needs_review","not_in_scope","not_in_scope","Wrnc-rdHusU","single_target","","","","","false"
"944b34f5-829c-4a5f-813b-3a4c90ed5e5b","Elevação Lateral Banco 45","P2","1","Deltoide Lateral:primary:1","needs_review","not_in_scope","not_in_scope","2a4yANFdNys","single_target","","","","","false"
"990793df-0bdf-4afa-8b70-65117c9a5a2a","Elevação Lateral Cruzada Polia","P2","1","Deltoide Lateral:primary:1","needs_review","not_in_scope","needs_review","89J3D_XDa3A","single_target | duplicate_video_cluster","","","","","false"
"15968ffd-1b58-4859-b181-a8b9485a853c","Elevação Lateral Halteres","P2","1","Deltoide Lateral:primary:100","needs_review","not_in_scope","not_in_scope","IZCqw4krIDE","single_target","","","","","false"
"ab9d410a-e940-4d2c-b86a-e6b14a581fd7","Elevação Lateral Halteres Inclinada Sentado","P2","1","Deltoide Lateral:primary:1","needs_review","not_in_scope","not_in_scope","f7fA9P3Y0WM","single_target","","","","","false"
"bac1aae2-266d-4ebc-82ea-1bce6b01e70c","Elevação Lateral Halteres Sentado","P2","1","Deltoide Lateral:primary:1","needs_review","not_in_scope","not_in_scope","YbqbspnFnfo","single_target","","","","","false"
"4d6e1ebd-b611-4a8d-bee2-c16fa7a8b8a4","Elevação Lateral Inclinada Polia","P2","1","Deltoide Lateral:primary:1","needs_review","not_in_scope","not_in_scope","dgpts8LHOLc","single_target","","","","","false"
"7b06658f-12bb-4cd4-b749-ac2c38c5dfc9","Elevação Lateral Máquina","P2","1","Deltoide Lateral:primary:1","needs_review","not_in_scope","needs_review","89J3D_XDa3A","single_target | duplicate_video_cluster","","","","","false"
"173e23bb-4e7b-484e-b740-304ed542bc76","Elevação Lateral Neutra Halteres","P2","1","Deltoide Lateral:primary:1","needs_review","not_in_scope","not_in_scope","EBxYEPlRcy8","single_target","","","","","false"
"6cf9d1c8-14d4-4785-8e37-96193e44557d","Elevação Lateral Peito no Banco","P2","1","Deltoide Lateral:primary:1","needs_review","not_in_scope","not_in_scope","8YmfxOIs3TQ","single_target","","","","","false"
"5a700771-7bf1-4c3e-8397-072a0aa98c75","Elevação Lateral Polia","P2","1","Deltoide Lateral:primary:1","needs_review","not_in_scope","needs_review","89J3D_XDa3A","single_target | duplicate_video_cluster","","","","","false"
"275a185a-b011-4813-833f-a5a0854ab052","Elevação Lateral Unilateral Inclinada","P2","1","Deltoide Lateral:primary:1","needs_review","not_in_scope","not_in_scope","3vbYw9xklBc","single_target","","","","","false"
"54a3288a-01d2-412f-bf86-f2904b58cb91","Elevação Pélvica Barra","P2","2","Glúteo:primary:1 | Posterior de Coxa:secondary:0.5","not_in_scope","needs_review","not_in_scope","ptK0azwOXwM","safety_metadata_gap","","","","","false"
"d2e55bc6-411a-4ca9-8b6f-8fb86e8099b8","Elevação Pélvica Máquina","P2","2","Glúteo:primary:1 | Posterior de Coxa:secondary:0.5","not_in_scope","needs_review","not_in_scope","btWqWMBlwlc","safety_metadata_gap","","","","","false"
"7edea8df-450e-4ead-befd-adbd6efc207a","Elevação Pélvica Smith","P2","2","Glúteo:primary:1 | Posterior de Coxa:secondary:0.5","not_in_scope","needs_review","not_in_scope","rUFayQAac70","safety_metadata_gap","","","","","false"
"419b47e7-af8c-4b57-89c9-29def5e8688d","Elevação pélvica Unil","P2","1","Glúteo:primary:100","needs_review","needs_review","not_in_scope","","single_target | safety_metadata_gap","","","","","false"
"2dd3779f-980f-47f4-bf8f-ea0a1a4ccf95","Elevação Pélvica Unilateral Banco","P2","2","Glúteo:primary:1 | Posterior de Coxa:secondary:0.5","not_in_scope","needs_review","not_in_scope","UIf0QN-tz4I","safety_metadata_gap","","","","","false"
"58fcfb7a-5b8a-4295-92ef-9b370c4d1b1e","Elevação Pélvica Unilateral Landmine","P2","2","Glúteo:primary:1 | Posterior de Coxa:secondary:0.5","not_in_scope","needs_review","not_in_scope","YYkQasilKiU","safety_metadata_gap","","","","","false"
"c1a1a51b-0db1-4855-b091-0f9becd7845b","Elevação Pélvica Unilateral Máquina","P2","2","Glúteo:primary:1 | Posterior de Coxa:secondary:0.5","not_in_scope","needs_review","not_in_scope","UQFrW2pT7yM","safety_metadata_gap","","","","","false"
"0628f8ba-73d5-49e9-a802-bc1825680ecf","Encolhimento Halter","P2","1","Trapézio:primary:1","needs_review","needs_review","not_in_scope","cZLgyI2OKcs","single_target | safety_metadata_gap","","","","","false"
"462ab5a2-c923-4db3-a678-ca82d70e0585","Encolhimento Halter com Inclinação","P2","1","Trapézio:primary:1","needs_review","needs_review","not_in_scope","9trJxITED2A","single_target | safety_metadata_gap","","","","","false"
"c4343ec8-b13c-4ecb-9d18-2aba9b6f74dc","Encolhimento Inclinado Smith","P2","1","Trapézio:primary:1","needs_review","needs_review","needs_review","34et7-v21vw","single_target | safety_metadata_gap | duplicate_video_cluster","","","","","false"
"83aeb5e9-935b-4419-9e11-2192f9ed1794","Encolhimento Smith","P2","1","Trapézio:primary:1","needs_review","needs_review","needs_review","34et7-v21vw","single_target | safety_metadata_gap | duplicate_video_cluster","","","","","false"
"4b184b64-9581-43bb-bfb0-c081d373b5c1","Extensão da coluna com rolinho","P2","1","Mobilidade:primary:100","needs_review","not_in_scope","not_in_scope","niat-eLjOeE","single_target","","","","","false"
"9b9b7fc4-fdab-4ac8-978b-eb439db7be5b","Extensão de Punho 90 Graus Polia Baixa","P2","1","Antebraço:primary:1","needs_review","needs_review","not_in_scope","-9BS5GZE1Qs","single_target | safety_metadata_gap","","","","","false"
"d54ef301-c6bb-4d6e-9fd5-f51514817929","Extensão de Punho Halteres","P2","1","Antebraço:primary:1","needs_review","needs_review","not_in_scope","Kx8rg0MJX_c","single_target | safety_metadata_gap","","","","","false"
"495e8cd8-c47b-4093-b6c1-774d6e78d2c1","Extensão de Quadril Banco Romano","P2","1","Glúteo:primary:100","needs_review","needs_review","not_in_scope","WMmdNC1qr8k","single_target | safety_metadata_gap","","","","","false"
"efde85ec-e714-44b9-928c-8db249f06c04","Extensão de Quadril Banco Romano com Flexão","P2","3","Deltoide Anterior:secondary:0.5 | Tríceps:secondary:0.5 | Peitoral:primary:1","not_in_scope","needs_review","not_in_scope","l7SDw-10WzY","safety_metadata_gap","","","","","false"
"dfedffd3-0ae4-4f28-b4db-52f9a6ce8cc0","Extensão de Quadril Banco Romano Unilateral","P2","1","Glúteo:primary:100","needs_review","needs_review","not_in_scope","Ee6WHomotT8","single_target | safety_metadata_gap","","","","","false"
"3f51e5c8-acca-4225-a233-6d2faa5e1366","Extensão de Quadril com Miniband","P2","1","Glúteo:primary:100","needs_review","needs_review","not_in_scope","OzaxW8_K2is","single_target | safety_metadata_gap","","","","","false"
"5f47cbe1-d1d6-4718-b2ab-938178db7758","Extensão de Quadril Cruzada Polia","P2","1","Glúteo:primary:100","needs_review","needs_review","needs_review","MVP5ItqXNYs","single_target | safety_metadata_gap | duplicate_video_cluster","","","","","false"
"75cf318a-071a-47fe-8ba9-2ff21c68dcf2","Extensão de Quadril em Diagonal Miniband","P2","1","Glúteo:primary:100","needs_review","needs_review","needs_review","6fQwWnHMAoI","single_target | safety_metadata_gap | duplicate_video_cluster","","","","","false"
"f22fa86e-fde5-4fe9-b8a0-098ced95239a","Extensão de Quadril em Diagonal Polia","P2","1","Glúteo:primary:100","needs_review","needs_review","not_in_scope","tfZNIdu6Idg","single_target | safety_metadata_gap","","","","","false"
"1dfa63ac-6191-49f8-984a-faffd7c2a5d3","Extensão de Quadril Máquina","P2","1","Glúteo:primary:100","needs_review","needs_review","not_in_scope","z-BXEFGoQBg","single_target | safety_metadata_gap","","","","","false"
"95712a5d-a4e4-4469-a46b-f7c50855caef","Extensão de quadril no Banco Romano","P2","1","Glúteo:primary:100","needs_review","needs_review","not_in_scope","xtWQ9Ak1aK4","single_target | safety_metadata_gap","","","","","false"
"5c4f79d8-2927-4963-9539-ea65a0b978a9","Extensão Y-T","P2","1","Dorsal:primary:100","needs_review","needs_review","not_in_scope","04UWIsgkSDY","single_target | safety_metadata_gap","","","","","false"
"6b696ad3-5a7b-49e6-aacd-19de3a190056","Extensora com Alongamento Entre Séries","P2","1","Quadríceps:primary:1","needs_review","not_in_scope","not_in_scope","3_bdDqtRtcQ","single_target","","","","","false"
"fc958ce0-b6b5-4a54-bd3d-74b8828a56e2","Extensora Completa + Parcial Embaixo","P2","1","Quadríceps:primary:1","needs_review","needs_review","not_in_scope","sk1HDdQr1i4","single_target | safety_metadata_gap","","","","","false"
"fdab544b-3538-4dda-8a80-c438556da597","Extensora Parcial + Completa Crescente","P2","1","Quadríceps:primary:1","needs_review","needs_review","not_in_scope","rcUvlnJsDAU","single_target | safety_metadata_gap","","","","","false"
"d8f0ab53-6e7d-4c1f-9fb9-7b8407d62b68","Face pull com banda","P2","1","Dorsal:primary:100","needs_review","not_in_scope","not_in_scope","IndIttUTNMU","single_target","","","","","false"
"5fc77191-eb82-4f0f-ae09-5799929ad02f","Falling start sprint (queda e arranque)","P2","1","Performance:primary:100","needs_review","needs_review","not_in_scope","w4kDDcCjCto","single_target | safety_metadata_gap","","","","","false"
"40613578-d06a-4dd7-99a6-45cdd17ef021","Farmers carry","P2","1","Funcional:primary:100","needs_review","needs_review","not_in_scope","1uOs1hP3u4A","single_target | safety_metadata_gap","","","","","false"
"a2ea7519-0c86-4e16-bdec-aa6e571a764b","Fire hydrant com banda","P2","1","Ativação:primary:100","needs_review","needs_review","not_in_scope","BLx5wSzafxg","single_target | safety_metadata_gap","","","","","false"
"d2fd81f8-eae0-4694-ad7c-12e54b9c6125","Fisio Cervical: chin tuck (retração cervical)","P2","1","Mobilidade:primary:100","needs_review","not_in_scope","not_in_scope","H0TWk06p5s4","single_target","","","","","false"
"67d51653-c141-4537-9b72-866ffdd94ade","Fisio Cervical: chin tuck isométrico deitado","P2","1","Mobilidade:primary:100","needs_review","not_in_scope","not_in_scope","WNEUr3K7rmA","single_target","","","","","false"
"0b750f44-3c98-4a5a-8cde-3ea11dd2bf61","Fisio Cervical: flexores profundos do pescoço","P2","1","Mobilidade:primary:100","needs_review","not_in_scope","not_in_scope","CR5iU7Hg9NI","single_target","","","","","false"
"bac3e3b4-24ab-4f6a-ac7c-1e777a3b5a34","Fisio Cervical: rotação com auto-resistência","P2","1","Mobilidade:primary:100","needs_review","not_in_scope","not_in_scope","r0G_n0TTzpc","single_target","","","","","false"
"be8fff41-033b-4f4b-9d0f-414dac68321b","Fisio Cotovelo: extensão de punho excêntrica (epicondilite lateral)","P2","1","Mobilidade:primary:100","needs_review","not_in_scope","not_in_scope","DXUuhzRZdGg","single_target","","","","","false"
"8edcbd68-ff67-427a-8145-8908a360cb7d","Fisio Cotovelo: flexão de punho excêntrica (epicondilite medial)","P2","1","Peitoral:primary:100","needs_review","not_in_scope","not_in_scope","ypD6T5HfHQY","single_target","","","","","false"
"c77eabad-753e-41c9-b4c0-c634fa25948b","Fisio Cotovelo: pronação/supinação com peso","P2","1","Mobilidade:primary:100","needs_review","not_in_scope","not_in_scope","bkv6W9fkxsQ","single_target","","","","","false"
"00b81946-db35-47cd-bf26-e580a5b0410c","Fisio Cotovelo: Tyler twist com flexbar","P2","1","Mobilidade:primary:100","needs_review","not_in_scope","not_in_scope","woabkbRgeAI","single_target","","","","","false"
"fe4225a3-0ba4-404f-8807-ba61915c45c6","Fisio Joelho: cadeira extensora lenta (HSR)","P2","1","Mobilidade:primary:100","needs_review","not_in_scope","not_in_scope","or2km_DeXT4","single_target","","","","","false"
"b665da9f-6ee0-4f88-b419-47703430e79a","Fisio Joelho: controle excêntrico de quadríceps (step-down lento)","P2","1","Quadríceps:primary:100","needs_review","not_in_scope","not_in_scope","Or4C-UQ63Xc","single_target","","","","","false"
"14a37bd7-2592-44fc-b429-d2f6aa272f6e","Fisio Joelho: extensão terminal de joelho (TKE) com banda","P2","1","Mobilidade:primary:100","needs_review","not_in_scope","not_in_scope","CU7Fn11YMTw","single_target","","","","","false"
"8c85efc1-f782-4a92-87bb-64efce180b40","Fisio Joelho: Spanish squat isométrico (banda)","P2","1","Quadríceps:primary:100","needs_review","not_in_scope","needs_review","mik90mAS6fU","single_target | duplicate_video_cluster","","","","","false"
"464c9be0-8ddc-4690-8998-f2928bf31dc9","Fisio Joelho: wall sit isométrico","P2","1","Mobilidade:primary:100","needs_review","not_in_scope","not_in_scope","UZp11A98yyU","single_target","","","","","false"
"c2ebd055-a04c-48db-8ba4-43ad45329681","Fisio Lombar: bird dog","P2","1","Fisioterapia:primary:100","needs_review","not_in_scope","not_in_scope","y-KXNCDh_CM","single_target","","","","","false"
"b137ea90-e276-48e6-ba2b-7a7fbc8feb8c","Fisio Lombar: extensão lombar (Sorensen isométrico)","P2","1","Mobilidade:primary:100","needs_review","not_in_scope","not_in_scope","qSu-FjddqUU","single_target","","","","","false"
"9996cc9b-38ef-4cba-8670-cea497502b0b","Fisio Lombar: McGill curl-up","P2","1","Mobilidade:primary:100","needs_review","not_in_scope","needs_review","BH5toeuGdfQ","single_target | duplicate_video_cluster","","","","","false"
"b5c3cb75-ece8-4bec-a95e-b5ffce956cae","Fisio Lombar: prancha lateral","P2","1","Fisioterapia:primary:100","needs_review","not_in_scope","needs_review","pWGhRO5grqs","single_target | duplicate_video_cluster","","","","","false"
"ce8d9966-f412-4c94-b58a-11b4b01b18b4","Fisio Lombar: reverse hyper","P2","1","Mobilidade:primary:100","needs_review","not_in_scope","not_in_scope","z4ziwnaw4r8","single_target","","","","","false"
"95b1b5b6-7465-441a-91d4-dd70d4a38f85","Fisio Ombro: deslizamento na parede (wall slide)","P2","1","Deltoide Posterior:primary:100","needs_review","not_in_scope","needs_review","i_0zLUcE-zk","single_target | duplicate_video_cluster","","","","","false"
"b460198a-a5ca-4482-8df1-6c26220c8566","Fisio Ombro: face pull","P2","1","Dorsal:primary:100","needs_review","not_in_scope","needs_review","kamdxk0L4Yw","single_target | duplicate_video_cluster","","","","","false"
"80b81c28-1269-481d-9d24-16b6b8c9b68e","Fisio Ombro: Prone Y-T-W-L","P2","1","Dorsal:primary:100","needs_review","not_in_scope","not_in_scope","QdGTI4Lshg4","single_target","","","","","false"
"08e6f9c6-3798-4615-a6b9-6961a1de0d01","Fisio Ombro: rotação externa com banda","P2","1","Deltoide Posterior:primary:100","needs_review","not_in_scope","not_in_scope","INKWa8D0Gp4","single_target","","","","","false"
"1a59f308-6143-4a7b-b1a1-92d08f1b0045","Fisio Ombro: rotação interna com banda","P2","1","Deltoide Posterior:primary:100","needs_review","not_in_scope","not_in_scope","gcUjz4YMPbU","single_target","","","","","false"
"e13dcf55-ea17-4d7b-a53b-2a862b8b7cf6","Fisio Ombro: scaption (full can)","P2","1","Deltoide Posterior:primary:100","needs_review","not_in_scope","not_in_scope","w5DFjHVskMc","single_target","","","","","false"
"36443e8b-29ac-4e42-b232-f8067208ef20","Fisio Ombro: serratus punch","P2","1","Deltoide Posterior:primary:100","needs_review","not_in_scope","not_in_scope","zsO8lzpAAp8","single_target","","","","","false"
"f3eb6f05-491e-410d-b09d-e29e91edbec9","Fisio Ombro: sleeper stretch","P2","1","Deltoide Posterior:primary:100","needs_review","not_in_scope","not_in_scope","8QDo3U55IYc","single_target","","","","","false"
"25c200e9-f296-4a5b-b774-38eda193f832","Fisio Posterior: leg curl deslizante (slider)","P2","1","Posterior de Coxa:primary:100","needs_review","not_in_scope","not_in_scope","UaecXxAgsKA","single_target","","","","","false"
"c9a313ac-da8a-402c-a123-91e0286e5175","Fisio Posterior: nordic hamstring excêntrico","P2","1","Posterior de Coxa:primary:100","needs_review","not_in_scope","not_in_scope","sAB613IykjE","single_target","","","","","false"
"be26e577-e388-46be-985a-ed20c32224fa","Fisio Posterior: ponte de isquiotibiais isométrica","P2","1","Glúteo:primary:100","needs_review","not_in_scope","not_in_scope","_FSmimFjUe4","single_target","","","","","false"
"30e64625-661a-47cb-af8c-ca84d5a77a8f","Fisio Posterior: razor curl","P2","1","Posterior de Coxa:primary:100","needs_review","not_in_scope","not_in_scope","_BH8HA0Yl8k","single_target","","","","","false"
"382952cd-532d-4096-b056-38a682891a43","Fisio Punho: desvio radial/ulnar com peso","P2","1","Mobilidade:primary:100","needs_review","not_in_scope","not_in_scope","eY0-dDKiBvg","single_target","","","","","false"
"ee88225b-5f2d-48f2-a241-d56beacdf79f","Fisio Punho: extensão de dedos com elástico","P2","1","Mobilidade:primary:100","needs_review","not_in_scope","not_in_scope","975XRjP9pak","single_target","","","","","false"
"7a4908fd-df45-44a4-bf30-c6f4a2958769","Fisio Punho: flexão/extensão de punho com peso","P2","1","Peitoral:primary:100","needs_review","not_in_scope","not_in_scope","tv7M2jgbyiw","single_target","","","","","false"
"48dcb2de-b391-4512-8571-03db99f5f5d9","Fisio Punho: wrist roller (enrolar carga)","P2","1","Mobilidade:primary:100","needs_review","not_in_scope","not_in_scope","gUYXMoBpT8o","single_target","","","","","false"
"5c9a2f95-6d80-4535-bcbe-98e7d8f020b6","Fisio Quadril: abdução isométrica de glúteo médio","P2","1","Glúteo:primary:100","needs_review","not_in_scope","not_in_scope","hYN0yKMIp5c","single_target","","","","","false"
"d0aecfa5-b2f0-431d-b0a3-7efa0a3b1a9e","Fisio Quadril: Copenhagen adductor (progressões)","P2","1","Glúteo:primary:100","needs_review","not_in_scope","not_in_scope","1uOkRLSRgqI","single_target","","","","","false"
"3f81fa4b-a113-47f6-b2b4-dcc419d94c3e","Fisio Quadril: hip hinge com bastão","P2","1","Glúteo:primary:100","needs_review","not_in_scope","not_in_scope","uHcU8NRIBpY","single_target","","","","","false"
"c943d2d9-f380-4da7-911d-3ac5bec18725","Fisio Quadril: hip thrust unilateral","P2","1","Glúteo:primary:100","needs_review","not_in_scope","not_in_scope","GqVK-IKtZaU","single_target","","","","","false"
"d0ff4da9-51b1-4e8f-bffc-d787ba275ffe","Fisio Quadril: ponte de glúteo isométrica","P2","1","Glúteo:primary:100","needs_review","not_in_scope","not_in_scope","O18cJCrlU1M","single_target","","","","","false"
"bf77c22c-f2d8-4ceb-b5ac-6e1a239218cc","Fisio Tendão de Aquiles: HSR panturrilha lenta","P2","1","Panturrilha:primary:100","needs_review","not_in_scope","needs_review","nVeLQ_rqs0U","single_target | duplicate_video_cluster","","","","","false"
"a54aad3c-6b05-4b45-af11-b2afb995fede","Fisio Tendão de Aquiles: isométrico em ponta de pé","P2","1","Mobilidade:primary:100","needs_review","not_in_scope","needs_review","nVeLQ_rqs0U","single_target | duplicate_video_cluster","","","","","false"
"07f6ad25-885b-409c-8008-af86cf871028","Fisio Tendão patelar: HSR cadeira extensora (3s/3s)","P2","1","Mobilidade:primary:100","needs_review","not_in_scope","not_in_scope","9KReOt0Baio","single_target","","","","","false"
"f3ba0904-10e6-4c06-8e5a-32691e8c52c1","Fisio Tendão patelar: isométrico Spanish squat (45s)","P2","1","Quadríceps:primary:100","needs_review","not_in_scope","needs_review","mik90mAS6fU","single_target | duplicate_video_cluster","","","","","false"
"2eed525d-8e39-415a-bb28-461767276dd4","Fisio Tornozelo: dorsiflexão com banda","P2","1","Panturrilha:primary:100","needs_review","not_in_scope","not_in_scope","Qgrju9-DT6U","single_target","","","","","false"
"09ad001c-44fc-4ec2-8239-bd8e3f48ceef","Fisio Tornozelo: equilíbrio unipodal progressivo","P2","1","Panturrilha:primary:100","needs_review","not_in_scope","not_in_scope","kUQvJ4rU0VY","single_target","","","","","false"
"d47183c0-a08a-4f08-8b52-a8c61d8a6ffe","Fisio Tornozelo: heel drop excêntrico (Alfredson)","P2","1","Panturrilha:primary:100","needs_review","not_in_scope","not_in_scope","BaPKay895ks","single_target","","","","","false"
"01dd0e4a-ac88-4009-908e-7b5a8495d52e","Fisio Tornozelo: hop and stick (resposta a carga)","P2","1","Panturrilha:primary:100","needs_review","not_in_scope","not_in_scope","2ZhEVJeiE50","single_target","","","","","false"
"38686cfa-22ae-4500-8155-89ff18544a34","Fisio Tornozelo: inversão/eversão com banda","P2","1","Panturrilha:primary:100","needs_review","not_in_scope","not_in_scope","NwjyAhHKFN4","single_target","","","","","false"
"a68c698b-3785-45f3-b3fc-c611211387b7","Fisio Tornozelo: panturrilha com joelho fletido (sóleo)","P2","1","Panturrilha:primary:100","needs_review","not_in_scope","not_in_scope","fmEBX2tbRq0","single_target","","","","","false"
"c5759160-3c50-4dbd-bd45-5a573ba4ed1e","Fisio Tornozelo: panturrilha excêntrica no step","P2","1","Quadríceps:primary:100","needs_review","not_in_scope","not_in_scope","d2GgSoHvIXo","single_target","","","","","false"
"277c2674-93e2-4aac-aa67-1c8ee82d0c55","Flexão Aberta","P2","3","Deltoide Anterior:secondary:0.5 | Tríceps:secondary:0.5 | Peitoral:primary:1","not_in_scope","needs_review","needs_review","gaBnbo6O3bg","safety_metadata_gap | duplicate_video_cluster","","","","","false"
"be707dcf-d4cc-4788-8d23-551f5730e971","Flexão Aberta com Apoio do Joelho","P2","3","Deltoide Anterior:secondary:0.5 | Tríceps:secondary:0.5 | Peitoral:primary:1","not_in_scope","needs_review","not_in_scope","NUMT1kjIbjI","safety_metadata_gap","","","","","false"
"22b81e41-787c-467f-9cdf-73a3c26da25e","Flexão Aberta Smith","P2","3","Deltoide Anterior:secondary:0.5 | Tríceps:secondary:0.5 | Peitoral:primary:1","not_in_scope","needs_review","needs_review","gaBnbo6O3bg","safety_metadata_gap | duplicate_video_cluster","","","","","false"
"c7149f43-4623-4d09-ad19-0da5a4e14cc9","Flexão arqueiro","P2","1","Peitoral:primary:100","needs_review","needs_review","not_in_scope","7WAaurUZvZQ","single_target | safety_metadata_gap","","","","","false"
"3b9332bf-bad7-4d78-9ca2-21d3f9c713f4","Flexão com deslocamento","P2","1","Peitoral:primary:100","needs_review","needs_review","not_in_scope","","single_target | safety_metadata_gap","","","","","false"
"dc00dfb9-6167-4c22-8f28-df15094d22a5","Flexão de Joelhos na bola unilateral","P2","1","Posterior de Coxa:primary:100","needs_review","needs_review","not_in_scope","","single_target | safety_metadata_gap","","","","","false"
"a9307b76-a4e2-4305-b683-d86e59ae80b6","Flexão de Punho 90 graus Polia Baixa","P2","3","Deltoide Anterior:secondary:0.5 | Tríceps:secondary:0.5 | Peitoral:primary:1","not_in_scope","needs_review","not_in_scope","KI6HKLjwg0s","safety_metadata_gap","","","","","false"
"dcc7c1f8-9e2e-4b4d-a91e-fbc96fd042fe","Flexão de Punho com a Polia Atrás","P2","3","Deltoide Anterior:secondary:0.5 | Tríceps:secondary:0.5 | Peitoral:primary:1","not_in_scope","needs_review","not_in_scope","a67YWN7s9HY","safety_metadata_gap","","","","","false"
"479eecd9-1642-4c4c-b9eb-b0a14f11af3a","Flexão de Punho Halteres","P2","3","Deltoide Anterior:secondary:0.5 | Tríceps:secondary:0.5 | Peitoral:primary:1","not_in_scope","needs_review","not_in_scope","3PDPiCoWF-Y","safety_metadata_gap","","","","","false"
"9c2ad88a-1f2a-4c58-9455-a667d5331d09","Flexão de Punho Polia Baixa","P2","3","Deltoide Anterior:secondary:0.5 | Tríceps:secondary:0.5 | Peitoral:primary:1","not_in_scope","needs_review","not_in_scope","e1z3026KDLI","safety_metadata_gap","","","","","false"
"7512d746-8861-45b3-9242-800df83c8810","Flexão de Punho Unilateral Polia Alta","P2","3","Deltoide Anterior:secondary:0.5 | Tríceps:secondary:0.5 | Peitoral:primary:1","not_in_scope","needs_review","not_in_scope","X7Nr7jMS6DA","safety_metadata_gap","","","","","false"
"b363a4b2-f716-4930-87ed-8f1e46cb1348","Flexão de Quadril Alternada em Isometria de Ponte","P2","1","Glúteo:primary:100","needs_review","needs_review","not_in_scope","MEadBmmeYJo","single_target | safety_metadata_gap","","","","","false"
"02405dab-c29d-4179-9f75-1891c5f2207f","Flexão de quadril alternada mini band em ISO isquiotibiais/gluteo","P2","1","Glúteo:primary:100","needs_review","needs_review","not_in_scope","Meq0ytiFXsE","single_target | safety_metadata_gap","","","","","false"
"196b92b9-5c58-4409-b17f-2254d72b33ab","Flexão de Quadril em ponte ( core )","P2","1","Abdominais:primary:100","needs_review","needs_review","needs_review","a8Pi1R6UFls","single_target | safety_metadata_gap | duplicate_video_cluster","","","","","false"
"2ee6bb11-2dc0-4114-bdd0-3f8d7809d8f4","Flexão declinada","P2","1","Peitoral:primary:100","needs_review","needs_review","not_in_scope","xARTt_hMvj4","single_target | safety_metadata_gap","","","","","false"
"c55cbb27-0165-4e4d-92e0-8dbde591f4ce","Flexão diamante","P2","1","Peitoral:primary:100","needs_review","needs_review","not_in_scope","DfsWjEThmLY","single_target | safety_metadata_gap","","","","","false"
"6f5aa853-de66-47ad-8061-d488c6f6adf7","Flexão Fechada","P2","3","Deltoide Anterior:secondary:0.5 | Tríceps:secondary:0.5 | Peitoral:primary:1","not_in_scope","needs_review","not_in_scope","HM9DUyI4d-g","safety_metadata_gap","","","","","false"
"6ccb4b47-ee73-4d8d-a9cb-af6de89b1513","Flexão Fechada Smith","P2","3","Deltoide Anterior:secondary:0.5 | Tríceps:secondary:0.5 | Peitoral:primary:1","not_in_scope","needs_review","not_in_scope","rqUCLDXorXA","safety_metadata_gap","","","","","false"
"cc4e5ace-2a48-4156-a647-7c4c7e21e6be","Flexão parada de mão na parede","P2","1","Peitoral:primary:100","needs_review","needs_review","not_in_scope","AKgy5gi0988","single_target | safety_metadata_gap","","","","","false"
"18f06415-9121-426e-8d5b-1fa120f92f07","Flexão pliométrica (clap push-up)","P2","1","Peitoral:primary:100","needs_review","not_in_scope","not_in_scope","90xhaI8TNgA","single_target","","","","","false"
"855be8c3-f36b-4bad-abb5-37d04db61f8d","Flexão pliométrica no step","P2","1","Quadríceps:primary:100","needs_review","not_in_scope","not_in_scope","0i4KX3uaiTM","single_target","","","","","false"
"96181757-fb88-4bf0-b8fc-8e90cf643d07","Flexões excêntricas (apoio)","P2","1","Funcional:primary:100","needs_review","needs_review","needs_review","pRzxpe5_LLk","single_target | safety_metadata_gap | duplicate_video_cluster","","","","","false"
"62ff7da4-908b-4e96-a3dc-8555dc903615","Flexões no Banco","P2","1","Peitoral:primary:100","needs_review","needs_review","not_in_scope","Hm0XvJ4dvYw","single_target | safety_metadata_gap","","","","","false"
"1a213f58-784c-4218-83fc-6e11a5666275","Flexora na Bola","P2","2","Glúteo:secondary:0.5 | Posterior de Coxa:primary:1","not_in_scope","needs_review","not_in_scope","Cg1azFtj50c","safety_metadata_gap","","","","","false"
"5348bcf1-9421-493c-a7d9-74b5d89b828e","Flexora Unilateral com Caneleira","P2","2","Glúteo:secondary:0.5 | Posterior de Coxa:primary:1","not_in_scope","needs_review","not_in_scope","sPwhh5BTTg4","safety_metadata_gap","","","","","false"
"53548f57-bd76-48e6-8562-6b6333fab861","Flexora Unilateral em Pé","P2","2","Glúteo:secondary:0.5 | Posterior de Coxa:primary:1","not_in_scope","needs_review","not_in_scope","GyMoJktDh4w","safety_metadata_gap","","","","","false"
"927f5612-8822-4dd9-a980-59300c897fab","Flexora Unilateral na Bola","P2","2","Glúteo:secondary:0.5 | Posterior de Coxa:primary:1","not_in_scope","needs_review","not_in_scope","QYArrBsF394","safety_metadata_gap","","","","","false"
"bc110262-b13a-49be-820d-246d679ecda3","Flutter kicks","P2","1","Core:primary:100","needs_review","needs_review","not_in_scope","pwFXq5EFN_8","single_target | safety_metadata_gap","","","","","false"
"86bee686-3946-4f37-8730-22c88c777650","Front Squat","P2","1","Quadríceps:primary:100","needs_review","not_in_scope","not_in_scope","k__r1_aB1Is","single_target","","","","","false"
"226fb390-f2fb-4477-9e58-22d6f873ad3c","Gluteo - rot ext - mini band","P2","1","Glúteo:primary:100","needs_review","needs_review","not_in_scope","HlbxXkRAXxw","single_target | safety_metadata_gap","","","","","false"
"258bfac0-5456-462d-8530-a8204af6b8f8","Glúteo Coice Polia Banco","P2","1","Tríceps:primary:1","needs_review","needs_review","not_in_scope","IIGMf2nFW5g","single_target | safety_metadata_gap","","","","","false"
"a795e738-9954-43fb-b944-8e7ca6c8fde1","Glúteo Concha com Miniband","P2","1","Glúteo:primary:1","needs_review","needs_review","not_in_scope","MWyxlJU1uX4","single_target | safety_metadata_gap","","","","","false"
"94f78ab8-d580-4ce0-8392-d8ac0fc141b0","Glúteo Polia Alta","P2","1","Glúteo:primary:1","needs_review","needs_review","needs_review","ToE6yT5pHZ0","single_target | safety_metadata_gap | duplicate_video_cluster","","","","","false"
"cf15749a-32da-4e7f-95c7-67a458950a6e","Glúteo Semiflexionado Polia","P2","1","Glúteo:primary:1","needs_review","needs_review","not_in_scope","WU16yUUSUrM","single_target | safety_metadata_gap","","","","","false"
"3b123e3c-8ba7-4b27-9931-ac94f47bfc29","Glúteo Semiflexionado Polia Banco","P2","1","Glúteo:primary:1","needs_review","needs_review","not_in_scope","kF9gzJjmZ1E","single_target | safety_metadata_gap","","","","","false"
"edcc27d7-39ff-40a4-9537-93b5e3f37a40","Goblet squat","P2","1","Quadríceps:primary:100","needs_review","not_in_scope","not_in_scope","DF9sXArkDUw","single_target","","","","","false"
"b431d92e-8371-43bc-b580-cf9572493f8a","Good morning","P2","1","Peso Livre:primary:100","needs_review","not_in_scope","needs_review","vtY9T1-j26Q","single_target | duplicate_video_cluster","","","","","false"
"3bcfa19a-aad9-4cad-aae5-a11711f8d431","Graviton Neutro","P2","1","Dorsal:primary:1","needs_review","needs_review","not_in_scope","YYFHo9QwkWg","single_target | safety_metadata_gap","","","","","false"
"d82e1fdf-00da-4f9d-b6dd-23ce5033e5c5","Graviton Supinado","P2","1","Dorsal:primary:1","needs_review","needs_review","not_in_scope","D-6wUhEVfbs","single_target | safety_metadata_gap","","","","","false"
"7ebb1e7c-0eef-4b61-835f-9969df952199","Halo - mobilidade superiores","P2","1","Deltoide Posterior:primary:100","needs_review","not_in_scope","not_in_scope","nw1dQCvkE7M","single_target","","","","","false"
"d56a3b0c-bfe3-472a-8842-ebf415a7e724","Hang clean","P2","1","Peso Livre:primary:100","needs_review","needs_review","not_in_scope","QCQuZITCnPk","single_target | safety_metadata_gap","","","","","false"
"f6907426-e6ec-4ceb-8e98-87cb733bc841","Hanging knee raise","P2","1","Core:primary:100","needs_review","needs_review","not_in_scope","l7OroezzX9k","single_target | safety_metadata_gap","","","","","false"
"194582f3-e357-495e-add5-e81bc1811378","Hanging leg raise","P2","1","Core:primary:100","needs_review","needs_review","not_in_scope","XleEQ2E633Q","single_target | safety_metadata_gap","","","","","false"
"cc2a7748-03a7-4ab4-b8e8-e71092917112","HIIT","P2","1","Cardio Longo:primary:100","needs_review","needs_review","not_in_scope","YpZk4hDroTw","single_target | safety_metadata_gap","","","","","false"
"cb79bb2f-7f23-4856-ac7e-d2a7c51ef292","Hip airplane","P2","1","Controle Motor:primary:100","needs_review","needs_review","not_in_scope","9svtEV4vkp0","single_target | safety_metadata_gap","","","","","false"
"cdf66f46-565a-4815-b724-f9dfea82b821","Hip thrust com barra","P2","1","Glúteo:primary:100","needs_review","needs_review","not_in_scope","_i6qpcI1Nw4","single_target | safety_metadata_gap","","","","","false"
"43109c36-7ff8-468c-99c8-fed5c171132e","Hip thrust explosivo","P2","1","Glúteo:primary:100","needs_review","needs_review","not_in_scope","da46ZUbxgjg","single_target | safety_metadata_gap","","","","","false"
"aa18098a-e639-4618-9063-e760c9cebcae","Hollow hold","P2","1","Core:primary:100","needs_review","needs_review","not_in_scope","YHBp6fvXYcI","single_target | safety_metadata_gap","","","","","false"
"2f67aed2-e788-4b85-a50d-093511dbd717","Hollow rock","P2","1","Core:primary:100","needs_review","needs_review","not_in_scope","UK5A6P6vfsw","single_target | safety_metadata_gap","","","","","false"
"6a359863-cef9-48cd-bdd9-d63f0bf66f18","Hops ( plio )","P2","1","Performance:primary:100","needs_review","not_in_scope","not_in_scope","Y3IGqLyLMvg","single_target","","","","","false"
"835cbbe6-27b8-45da-927f-109c1d316c7b","Hops reativos unipodais","P2","1","Performance:primary:100","needs_review","not_in_scope","not_in_scope","mPj3iPfjS7c","single_target","","","","","false"
"f92c050a-f660-419a-88b2-d3cb91e5dd85","Kettlebell clean","P2","1","Funcional:primary:100","needs_review","needs_review","not_in_scope","xQb9Tc3iQpI","single_target | safety_metadata_gap","","","","","false"
"3c9ef909-6f72-41af-9816-6919e032a286","Kettlebell snatch","P2","1","Performance:primary:100","needs_review","not_in_scope","not_in_scope","OVbAImyB1eY","single_target","","","","","false"
"5a95b77a-59c8-4c94-8dc4-5557642ad0be","L-sit","P2","1","Core:primary:100","needs_review","needs_review","not_in_scope","yb-asjaBRnM","single_target | safety_metadata_gap","","","","","false"
"69a6f10a-55a1-4b76-b694-5c2e4bb78523","Landmine rotation","P2","1","Core:primary:100","needs_review","needs_review","not_in_scope","e5DP6961WEk","single_target | safety_metadata_gap","","","","","false"
"3170d189-6ef3-4071-b80a-4ddf4f4a24e9","Largada resistida com banda (band start)","P2","1","Performance:primary:100","needs_review","needs_review","not_in_scope","0FA1NtkBV9M","single_target | safety_metadata_gap","","","","","false"
"a4f35317-675d-46f0-a063-5a2d69761109","Lateral shuffle","P2","1","Performance:primary:100","needs_review","not_in_scope","not_in_scope","","single_target","","","","","false"
"7de14018-9e35-45e7-a3d1-27557b1042f7","Liberação da panturrilha com rolinho","P2","1","Panturrilha:primary:100","needs_review","not_in_scope","not_in_scope","kFkKN8t_pWI","single_target","","","","","false"
"fa020cd6-704f-41e0-83eb-23ef18783a74","Liberação de adutores no foam roll","P2","1","Adutores:primary:100","needs_review","not_in_scope","not_in_scope","eDBMpMuSBZw","single_target","","","","","false"
"626975e1-439c-4e98-8182-f6f18ff5fbd3","Liberação de banda iliotibial no foam roll","P2","1","Panturrilha:primary:100","needs_review","not_in_scope","not_in_scope","gLT4ZBJMfiE","single_target","","","","","false"
"df256bcf-dc82-42bd-9ea6-8d9df39a87e0","Liberação de dorsal no foam roll","P2","1","Dorsal:primary:100","needs_review","not_in_scope","not_in_scope","jQo_tP7iU78","single_target","","","","","false"
"afef4221-dc2d-451d-9ed9-2b1f50533efb","Liberação de glúteo com bolinha","P2","1","Glúteo:primary:100","needs_review","not_in_scope","not_in_scope","pXY-XPdy8_U","single_target","","","","","false"
"09945798-7bca-42c3-a51e-bdc9a34cc33c","Liberação de glúteo no foam roll","P2","1","Glúteo:primary:100","needs_review","not_in_scope","not_in_scope","GHcPVSiSvrQ","single_target","","","","","false"
"14d69ca0-70cd-4e54-bac6-02bd2731a20a","Liberação de panturrilha no foam roll","P2","1","Panturrilha:primary:100","needs_review","not_in_scope","not_in_scope","-4rSqNyk5oA","single_target","","","","","false"
"d1ccbd02-4d54-49b7-9c55-8cb96cc55f37","Liberação de peitoral com bolinha","P2","1","Peitoral:primary:100","needs_review","not_in_scope","not_in_scope","iVe42cRyx9o","single_target","","","","","false"
"3315fa14-ef57-40ec-9dbc-305a9f6ecd80","Liberação de planta do pé com bolinha","P2","1","Mobilidade:primary:100","needs_review","not_in_scope","not_in_scope","Oh-K_Nz6a2M","single_target","","","","","false"
"546c6966-a182-41df-bf68-28efdc067995","Liberação de posterior de coxa no foam roll","P2","1","Posterior de Coxa:primary:100","needs_review","not_in_scope","not_in_scope","xK6UYJacZks","single_target","","","","","false"
"44dc8b07-df32-4c35-b1aa-c016ff6f5362","Liberação de quadríceps no foam roll","P2","1","Quadríceps:primary:100","needs_review","not_in_scope","not_in_scope","Mqiq-V6bkv0","single_target","","","","","false"
"5621889e-0fba-4c45-aa67-570bb685fe49","liberação do tibial com rolinho","P2","1","Panturrilha:primary:100","needs_review","not_in_scope","not_in_scope","VBkEmW1iEdk","single_target","","","","","false"
"a56b2913-4848-450e-8751-2efb662ec59d","Liberação Miofascial Glúteo Médio","P2","1","Glúteo:primary:1","needs_review","not_in_scope","not_in_scope","KWjKSFyURcU","single_target","","","","","false"
"9a427102-e8ee-4663-b53b-1d37ab201af9","Liberação Miofascial Tensor da Fascia Lata","P2","1","Mobilidade:primary:100","needs_review","not_in_scope","not_in_scope","Y5e6y10qq40","single_target","","","","","false"
"2d19a06f-d6ba-4dff-9008-eec8d337868d","liberação quadriceps com rolinho","P2","1","Quadríceps:primary:100","needs_review","not_in_scope","not_in_scope","bmPQBwSrYTU","single_target","","","","","false"
"fe8cf9a6-8f14-4567-b36c-7ede072624af","Liberação torácica no foam roll","P2","1","Mobilidade:primary:100","needs_review","not_in_scope","not_in_scope","92WNe7ZE4Hg","single_target","","","","","false"
"71213b5c-f659-49a6-a29b-7895696a2b2b","Lift meio-ajoelhado","P2","1","Controle Motor:primary:100","needs_review","needs_review","not_in_scope","_M7eJN-TKWA","single_target | safety_metadata_gap","","","","","false"
"c5349a6c-aa4d-4090-afd8-8a17d7cbc520","Man maker","P2","1","Funcional:primary:100","needs_review","needs_review","not_in_scope","eUYcT0F20lA","single_target | safety_metadata_gap","","","","","false"
"0bc88428-34f7-48c8-ac8e-ed3d235b109a","Manguito Externo","P2","1","Deltoide Lateral:primary:1","needs_review","not_in_scope","needs_review","goprHr4m6uk","single_target | duplicate_video_cluster","","","","","false"
"fb2ba2b0-82b0-4c48-a8c6-f736ccadcec1","Manguito Externo em Diagonal","P2","1","Deltoide Lateral:primary:1","needs_review","not_in_scope","needs_review","goprHr4m6uk","single_target | duplicate_video_cluster","","","","","false"
"2e7d04fe-0720-42d8-ba20-012045538d35","Manobra de Bracing","P2","1","Abdominais:primary:100","needs_review","needs_review","not_in_scope","Rb8tMuGqB84","single_target | safety_metadata_gap","","","","","false"
"251d1f5f-6983-4a47-9935-f7fe71874bb5","McGill curl-up","P2","1","Core:primary:100","needs_review","needs_review","needs_review","BH5toeuGdfQ","single_target | safety_metadata_gap | duplicate_video_cluster","","","","","false"
"5371919c-fce9-4b92-b230-b782712f7e2c","Med ball arremesso reverso acima da cabeça","P2","1","Performance:primary:100","needs_review","needs_review","not_in_scope","c5jh0JDeFGQ","single_target | safety_metadata_gap","","","","","false"
"85570995-10cb-4b8e-9cf4-b7c454386410","Med ball arremesso rotacional na parede","P2","1","Performance:primary:100","needs_review","needs_review","not_in_scope","v3xNTyz3ZnQ","single_target | safety_metadata_gap","","","","","false"
"49ff3d8a-2107-402a-aac3-553af863775b","Med ball chest pass na parede","P2","1","Peitoral:primary:100","needs_review","needs_review","not_in_scope","LS75csmzdAE","single_target | safety_metadata_gap","","","","","false"
"4aba82e0-0c2a-4723-9a5c-929db6b67476","Med ball scoop toss (arremesso de baixo para frente)","P2","1","Performance:primary:100","needs_review","needs_review","not_in_scope","HLwSkCBM_xY","single_target | safety_metadata_gap","","","","","false"
"4fa9dd22-d57d-44a3-85cd-98310fe955ca","Med ball shot put (arremesso unilateral)","P2","1","Performance:primary:100","needs_review","needs_review","not_in_scope","BFt6Eot1cmA","single_target | safety_metadata_gap","","","","","false"
"ea9d5caf-fe01-458b-bf80-e394dc8b69fb","Med ball side throw na parede (lateral)","P2","1","Dorsal:primary:100","needs_review","needs_review","not_in_scope","02c2YLgF8iE","single_target | safety_metadata_gap","","","","","false"
"7603535e-d772-4d15-a000-615d745703dc","Med ball slam frontal","P2","1","Performance:primary:100","needs_review","needs_review","not_in_scope","cgKqNn90MEo","single_target | safety_metadata_gap","","","","","false"
"8fd89d73-2bba-4da8-a102-754e02df5583","Med ball squat to press throw","P2","1","Quadríceps:primary:100","needs_review","not_in_scope","not_in_scope","qdpVIcw4M0s","single_target","","","","","false"
"6d6cc96b-876b-494a-85e9-b3bc301d61f4","Med ball step and throw (passo e arremesso)","P2","1","Quadríceps:primary:100","needs_review","not_in_scope","not_in_scope","xgKoH9pWYzs","single_target","","","","","false"
"f051cdea-2073-4765-b7ad-bb4b082934e5","Mergulho em banco","P2","1","Peso Corporal:primary:100","needs_review","needs_review","not_in_scope","p_DeBmkbCUc","single_target | safety_metadata_gap","","","","","false"
"25117a38-de47-4604-aac1-c0cbf1b878a1","Mergulho em paralela (dips)","P2","1","Tríceps:primary:100","needs_review","needs_review","not_in_scope","wA8p69fJF4Q","single_target | safety_metadata_gap","","","","","false"
"9a07c179-37e8-4d8f-9ae9-0f399b1624b2","Mesa Flexora","P2","1","Posterior de Coxa:primary:100","needs_review","needs_review","not_in_scope","bA5gbGtltFs","single_target | safety_metadata_gap","","","","","false"
"4722c027-4a82-4113-b7da-6e3ed5ae3bda","Mesa Flexora Unilateral","P2","2","Glúteo:secondary:0.5 | Posterior de Coxa:primary:1","not_in_scope","needs_review","not_in_scope","zW5Vmth-8HU","safety_metadata_gap","","","","","false"
"35bb19e6-e1df-4cec-85ea-47ba4420796e","Mobilidade 90-90 Rot. Externa","P2","1","Mobilidade:primary:100","needs_review","not_in_scope","not_in_scope","onQE-34G104","single_target","","","","","false"
"7be698a4-1cac-468e-bfc0-ba79189768f9","Mobilidade 90-90 Rot. interna","P2","1","Mobilidade:primary:100","needs_review","not_in_scope","needs_review","ZM5qDjtxlm0","single_target | duplicate_video_cluster","","","","","false"
"edca7177-f6c5-4906-8e21-8ba3d1c84eae","Mobilidade 90/90","P2","1","Mobilidade:primary:100","needs_review","not_in_scope","needs_review","xJMpEiZ5q6c","single_target | duplicate_video_cluster","","","","","false"
"743974e1-4d5d-4fd6-8e50-7609e86b707f","Mobilidade 90/90 completa","P2","1","Mobilidade:primary:100","needs_review","not_in_scope","not_in_scope","Xuhq_NaXATA","single_target","","","","","false"
"ae0aafea-1686-4d2e-9393-1108049e9926","Mobilidade Buda","P2","1","Mobilidade:primary:100","needs_review","not_in_scope","not_in_scope","UFVDUZ2bsdI","single_target","","","","","false"
"6c26cf55-546d-4b04-add0-ba4d5bda1755","Mobilidade Cat-Cow","P2","1","Mobilidade:primary:100","needs_review","not_in_scope","not_in_scope","dIM1Em209ts","single_target","","","","","false"
"bb961cbb-04fa-4768-9740-c28561a34c61","Mobilidade Corpo Todo","P2","1","Mobilidade:primary:100","needs_review","not_in_scope","not_in_scope","F1iejoRbRts","single_target","","","","","false"
"5c8f5515-ecca-4ef1-aded-d979645942ab","Mobilidade de Coluna","P2","1","Mobilidade:primary:100","needs_review","not_in_scope","not_in_scope","i9X1bNM2qzI","single_target","","","","","false"
"ef875bb7-80df-4daf-9b00-1cc56e8ebf12","Mobilidade de Ombro com Bastão/Elástico","P2","1","Deltoide Posterior:primary:100","needs_review","not_in_scope","not_in_scope","j1I0g5_ucuI","single_target","","","","","false"
"e4f4ba1d-68c8-47c9-95d9-1dc2d46599ad","Mobilidade de Ombro com Toque de Mãos","P2","1","Deltoide Posterior:primary:100","needs_review","not_in_scope","not_in_scope","x987OZ0K1q4","single_target","","","","","false"
"81ccbed4-e39d-4a4e-bc95-71139de3273c","Mobilidade de Ombro Rotação Externa com Bastão","P2","1","Deltoide Posterior:primary:100","needs_review","not_in_scope","not_in_scope","Jnx7HSa06qI","single_target","","","","","false"
"c7d00c36-12dc-4a88-814b-045b1b853a44","Mobilidade de Ombro Rotação Solo","P2","1","Deltoide Posterior:primary:100","needs_review","not_in_scope","not_in_scope","daIymzEZ45w","single_target","","","","","false"
"bbb26a3d-72ad-4f47-9b9c-3abb7ea70af9","Mobilidade de Ombro W","P2","1","Deltoide Posterior:primary:100","needs_review","not_in_scope","not_in_scope","TvkggJJTfFI","single_target","","","","","false"
"6601637d-61f2-40cd-ab2f-bc9aa45c7825","Mobilidade de punho (4 direções)","P2","1","Mobilidade:primary:100","needs_review","not_in_scope","not_in_scope","RAIdPUsl_AE","single_target","","","","","false"
"509865d8-5b76-429d-bef8-3ae1b3f8b619","Mobilidade de Quadril","P2","1","Glúteo:primary:100","needs_review","not_in_scope","not_in_scope","d55z6suktuo","single_target","","","","","false"
"c62336c5-77b2-4876-884f-707b090f6932","Mobilidade de Quadril ( sagital )","P2","1","Glúteo:primary:100","needs_review","not_in_scope","needs_review","Jxe92fZtlhI","single_target | duplicate_video_cluster","","","","","false"
"12aeb1ef-02d6-4210-b5a4-b495ca6fb3a7","Mobilidade de Quadril 2","P2","1","Glúteo:primary:100","needs_review","not_in_scope","not_in_scope","QYgXGq2d0Zg","single_target","","","","","false"
"706142ca-78f8-4591-acc0-7b4018432b14","Mobilidade de quadril 3","P2","1","Glúteo:primary:100","needs_review","not_in_scope","needs_review","Jxe92fZtlhI","single_target | duplicate_video_cluster","","","","","false"
"836f33a9-24ee-4ec9-adef-23d984bbdaf4","Mobilidade de Quadril e Tornozelo","P2","1","Glúteo:primary:100","needs_review","not_in_scope","not_in_scope","v3ycse07kPE","single_target","","","","","false"
"957ea2e1-954d-4af7-8c95-8e08c43217e6","Mobilidade de Quadril e Tornozelo com Alongamento","P2","1","Glúteo:primary:100","needs_review","not_in_scope","needs_review","tEkuKg62fhM","single_target | duplicate_video_cluster","","","","","false"
"41733afe-1af1-444e-85da-91dbecaa2c1a","Mobilidade de Quadril foco em Adutores","P2","1","Adutores:primary:1","needs_review","not_in_scope","not_in_scope","J1PuG0R5vA4","single_target","","","","","false"
"8927006c-0c4b-4163-b151-745fa1d0a8f3","Mobilidade de Quadril Frog","P2","1","Glúteo:primary:100","needs_review","not_in_scope","not_in_scope","DbuX_Fe3Yco","single_target","","","","","false"
"fc740c2a-3afc-4cdb-a361-d78fac243ee7","Mobilidade de Quadril Lateral","P2","1","Glúteo:primary:100","needs_review","not_in_scope","not_in_scope","cEEIvaibKN4","single_target","","","","","false"
"affde76f-d5b2-42d3-97bd-188e630d1127","Mobilidade de Quadril Rotação Interna Deitado","P2","1","Glúteo:primary:100","needs_review","not_in_scope","needs_review","ZM5qDjtxlm0","single_target | duplicate_video_cluster","","","","","false"
"057059ab-07fe-45af-b2ba-a1b9533ea547","Mobilidade de quadril-adutores/post","P2","1","Glúteo:primary:100","needs_review","not_in_scope","not_in_scope","p2bh1rEzzLg","single_target","","","","","false"
"0ddd9b9e-4d85-469c-b6db-3c4ea5a3c52a","Mobilidade de Torácica","P2","1","Mobilidade:primary:100","needs_review","not_in_scope","not_in_scope","pwzcVwyhKQA","single_target","","","","","false"
"3f384f30-1259-4e27-a7bf-70889243ac41","Mobilidade de Tornozelo","P2","1","Panturrilha:primary:100","needs_review","not_in_scope","needs_review","h7HR4Bpc2_k","single_target | duplicate_video_cluster","","","","","false"
"2b64e2db-f402-4b68-ba0b-94182de8dea0","Mobilidade de tornozelo na parede (knee-to-wall)","P2","1","Panturrilha:primary:100","needs_review","not_in_scope","needs_review","h7HR4Bpc2_k","single_target | duplicate_video_cluster","","","","","false"
"0b7f58e5-53ec-4b4d-9e15-11d7ca9d006c","Mobilidade de tornozelo/quadril","P2","1","Glúteo:primary:100","needs_review","not_in_scope","needs_review","tEkuKg62fhM","single_target | duplicate_video_cluster","","","","","false"
"16aebaf1-7466-4583-806b-219c47f2245f","Mobilidade em ponte/Extensão","P2","1","Glúteo:primary:100","needs_review","not_in_scope","not_in_scope","D8MAOeOockw","single_target","","","","","false"
"e7321291-a3bb-44b0-b6df-dc0dca157ea9","Mobilidade Escapular TRX","P2","1","Dorsal:primary:100","needs_review","not_in_scope","not_in_scope","zaDN70_GP5w","single_target","","","","","false"
"ec281a05-a949-41c6-b5df-3ee615a23bfb","Mobilidade Full Inferiores (hard)","P2","1","Quadríceps:primary:100","needs_review","not_in_scope","not_in_scope","jtCHPjiFLhE","single_target","","","","","false"
"a8e8cde0-087a-412f-acf9-652f53cfff84","Mobilidade quadril 90-90","P2","1","Glúteo:primary:100","needs_review","not_in_scope","needs_review","xJMpEiZ5q6c","single_target | duplicate_video_cluster","","","","","false"
"75649465-1319-48e0-bdfb-dc1ce93774af","Mobilidade quadril flexores/posterior","P2","1","Glúteo:primary:100","needs_review","not_in_scope","not_in_scope","A7tJ5ZcSgzk","single_target","","","","","false"
"2f55744f-a768-4738-b6fd-665d3723123c","Mobilidade rot quadril ext int","P2","1","Glúteo:primary:100","needs_review","not_in_scope","needs_review","ZM5qDjtxlm0","single_target | duplicate_video_cluster","","","","","false"
"c829d03a-9b66-41a5-b6e8-db237e017812","Mobilidade Torácica Bastão","P2","1","Mobilidade:primary:100","needs_review","not_in_scope","not_in_scope","JHEzkSZfGFE","single_target","","","","","false"
"8530bb18-166f-4ea1-a3f3-794737676d02","Mobilidade torácica com rotação e bastão","P2","1","Mobilidade:primary:100","needs_review","not_in_scope","not_in_scope","","single_target","","","","","false"
"f92713c4-e9fa-4048-96e6-286f9b53455b","Mobilidade Torácica Rotação","P2","1","Mobilidade:primary:100","needs_review","not_in_scope","not_in_scope","spjnmreGb7U","single_target","","","","","false"
"25c14693-7751-4ce7-ba27-ccbf02a2aa5e","Mobilidade Torácica Semiajoelhado","P2","1","Mobilidade:primary:100","needs_review","not_in_scope","not_in_scope","uJWbomVEV9s","single_target","","","","","false"
"93434700-d614-43e8-9263-1b5a4e4fa3dc","Monster walk (caminhada do monstro)","P2","1","Ativação:primary:100","needs_review","needs_review","not_in_scope","1DCjhDQrUhU","single_target | safety_metadata_gap","","","","","false"
"cc4885b7-5983-46eb-836f-4c31b8b2323c","Mountain climbers","P2","1","Core:primary:100","needs_review","needs_review","not_in_scope","x-T77yfAhjU","single_target | safety_metadata_gap","","","","","false"
"caa940f6-6aca-4e19-a77c-3212a87260a5","Muscle-up (progressão)","P2","1","Peso Corporal:primary:100","needs_review","needs_review","not_in_scope","sOTjgPxUCVE","single_target | safety_metadata_gap","","","","","false"
"49fbaae9-ff6f-468a-ad2b-c6c7ee357bfe","Nórdico","P2","2","Glúteo:secondary:0.5 | Posterior de Coxa:primary:1","not_in_scope","needs_review","not_in_scope","6tYnt8H8YwI","safety_metadata_gap","","","","","false"
"caee0c7f-7b3a-481b-84a0-77d930e8a1a5","Nórdico com Elástico","P2","2","Glúteo:secondary:0.5 | Posterior de Coxa:primary:1","not_in_scope","needs_review","not_in_scope","MCbZDJy6g7Q","safety_metadata_gap","","","","","false"
"672c0d1e-59af-46c1-b3ec-d3135a745b1b","Nórdico Reverso","P2","2","Glúteo:secondary:0.5 | Posterior de Coxa:primary:1","not_in_scope","needs_review","not_in_scope","ocZRAMlskbU","safety_metadata_gap","","","","","false"
"8d6f862b-694b-4ada-b84d-d51be3c0454c","Open book (rotação torácica deitado)","P2","1","Mobilidade:primary:100","needs_review","not_in_scope","not_in_scope","93C-PRmMra0","single_target","","","","","false"
"15970175-ecdc-42be-8d48-eed24c8db1a6","Pallof press com banda","P2","1","Core:primary:100","needs_review","needs_review","not_in_scope","HXrLaqNIkTs","single_target | safety_metadata_gap","","","","","false"
"6073ee7c-1c0a-43b5-a70f-c13ddd0f1eca","Pallof press com passada","P2","1","Core:primary:100","needs_review","not_in_scope","needs_review","7EtpXXdxPMc","single_target | duplicate_video_cluster","","","","","false"
"aa122a11-23c8-4ce3-819e-479676a85f86","Pallof press isométrico","P2","1","Core:primary:100","needs_review","needs_review","needs_review","7EtpXXdxPMc","single_target | safety_metadata_gap | duplicate_video_cluster","","","","","false"
"08df4e08-7871-4212-aaa8-b9dc2807e2dd","Pallof press na polia","P2","1","Core:primary:100","needs_review","needs_review","needs_review","7EtpXXdxPMc","single_target | safety_metadata_gap | duplicate_video_cluster","","","","","false"
"0f840a33-cbf4-49f7-abc0-f999cc801301","Pallor press - Anti extensão/flexão","P2","1","Peitoral:primary:100","needs_review","needs_review","not_in_scope","","single_target | safety_metadata_gap","","","","","false"
"becb17e7-37e7-42a9-860d-98a6af115d90","Pancha frontal variação 1","P2","1","Abdominais:primary:100","needs_review","needs_review","not_in_scope","ffHr8a6DRvU","single_target | safety_metadata_gap","","","","","false"
"c5e71701-baac-4c7a-926c-a5215c36938a","Panturrilha com controle de Inversão","P2","1","Panturrilha:primary:100","needs_review","needs_review","needs_review","Z-MxAzTXBcM","single_target | safety_metadata_gap | duplicate_video_cluster","","","","","false"
"1d8626a7-58e1-40d3-8ca8-396b57c233eb","Panturrilha em Pé Máquina","P2","1","Panturrilha:primary:100","needs_review","needs_review","not_in_scope","EILF4iyBxSQ","single_target | safety_metadata_gap","","","","","false"
"9858eb03-5e8e-463c-82ea-98d1635c4e2d","Panturrilha Leg 45","P2","1","Panturrilha:primary:1","needs_review","needs_review","not_in_scope","erUNxqpFxkc","single_target | safety_metadata_gap","","","","","false"
"9f7ecac4-8233-4a7e-95a7-c60dbace22d3","Panturrilha Leg Horizontal","P2","1","Panturrilha:primary:1","needs_review","needs_review","not_in_scope","Ua7jx6wKyMw","single_target | safety_metadata_gap","","","","","false"
"e1000001-0000-0000-0000-000000000014","Panturrilha no Smith","P2","1","Panturrilha:primary:1","needs_review","needs_review","not_in_scope","bMyuFirH6dE","single_target | safety_metadata_gap","","","","","false"
"7bc7e3ba-a138-4a2b-b069-e6eb642ebe90","Panturrilha Sentado Máquina","P2","1","Panturrilha:primary:100","needs_review","needs_review","not_in_scope","1NBoneuGtQo","single_target | safety_metadata_gap","","","","","false"
"7cf75d18-f767-4032-ba36-b3ffc33beaaa","Panturrilha Smith com Step","P2","1","Panturrilha:primary:1","needs_review","not_in_scope","not_in_scope","IuyHpM4I4eY","single_target","","","","","false"
"41013fda-c824-4342-9f52-7f8d2dd0a54b","Panturrilha Unilateral Step/Degrau","P2","1","Panturrilha:primary:1","needs_review","not_in_scope","not_in_scope","EOYf2Vau9_E","single_target","","","","","false"
"0a136fd6-d641-4e21-be1c-dfd2f614b8cc","Paralela Inclinada para Peitoral","P2","1","Peitoral:primary:1","needs_review","needs_review","not_in_scope","tKvNEEELjcY","single_target | safety_metadata_gap","","","","","false"
"e10df991-f551-4b67-9600-f128151fb078","Paralela para Tríceps","P2","1","Tríceps:primary:1","needs_review","needs_review","not_in_scope","x3sgFGDyTiQ","single_target | safety_metadata_gap","","","","","false"
"605f232f-a42a-42b1-a36d-7e2a884f3af9","Passadas com Halteres","P2","1","Quadríceps:primary:100","needs_review","not_in_scope","not_in_scope","-oIl0YJGf9c","single_target","","","","","false"
"f5340b40-627b-45d2-9eae-c9cd3c098d86","Perdigueiro 4 apoios (suspenso)","P2","1","Abdominais:primary:100","needs_review","needs_review","not_in_scope","blASah6IGek","single_target | safety_metadata_gap","","","","","false"
"f6691114-2900-44af-909e-e966957f1372","Perdigueiro Alternado","P2","1","Abdominais:primary:100","needs_review","needs_review","not_in_scope","xaDoZO6NoJ0","single_target | safety_metadata_gap","","","","","false"
"fd346ad6-7a30-4e31-b167-9c9ab3f478c0","Perdigueiro Invertido Alternado","P2","1","Abdominais:primary:100","needs_review","needs_review","not_in_scope","P5t3U4b9TvY","single_target | safety_metadata_gap","","","","","false"
"b470efe1-aeb5-4c1a-9752-e65790f33823","Pike push-up","P2","1","Peitoral:primary:100","needs_review","needs_review","not_in_scope","89-8waE2XKI","single_target | safety_metadata_gap","","","","","false"
"24b1e69b-e3d3-45c1-8fd2-55356f6e87e9","Pistol squat","P2","1","Quadríceps:primary:100","needs_review","not_in_scope","needs_review","YtuQxUdulcg","single_target | duplicate_video_cluster","","","","","false"
"26f53a45-0947-40a6-a2b5-5c7fd7fe3b5c","Pistol squat assistido","P2","1","Quadríceps:primary:100","needs_review","not_in_scope","needs_review","YtuQxUdulcg","single_target | duplicate_video_cluster","","","","","false"
"8c8ab66a-8995-4b9a-a16c-3a33d5548286","Pogo jumps (saltinhos no lugar)","P2","1","Performance:primary:100","needs_review","not_in_scope","not_in_scope","XHPEwQXXGP8","single_target","","","","","false"
"b9ec1dea-7d91-4982-8a14-7b4434c1a34b","Pogo reativo com mini band","P2","1","Glúteo:primary:100","needs_review","needs_review","not_in_scope","J7zgGSbKBKI","single_target | safety_metadata_gap","","","","","false"
"6c8ad754-c524-47cd-944c-4103ba247fba","Pogo unipodal","P2","1","Performance:primary:100","needs_review","not_in_scope","not_in_scope","9jqoUBIP2_M","single_target","","","","","false"
"0b31d071-9fba-4e25-b214-83e134c254d1","Pombo (pigeon)","P2","1","Mobilidade:primary:100","needs_review","not_in_scope","not_in_scope","9VWgOrI6CMg","single_target","","","","","false"
"a5d763eb-d779-49bc-acd4-665438ab4e01","Ponte de glúteo","P2","1","Glúteo:primary:100","needs_review","needs_review","needs_review","1satDE63Bwc","single_target | safety_metadata_gap | duplicate_video_cluster","","","","","false"
"0dc85179-20cc-4046-8bbc-8425fbed95dc","Ponte de glúteo com mini band","P2","1","Glúteo:primary:100","needs_review","needs_review","not_in_scope","0ZTNZ4lYs0I","single_target | safety_metadata_gap","","","","","false"
"a21397db-be10-492f-9e1b-42994ac9d79f","Ponte de glúteo unilateral","P2","1","Glúteo:primary:100","needs_review","needs_review","not_in_scope","0e1SXFq806U","single_target | safety_metadata_gap","","","","","false"
"9f5d985c-c6f5-4287-a448-b844600bdae3","Ponte Glútea","P2","2","Glúteo:primary:1 | Posterior de Coxa:secondary:0.5","not_in_scope","needs_review","not_in_scope","Luvxb1b_Thw","safety_metadata_gap","","","","","false"
"0c145a70-2e35-476a-ad40-2998fcb92be3","Power clean","P2","1","Peso Livre:primary:100","needs_review","needs_review","not_in_scope","ii_rjKrKnhI","single_target | safety_metadata_gap","","","","","false"
"0f84c8b6-3e2e-4433-a247-985c26c1af9f","Power skip (skip de altura/distância)","P2","1","Performance:primary:100","needs_review","needs_review","not_in_scope","hV2vMIns_mw","single_target | safety_metadata_gap","","","","","false"
"85f9e6ce-592e-4eda-a9c6-79c2f828135f","Prancha + Cócoras","P2","1","Abdominais:primary:100","needs_review","needs_review","not_in_scope","NAeotabeJp8","single_target | safety_metadata_gap","","","","","false"
"71a733f9-b478-45b2-ac4b-3e9f8ae2165c","Prancha + medball","P2","1","Abdominais:primary:100","needs_review","needs_review","not_in_scope","guRwY_a6nJI","single_target | safety_metadata_gap","","","","","false"
"ee5bb2b7-7e27-470b-9fd2-9e924b0ebae0","Prancha Alta","P2","1","Abdominais:primary:1","needs_review","needs_review","not_in_scope","qNRqGqESAWU","single_target | safety_metadata_gap","","","","","false"
"7a15e4ba-3866-4371-874d-25b7c94d9e1a","Prancha alta (Cadeia cruzada - Core)","P2","1","Abdominais:primary:100","needs_review","needs_review","not_in_scope","Zex85qTPc4s","single_target | safety_metadata_gap","","","","","false"
"fce5642a-088d-40e1-9779-0956e9ed0f99","Prancha Alta com Flexão de Quadril e Joelho na Bola","P2","3","Deltoide Anterior:secondary:0.5 | Tríceps:secondary:0.5 | Peitoral:primary:1","not_in_scope","needs_review","not_in_scope","QNH7ZmQRwjs","safety_metadata_gap","","","","","false"
"f7ba7031-85e7-4ed6-a68b-c9497ba6f5b6","Prancha Alta Passando Halter","P2","1","Abdominais:primary:1","needs_review","needs_review","not_in_scope","Xvgw5ODIatQ","single_target | safety_metadata_gap","","","","","false"
"e8e07b80-c7bc-455f-b053-a9391e5ec052","Prancha Bola","P2","1","Abdominais:primary:1","needs_review","needs_review","needs_review","MscK5EhfwLE","single_target | safety_metadata_gap | duplicate_video_cluster","","","","","false"
"3552afdc-4a5a-49da-b7cb-222fe4044734","Prancha Bola com Movimento Frente e Trás","P2","1","Abdominais:primary:1","needs_review","needs_review","not_in_scope","Xj6-22LoWdA","single_target | safety_metadata_gap","","","","","false"
"b4d544e8-9879-4b6d-9b8f-06a24fa4b894","Prancha com Ativação de Serrátil","P2","1","Abdominais:primary:1","needs_review","needs_review","not_in_scope","jaFg4VoxP4U","single_target | safety_metadata_gap","","","","","false"
"0cb9e0ab-92ab-4a98-9f1b-98601d9dac5e","Prancha com Extensão de Quadril Alternada","P2","1","Abdominais:primary:1","needs_review","needs_review","not_in_scope","eNKZ9uSeD2U","single_target | safety_metadata_gap","","","","","false"
"d9b00932-87f9-48f1-b8f4-6e7aa4588b28","Prancha com Extensão de Quadril Unilateral","P2","1","Abdominais:primary:1","needs_review","needs_review","not_in_scope","gjmqvqoooDo","single_target | safety_metadata_gap","","","","","false"
"41a50d5e-42ac-46fc-9930-d3c5c51713c5","Prancha com toque de ombro","P2","1","Core:primary:100","needs_review","not_in_scope","not_in_scope","3ZSopTK46bs","single_target","","","","","false"
"91084dd1-b0b2-48f7-8365-0bab87218fa6","Prancha de Copenhagen","P2","1","Abdominais:primary:1","needs_review","needs_review","needs_review","or4nTs2_FLY","single_target | safety_metadata_gap | duplicate_video_cluster","","","","","false"
"77ecd1af-2960-4c99-b26a-dcfff9f66cdc","Prancha de Copenhagen Dinâmica","P2","1","Abdominais:primary:1","needs_review","needs_review","not_in_scope","gJATy6zogz0","single_target | safety_metadata_gap","","","","","false"
"123d1913-6722-412a-9644-98fe62ca2129","Prancha de Copenhagen Flexionada","P2","1","Abdominais:primary:1","needs_review","needs_review","needs_review","or4nTs2_FLY","single_target | safety_metadata_gap | duplicate_video_cluster","","","","","false"
"08603e8e-f8c7-48f2-a0b4-3572a685314c","Prancha Empurrar / Puxar","P2","1","Funcional:primary:100","needs_review","needs_review","not_in_scope","","single_target | safety_metadata_gap","","","","","false"
"8296368d-a47e-427f-b138-6bf9340e5914","Prancha frontal","P2","1","Core:primary:100","needs_review","needs_review","needs_review","uUQKLqKMJSU","single_target | safety_metadata_gap | duplicate_video_cluster","","","","","false"
"e5ffe3e1-2757-4ed7-ba87-a745d9a96c5d","Prancha Frontal","P2","1","Abdominais:primary:1","needs_review","needs_review","needs_review","uUQKLqKMJSU","single_target | safety_metadata_gap | duplicate_video_cluster","","","","","false"
"5fbca827-2419-41b2-bb66-2492a472be9b","Prancha inversa","P2","1","Abdominais:primary:100","needs_review","needs_review","not_in_scope","jE8Jk7cf8t4","single_target | safety_metadata_gap","","","","","false"
"8760c798-2f49-403e-8660-ad7c12729d5f","Prancha inversa + flexão de quadril alternada","P2","1","Abdominais:primary:100","needs_review","needs_review","not_in_scope","P9_L702O5h8","single_target | safety_metadata_gap","","","","","false"
"973b1aee-c058-4635-a8bd-f74740c55c13","Prancha lateral","P2","1","Core:primary:100","needs_review","needs_review","needs_review","pWGhRO5grqs","single_target | safety_metadata_gap | duplicate_video_cluster","","","","","false"
"44f1aea6-0474-49fb-ad57-2092f121036f","Prancha Lateral","P2","1","Abdominais:primary:1","needs_review","needs_review","needs_review","pWGhRO5grqs","single_target | safety_metadata_gap | duplicate_video_cluster","","","","","false"
"cbede972-bc03-4bbb-b665-6ae95e0c0016","Prancha Lateral + Abdução Isométrica","P2","1","Abdominais:primary:100","needs_review","needs_review","needs_review","pWGhRO5grqs","single_target | safety_metadata_gap | duplicate_video_cluster","","","","","false"
"4145eb23-d052-43f3-a187-e0775d415ba2","Prancha lateral + Ostrinha","P2","1","Abdominais:primary:100","needs_review","needs_review","needs_review","pWGhRO5grqs","single_target | safety_metadata_gap | duplicate_video_cluster","","","","","false"
"65ec923f-0020-4f2c-8c09-d89104d0cf12","Prancha Lateral + pressão na Bola","P2","1","Abdominais:primary:100","needs_review","needs_review","not_in_scope","x2gzR9zzSCw","single_target | safety_metadata_gap","","","","","false"
"a53b70fb-7cda-4018-8b55-68a6e9aa5d0a","Prancha Lateral com Abdução de Quadril Isométrica","P2","1","Glúteo:primary:1","needs_review","needs_review","not_in_scope","aPnNYaed4mI","single_target | safety_metadata_gap","","","","","false"
"c210591d-1ee6-451f-b28d-7c02e72f1fa2","Prancha lateral com elevação de quadril","P2","1","Core:primary:100","needs_review","needs_review","not_in_scope","wsuEsf33R-I","single_target | safety_metadata_gap","","","","","false"
"9424dd73-f3ed-4a0f-a2c3-dc3a0d296898","Prancha Lateral com Rotação Externa Elastico","P2","1","Abdominais:primary:100","needs_review","not_in_scope","needs_review","pWGhRO5grqs","single_target | duplicate_video_cluster","","","","","false"
"0bcfd332-2862-41db-9e34-c45773a0ff85","Prancha Lateral com Rotação Torácica","P2","1","Abdominais:primary:1","needs_review","needs_review","not_in_scope","-rTb_vJkHyc","single_target | safety_metadata_gap","","","","","false"
"59a78a41-600c-46e6-99eb-5f07b9063db9","Prancha Lateral em Abdução Isométrica c/ Calcanhares Unidos","P2","1","Quadríceps:primary:100","needs_review","needs_review","not_in_scope","7odpb3ONhuc","single_target | safety_metadata_gap","","","","","false"
"134d2973-68a1-4a41-99a1-5887538cb220","Prancha na Bola Mexendo Caldeirão","P2","1","Abdominais:primary:1","needs_review","needs_review","needs_review","MscK5EhfwLE","single_target | safety_metadata_gap | duplicate_video_cluster","","","","","false"
"721e4851-7b5b-47c4-8d90-a8315323ad40","Prancha na bola suíça","P2","1","Core:primary:100","needs_review","needs_review","not_in_scope","dSwivbxvJjY","single_target | safety_metadata_gap","","","","","false"
"286bfb30-d38a-4f8c-aa08-053f5b382db9","Prancha no bosu","P2","1","Estabilidade:primary:100","needs_review","needs_review","not_in_scope","8-6fSglpSJQ","single_target | safety_metadata_gap","","","","","false"
"d5462d44-a75c-4178-8d7c-1df92850cfd2","Prancha Toque de Ombros Cruzado","P2","1","Abdominais:primary:1","needs_review","not_in_scope","not_in_scope","rkHEQ0L1HnU","single_target","","","","","false"
"2f48e086-0b50-4ba8-a94c-f8ff3af23dbd","Prancha up-down (antebraço-mão)","P2","1","Core:primary:100","needs_review","needs_review","not_in_scope","RIR1JTvir_U","single_target | safety_metadata_gap","","","","","false"
"3f04c318-83f2-4e78-aee1-99ddd18849ef","Pré Plio Bilateral - Posição Atlética","P2","1","Performance:primary:100","needs_review","not_in_scope","not_in_scope","OTNrDzJ5mKk","single_target","","","","","false"
"714ca533-7eee-4121-bc44-d76ecd2b9863","Pré Plio Unilateral","P2","1","Performance:primary:100","needs_review","not_in_scope","needs_review","ToE6yT5pHZ0","single_target | duplicate_video_cluster","","","","","false"
"3e1d8c8d-fd9f-4546-8581-1a1936833624","Press anti-rotação meio-ajoelhado","P2","1","Core:primary:100","needs_review","needs_review","not_in_scope","g87RakAM268","single_target | safety_metadata_gap","","","","","false"
"278dc519-6103-4b04-beac-31cf6cf12fb5","Pronação e Supinação Halteres","P2","1","Antebraço:primary:1","needs_review","needs_review","not_in_scope","H494_OGRdwM","single_target | safety_metadata_gap","","","","","false"
"eef9a08b-8ea3-45d9-ae15-dace11048bf9","Propulsão Diagonal com mini band","P2","1","Glúteo:primary:100","needs_review","needs_review","needs_review","6fQwWnHMAoI","single_target | safety_metadata_gap | duplicate_video_cluster","","","","","false"
"184049e0-c296-41b2-9742-96d416c0ca8a","Pull Over Unilateral Banco","P2","1","Dorsal:primary:100","needs_review","needs_review","not_in_scope","rOukBg8iQQs","single_target | safety_metadata_gap","","","","","false"
"e5e6eb77-21c8-4d9b-95c0-3f91c4914375","Pullover Halter","P2","2","Dorsal:primary:1 | Peitoral:secondary:0.5","not_in_scope","needs_review","not_in_scope","1hWxh0WI7lE","safety_metadata_gap","","","","","false"
"58e1cae6-b85a-46d9-8639-291b23f0fbde","Push press","P2","1","Deltoide Posterior:primary:100","needs_review","not_in_scope","not_in_scope","VaIDqmZBkpc","single_target","","","","","false"
"76467db3-e397-4cb0-a1cb-3bb4fb2cf339","Quadruped rock back","P2","1","Controle Motor:primary:100","needs_review","needs_review","not_in_scope","s561SXZjKjU","single_target | safety_metadata_gap","","","","","false"
"ffbf282d-91d7-44fb-b4fe-7775256eca1f","Rack Pulls","P2","1","Posterior de Coxa:primary:1","needs_review","needs_review","not_in_scope","6CJmYdgpHEg","single_target | safety_metadata_gap","","","","","false"
"4fa767dc-338d-48f0-accc-9088900c2738","Rack Pulls Smith","P2","1","Posterior de Coxa:primary:1","needs_review","needs_review","not_in_scope","d9sK2R95MMM","single_target | safety_metadata_gap","","","","","false"
"b1c0882e-f674-473d-a6a4-5f8d1fea2b0f","Recuo Barra Livre","P2","1","Quadríceps:primary:100","needs_review","needs_review","not_in_scope","dQ5LCKbQhSE","single_target | safety_metadata_gap","","","","","false"
"53c8b9d0-82ce-4d29-8573-7a337a1da03e","Recuo Halteres","P2","1","Quadríceps:primary:100","needs_review","needs_review","not_in_scope","8_hvDFfoeRs","single_target | safety_metadata_gap","","","","","false"
"76540c36-8b73-4400-931a-7b7afc7d9bdd","Recuo Halteres com Step na Frente","P2","1","Quadríceps:primary:100","needs_review","not_in_scope","not_in_scope","7BVLfs1sKC0","single_target","","","","","false"
"7b60f329-d660-474c-a47f-1780c9c6f03b","Recuo Smith","P2","1","Quadríceps:primary:100","needs_review","needs_review","not_in_scope","IbHSNWPBjAA","single_target | safety_metadata_gap","","","","","false"
"3b94a40d-82de-4b73-8758-d7b722a9e771","Recuo Smith com Step na Frente","P2","1","Quadríceps:primary:100","needs_review","not_in_scope","needs_review","nEXRxKJYruo","single_target | duplicate_video_cluster","","","","","false"
"39d4541e-109c-46ed-8a72-4936c8e320ba","Renegade row","P2","1","Core:primary:100","needs_review","needs_review","not_in_scope","YUMXGLL2IKE","single_target | safety_metadata_gap","","","","","false"
"5dd42590-3103-4a4d-8716-bcbba23bd66c","Resposta a carga com controle de eversão","P2","1","Funcional:primary:100","needs_review","needs_review","needs_review","3vl3D0tk1tQ","single_target | safety_metadata_gap | duplicate_video_cluster","","","","","false"
"39bfac54-b3c7-4b54-84f3-9aa88abffdf9","Resposta a carga ISO molinete","P2","1","Funcional:primary:100","needs_review","needs_review","not_in_scope","0SXZxhpvFnU","single_target | safety_metadata_gap","","","","","false"
"709a6fe5-cab8-482a-b60d-35495ff6e275","Retração escapular na parede","P2","1","Dorsal:primary:100","needs_review","not_in_scope","not_in_scope","","single_target","","","","","false"
"9f1d3660-5d1a-4166-ad4e-b3fe4f53be8b","Reverse crunch","P2","1","Core:primary:100","needs_review","needs_review","not_in_scope","eX9vjAsdWvY","single_target | safety_metadata_gap","","","","","false"
"a49a288e-8fec-4318-a1ec-c86d25d99621","Rigidez de Tornozelo elevação ( estabilidade)","P2","1","Panturrilha:primary:100","needs_review","needs_review","needs_review","1X2aa0gs0A0","single_target | safety_metadata_gap | duplicate_video_cluster","","","","","false"
"112992f6-3db1-4aae-a972-8d2962126dcf","Rolamento segmentar (segmental rolling)","P2","1","Controle Motor:primary:100","needs_review","needs_review","not_in_scope","-sIpbcsCuYs","single_target | safety_metadata_gap","","","","","false"
"c1ada640-8bbf-4d6d-b130-d1ded4519a92","Rollout no TRX","P2","1","Core:primary:100","needs_review","needs_review","not_in_scope","9hBHB1eGHo8","single_target | safety_metadata_gap","","","","","false"
"e1000001-0000-0000-0000-000000000009","Rosca Alternada","P2","1","Bíceps:primary:1","needs_review","needs_review","not_in_scope","xXp3mV3OOZo","single_target | safety_metadata_gap","","","","","false"
"380a94d4-ddc7-48ff-8b7d-9eab07f270ed","Rosca Alternada com Giro","P2","1","Bíceps:primary:1","needs_review","needs_review","not_in_scope","7e1CoiKX0yU","single_target | safety_metadata_gap","","","","","false"
"92da4db7-ec84-4aca-a2e5-432b4b204b3f","Rosca Arnold","P2","3","Deltoide Anterior:primary:1 | Deltoide Lateral:secondary:0.5 | Tríceps:secondary:0.5","not_in_scope","needs_review","needs_review","W54zDLDAUbQ","safety_metadata_gap | duplicate_video_cluster","","","","","false"
"867a6df5-d665-43ac-b297-d46c2b667741","Rosca Banco 45","P2","1","Bíceps:primary:1","needs_review","needs_review","needs_review","F_EkPpuJV4k","single_target | safety_metadata_gap | duplicate_video_cluster","","","","","false"
"af88fede-e776-4fd2-b929-6357cfd98e0b","Rosca Banco 45 com Giro","P2","1","Bíceps:primary:1","needs_review","needs_review","not_in_scope","ioML_NZH16M","single_target | safety_metadata_gap","","","","","false"
"2d0b1d00-37fc-4deb-9687-3250edeeb87c","Rosca Banco 45 Neutra","P2","1","Bíceps:primary:1","needs_review","needs_review","needs_review","F_EkPpuJV4k","single_target | safety_metadata_gap | duplicate_video_cluster","","","","","false"
"56c7b21c-1697-4f6b-9d73-02dd9f0d0f26","Rosca Concentrada","P2","1","Bíceps:primary:1","needs_review","needs_review","not_in_scope","EEpvOQAAtRo","single_target | safety_metadata_gap","","","","","false"
"e1000001-0000-0000-0000-000000000008","Rosca Direta","P2","1","Bíceps:primary:1","needs_review","needs_review","not_in_scope","vDWPtEMrzeU","single_target | safety_metadata_gap","","","","","false"
"21c97317-199d-400a-ad43-0a29179570ae","Rosca Direta Barra W","P2","1","Bíceps:primary:100","needs_review","needs_review","not_in_scope","V6UEDzY51gY","single_target | safety_metadata_gap","","","","","false"
"991faa49-4ce9-4bb9-975b-315f78efa964","Rosca Direta Halteres","P2","1","Bíceps:primary:1","needs_review","needs_review","not_in_scope","0T7V5o9ypUw","single_target | safety_metadata_gap","","","","","false"
"d154f0c1-5df4-4fd4-a487-3cfcaee43988","Rosca Direta Polia Barra","P2","1","Bíceps:primary:1","needs_review","needs_review","not_in_scope","zqklqTcOsbo","single_target | safety_metadata_gap","","","","","false"
"22a29009-6f64-406a-966f-253155bd5410","Rosca Direta Polia Corda","P2","1","Bíceps:primary:1","needs_review","needs_review","not_in_scope","UnRsQvTTbCI","single_target | safety_metadata_gap","","","","","false"
"aefecdad-cc83-4a92-94b7-6408a556b883","Rosca em Hiperextensão de Ombro Polia","P2","1","Bíceps:primary:1","needs_review","not_in_scope","not_in_scope","AQmR8B6l2Ww","single_target","","","","","false"
"f4558c21-4ace-4c19-834c-9deafaab7fef","Rosca Inclinada Polia Barra","P2","1","Bíceps:primary:1","needs_review","needs_review","not_in_scope","qdgsBUEk3p4","single_target | safety_metadata_gap","","","","","false"
"46e562a9-783c-4654-a303-bbecf3b638b9","Rosca Inversa Polia Barra","P2","3","Antebraço:secondary:0.5 | Bíceps:primary:1 | Braquiorradial:secondary:0.5","not_in_scope","needs_review","not_in_scope","Ji_KYs4w59U","safety_metadata_gap","","","","","false"
"498e22d2-7d0e-4698-a446-0c06d662b23f","Rosca Martelo Alternada Halteres","P2","3","Antebraço:secondary:0.5 | Bíceps:primary:1 | Braquiorradial:secondary:0.5","not_in_scope","needs_review","not_in_scope","ITRfzXEcBz0","safety_metadata_gap","","","","","false"
"f42f4b07-35f7-4deb-872e-3f1987a3dc89","Rosca Martelo Halteres","P2","2","Bíceps:primary:100 | Braquiorradial:secondary:50","not_in_scope","needs_review","not_in_scope","OnNmaG_tZM4","safety_metadata_gap","","","","","false"
"ac9d61cc-6bcc-4c5e-ac00-094f43fe1453","Rosca Scott Máquina","P2","1","Bíceps:primary:1","needs_review","needs_review","not_in_scope","90_d-DsrOkE","single_target | safety_metadata_gap","","","","","false"
"c3a687e4-a17c-401d-a7b8-85e25c6e982f","Rosca Scott Unilateral Halter","P2","1","Bíceps:primary:1","needs_review","needs_review","not_in_scope","pNIis9cPcFE","single_target | safety_metadata_gap","","","","","false"
"1dba3d51-da68-44a7-a720-f7caf0c36cd2","Rosca Scott Unilateral Neutra Halter","P2","1","Bíceps:primary:1","needs_review","needs_review","not_in_scope","g9YK7X6pOiQ","single_target | safety_metadata_gap","","","","","false"
"124d5562-a1fc-47ce-a3eb-c536dc0f6699","Rosca Spider Halteres","P2","1","Bíceps:primary:1","needs_review","needs_review","not_in_scope","q8umeHQz99E","single_target | safety_metadata_gap","","","","","false"
"ea97c500-172b-4db2-a438-507f8b4a1b86","Rosca Unilateral Cross Polia Alta","P2","1","Bíceps:primary:1","needs_review","needs_review","not_in_scope","HAhwkCj_sRQ","single_target | safety_metadata_gap","","","","","false"
"405d110e-8ca3-4fbc-a2ec-57f14f241ac0","Rotação externa de ombro com banda","P2","1","Deltoide Posterior:primary:100","needs_review","not_in_scope","not_in_scope","rWMNJI01m_Y","single_target","","","","","false"
"43d04bdc-4c4c-49d6-aed4-453d6f4c09ef","Rotação torácica quadrupede","P2","1","Mobilidade:primary:100","needs_review","not_in_scope","not_in_scope","xdvzTRson2Q","single_target","","","","","false"
"fa93026d-104b-4ce7-9ce2-8bd58fd6b57f","Rotação Tronco Polia Baixa","P2","1","Funcional:primary:100","needs_review","needs_review","not_in_scope","","single_target | safety_metadata_gap","","","","","false"
"2e2a7262-63ec-4cdc-a108-4b5322b35289","Russian twist","P2","1","Core:primary:100","needs_review","needs_review","not_in_scope","fCHFQTBqm-U","single_target | safety_metadata_gap","","","","","false"
"7531dfbc-5bd0-4d07-b8a3-b42e6c4a4416","Russian twist com peso","P2","1","Core:primary:100","needs_review","needs_review","not_in_scope","4p5jWyz-YRQ","single_target | safety_metadata_gap","","","","","false"
"d3bef183-9c48-44db-b1b0-041e549b43ca","Sandbag carry","P2","1","Funcional:primary:100","needs_review","needs_review","not_in_scope","2WXDXZ9m9F4","single_target | safety_metadata_gap","","","","","false"
"1fa8950a-6f9f-4c24-9115-b0cc25d6dddc","Sapinho Banco com Minband (Frog)","P2","1","Glúteo:primary:100","needs_review","needs_review","not_in_scope","YKILedwO7X4","single_target | safety_metadata_gap","","","","","false"
"e4ea8b60-b6ad-41e7-92a5-863451267473","Scapular push-up (push-up plus)","P2","1","Peitoral:primary:100","needs_review","needs_review","not_in_scope","NKekqeudgWs","single_target | safety_metadata_gap","","","","","false"
"d995e5f7-9725-48a5-ae0a-780b1c9f1d29","Scissor jumps (tesoura)","P2","1","Performance:primary:100","needs_review","not_in_scope","not_in_scope","5VlnYBz64Pg","single_target","","","","","false"
"771c15b3-d144-4e5a-ac67-f93a0116fe5c","Serrote em pé","P2","1","Dorsal:primary:100","needs_review","needs_review","not_in_scope","mjFIZX68F_8","single_target | safety_metadata_gap","","","","","false"
"9211404c-1b87-4a13-97a6-b5c65fc4ff22","Serrote Livre","P2","1","Dorsal:primary:1","needs_review","needs_review","not_in_scope","qBkVHKhmUU8","single_target | safety_metadata_gap","","","","","false"
"7e8bf2c1-c96a-4ba5-8e2f-122e27ef1f55","Short foot","P2","1","Mobilidade:primary:100","needs_review","not_in_scope","not_in_scope","","single_target","","","","","false"
"ca9d547c-3488-43fa-945e-7dbb8431a917","Shoulder dislocates com bastão","P2","1","Deltoide Posterior:primary:100","needs_review","not_in_scope","not_in_scope","gXE-gVzYD9w","single_target","","","","","false"
"5f1491fa-432c-4bb5-a404-e9074fc79792","Sissy squat","P2","1","Quadríceps:primary:100","needs_review","not_in_scope","not_in_scope","q4C9vgdUHf0","single_target","","","","","false"
"8be87651-fa98-4855-8a76-665f44971cc6","Skipping alto","P2","1","Performance:primary:100","needs_review","not_in_scope","not_in_scope","gxnEVpAGZqE","single_target","","","","","false"
"107cb28d-341d-4245-9bff-e687398d7c88","SL 2DB Box Clean","P2","1","Funcional:primary:100","needs_review","needs_review","needs_review","rmpVSw6wa5E","single_target | safety_metadata_gap | duplicate_video_cluster","","","","","false"
"f347f55d-f778-480c-afc8-106198022b6d","SL DB Box Clean","P2","1","Funcional:primary:100","needs_review","needs_review","needs_review","rmpVSw6wa5E","single_target | safety_metadata_gap | duplicate_video_cluster","","","","","false"
"344d933b-cd88-415c-ae69-649116c150c4","SL DB Box Snatch","P2","1","Performance:primary:100","needs_review","not_in_scope","not_in_scope","VBwR-0FjuMQ","single_target","","","","","false"
"cce6cde7-2251-49cf-9083-b7bbd0193630","Slam ball","P2","1","Funcional:primary:100","needs_review","needs_review","not_in_scope","Cuf9jy-RC5A","single_target | safety_metadata_gap","","","","","false"
"069009fe-c5ed-4edd-b018-c247ca09675f","Slam ball lateral","P2","1","Performance:primary:100","needs_review","needs_review","not_in_scope","GeEmfdEONWA","single_target | safety_metadata_gap","","","","","false"
"4753f368-2ae5-40ca-9068-dd6622c25c7a","Slam ball rotacional","P2","1","Performance:primary:100","needs_review","needs_review","not_in_scope","M9ryqecCLf0","single_target | safety_metadata_gap","","","","","false"
"c1e79eca-66da-429e-9e55-cade5bf81998","Sled pull (puxar trenó)","P2","1","Dorsal:primary:100","needs_review","needs_review","not_in_scope","X2D02t_wNXI","single_target | safety_metadata_gap","","","","","false"
"bed50ce6-9617-4562-9640-4c50eb17ae40","Sled push (empurrar trenó)","P2","1","Funcional:primary:100","needs_review","needs_review","not_in_scope","KGxYtOniV8A","single_target | safety_metadata_gap","","","","","false"
"c648a996-b9c6-453b-bc08-32ae3bdb6c2b","Sled push de aceleração","P2","1","Performance:primary:100","needs_review","needs_review","not_in_scope","n_kpo7p4g88","single_target | safety_metadata_gap","","","","","false"
"b977301b-7a5c-4753-8c6f-eb2db516a277","Snap down (desaceleração rápida)","P2","1","Performance:primary:100","needs_review","needs_review","not_in_scope","WsoK9i_K5hU","single_target | safety_metadata_gap","","","","","false"
"fc064b37-3ef2-4dcd-baaa-e1272d67cc23","Snatch (arranco) com barra","P2","1","Performance:primary:100","needs_review","not_in_scope","not_in_scope","2MtmjfFk9Mk","single_target","","","","","false"
"29a4577b-cf14-4bbd-b480-472fd828e6db","Snatch Unipodal / Unilateral Halter","P2","1","Performance:primary:100","needs_review","not_in_scope","not_in_scope","iskgn0EJDiQ","single_target","","","","","false"
"3e5eab60-1953-4ec7-a4c3-33b67a4026e6","Spiderman lunge com rotação","P2","1","Quadríceps:primary:100","needs_review","not_in_scope","not_in_scope","gC51fxE0x-w","single_target","","","","","false"
"c941a80c-af63-4066-9d35-2850673c0391","Sprint resistido com banda","P2","1","Performance:primary:100","needs_review","needs_review","not_in_scope","Sxp-JuBM4MU","single_target | safety_metadata_gap","","","","","false"
"7a360b5d-f93d-4864-ad2c-9cfedb42613f","Stir the pot na bola","P2","1","Core:primary:100","needs_review","needs_review","not_in_scope","IfOtFv6zz8I","single_target | safety_metadata_gap","","","","","false"
"bad24698-d7ec-42db-b88f-232652935b82","Suitcase carry (caminhada unilateral)","P2","1","Core:primary:100","needs_review","needs_review","not_in_scope","3RKKnZhhelE","single_target | safety_metadata_gap","","","","","false"
"253a7e0f-63fc-43cb-b983-352bfb724549","Sumo Deadlift","P2","1","Posterior de Coxa:primary:100","needs_review","not_in_scope","not_in_scope","NU2yVs3WrFI","single_target","","","","","false"
"a3960993-b603-403e-acc2-df84a2aceb6b","Superman","P2","2","Glúteo:secondary:0.5 | Lombar / Eretores:primary:1","not_in_scope","needs_review","not_in_scope","vDXe2eBowUg","safety_metadata_gap","","","","","false"
"80653a6c-1c38-4e90-9805-d9c9e75eef83","Superman W e Y","P2","2","Glúteo:secondary:0.5 | Lombar / Eretores:primary:1","not_in_scope","needs_review","not_in_scope","7vtfGaNSsPw","safety_metadata_gap","","","","","false"
"ab96e97b-0a29-44e2-9dff-4cf074c7e8d4","Swan dive chão","P2","1","Peso Corporal:primary:100","needs_review","needs_review","not_in_scope","mgzzDLWwUEk","single_target | safety_metadata_gap","","","","","false"
"89248200-9215-4cd8-822d-b1bf1378c82d","Thruster","P2","1","Funcional:primary:100","needs_review","needs_review","not_in_scope","1WpcAeuT7PQ","single_target | safety_metadata_gap","","","","","false"
"33c3e734-d90b-4870-9958-d5d1c76870b3","Thruster com KB Unilateral","P2","1","Funcional:primary:100","needs_review","needs_review","not_in_scope","Id0Qefh4AHc","single_target | safety_metadata_gap","","","","","false"
"c8086a56-54a1-4ece-ba4c-508eab361518","Toe taps deitado (core control)","P2","1","Controle Motor:primary:100","needs_review","needs_review","not_in_scope","LDLO_AC8DDo","single_target | safety_metadata_gap","","","","","false"
"2aaadd16-0981-4952-a86b-a0f55577bde1","Toes to bar","P2","1","Core:primary:100","needs_review","needs_review","not_in_scope","h4kMJeL1pv8","single_target | safety_metadata_gap","","","","","false"
"2440c002-d2bb-4a9a-bb38-8b45a58016fd","Tríceps Abdução Horizontal Unilateral Polia","P2","1","Tríceps:primary:1","needs_review","needs_review","not_in_scope","8iizdZpnOnE","single_target | safety_metadata_gap","","","","","false"
"e1000001-0000-0000-0000-000000000004","Tríceps Corda","P2","1","Tríceps:primary:1","needs_review","needs_review","not_in_scope","-9QOMRXUSIg","single_target | safety_metadata_gap","","","","","false"
"4f44fac9-f032-48aa-a936-f088f8a76709","Tríceps Francês Em Pé","P2","1","Tríceps:primary:1","needs_review","needs_review","not_in_scope","wcpCGLuXFfU","single_target | safety_metadata_gap","","","","","false"
"a545e43e-bbd1-414c-8b73-2e9aa3fc4ddb","Tríceps Francês polia barra","P2","1","Tríceps:primary:1","needs_review","needs_review","not_in_scope","tORGhaY6_Nw","single_target | safety_metadata_gap","","","","","false"
"99e2a39b-507d-4e8a-b260-6f5e4dae07c5","Tríceps Francês Polia Corda","P2","1","Tríceps:primary:1","needs_review","needs_review","not_in_scope","EP528Q4LjY8","single_target | safety_metadata_gap","","","","","false"
"59de661a-23a1-41d3-9a1e-ee21d77401ae","Tríceps Francês Sentado","P2","1","Tríceps:primary:1","needs_review","needs_review","not_in_scope","_dtPoiFWZT4","single_target | safety_metadata_gap","","","","","false"
"5112d74f-de07-4f65-86c1-9e2d0668d69f","Tríceps Francês Unilateral Halter","P2","1","Tríceps:primary:1","needs_review","needs_review","not_in_scope","-KPTUBPZJfM","single_target | safety_metadata_gap","","","","","false"
"fee75457-aeea-4070-8b1c-de33d8f0f0fe","Tríceps Inverso Polia","P2","1","Tríceps:primary:1","needs_review","needs_review","not_in_scope","tGbricpU-vg","single_target | safety_metadata_gap","","","","","false"
"84657c3f-895f-4892-b624-737b633f0ecf","Tríceps Paralela Máquina","P2","1","Tríceps:primary:1","needs_review","needs_review","not_in_scope","v8YxhmlUcLo","single_target | safety_metadata_gap","","","","","false"
"d06f7cc9-380d-4fb1-9b60-5bd92a25dc22","Tríceps Polia Barra","P2","1","Tríceps:primary:100","needs_review","needs_review","not_in_scope","LxOzoOKerUk","single_target | safety_metadata_gap","","","","","false"
"3cc40978-bc88-4d1c-88b4-670d761db741","Tríceps Polia Corda","P2","1","Tríceps:primary:100","needs_review","needs_review","needs_review","re-ILvqD1RE","single_target | safety_metadata_gap | duplicate_video_cluster","","","","","false"
"e1000001-0000-0000-0000-000000000005","Tríceps Testa","P2","1","Tríceps:primary:1","needs_review","needs_review","not_in_scope","jSzyIiiy7jc","single_target | safety_metadata_gap","","","","","false"
"ecdca299-adb9-46e7-bc96-adf9dfff162a","Tríceps Testa Barra Banco 45","P2","1","Tríceps:primary:1","needs_review","needs_review","not_in_scope","JiPbdOTAxQw","single_target | safety_metadata_gap","","","","","false"
"043b569d-b13d-4ff7-9d4e-a552ff9d85ef","Tríceps Testa Barra Banco Reto","P2","1","Tríceps:primary:1","needs_review","needs_review","not_in_scope","QsOqBOt088U","single_target | safety_metadata_gap","","","","","false"
"7bfed90c-0875-45ea-af5e-beb5ce49cb60","Tríceps Testa Barra Solo","P2","1","Tríceps:primary:1","needs_review","needs_review","not_in_scope","8LFsUN913r4","single_target | safety_metadata_gap","","","","","false"
"0d3eb594-ecb2-43e7-b70d-a8b272db3a42","Tríceps Testa Halteres Banco 45","P2","1","Tríceps:primary:1","needs_review","needs_review","needs_review","VakpIeaaeXA","single_target | safety_metadata_gap | duplicate_video_cluster","","","","","false"
"883f77a1-c25f-4626-aed5-9d18c8955508","Tríceps Testa Halteres Banco Reto","P2","1","Tríceps:primary:1","needs_review","needs_review","needs_review","VakpIeaaeXA","single_target | safety_metadata_gap | duplicate_video_cluster","","","","","false"
"df73c501-7916-4e9c-bc78-08c79d9e5c85","Tríceps Testa Halteres Solo","P2","1","Tríceps:primary:1","needs_review","needs_review","not_in_scope","xg2rDl8s2DY","single_target | safety_metadata_gap","","","","","false"
"c4cd4956-93f0-4170-a2c9-753e459a7a80","Tríceps Testa Polia Barra","P2","1","Tríceps:primary:1","needs_review","needs_review","needs_review","re-ILvqD1RE","single_target | safety_metadata_gap | duplicate_video_cluster","","","","","false"
"819d50d1-34ac-418b-a989-f71937578072","Tríceps Testa Polia Corda","P2","1","Tríceps:primary:1","needs_review","needs_review","needs_review","re-ILvqD1RE","single_target | safety_metadata_gap | duplicate_video_cluster","","","","","false"
"c46d79a5-e3ff-4c1e-a21c-091b66cbde1a","Tríceps Unilateral Cruzado Polia","P2","1","Tríceps:primary:1","needs_review","needs_review","not_in_scope","89Xn5g1XC2I","single_target | safety_metadata_gap","","","","","false"
"5f69e25e-47af-4774-8ece-61066a4e2e47","Tríceps Unilateral Polia","P2","1","Tríceps:primary:1","needs_review","needs_review","not_in_scope","uMOxuLbpTZE","single_target | safety_metadata_gap","","","","","false"
"fe17cc30-418b-4708-adf6-b8d9cefcdadc","Triple extension drill (tríplice extensão)","P2","1","Performance:primary:100","needs_review","needs_review","not_in_scope","WIKEmEvTmQg","single_target | safety_metadata_gap","","","","","false"
"c7da00c3-45fc-4bcf-9f33-9b6032086bf4","Triset Antebraço Polia","P2","1","Antebraço:primary:1","needs_review","needs_review","not_in_scope","brUlMrJkwSw","single_target | safety_metadata_gap","","","","","false"
"054f9822-2e74-46ba-b97d-23cf1823baf9","Triset Panturrilha com Rotação","P2","1","Panturrilha:primary:1","needs_review","needs_review","not_in_scope","9fIw0ue8iQE","single_target | safety_metadata_gap","","","","","false"
"9634cfc8-a6d2-4571-ac2e-0e8e4a34cf4d","Tuck jump (joelhos ao peito)","P2","1","Peitoral:primary:100","needs_review","not_in_scope","not_in_scope","hIx0g19XqoY","single_target","","","","","false"
"26b210fb-57c9-455d-bff0-bd8ac58294fa","Tuck jumps contínuos reativos","P2","1","Performance:primary:100","needs_review","not_in_scope","not_in_scope","nsbTPZVp1X0","single_target","","","","","false"
"0d6195f9-ed85-427a-b60a-04e93dc6899a","Turkish get-up","P2","1","Funcional:primary:100","needs_review","needs_review","not_in_scope","3-2QGScoNGQ","single_target | safety_metadata_gap","","","","","false"
"a3ad2cdb-f8e7-4f09-9312-25e7ecf476bd","V-up","P2","1","Core:primary:100","needs_review","needs_review","not_in_scope","oirraQEz-74","single_target | safety_metadata_gap","","","","","false"
"316c9693-ce56-4b3b-b31e-f4316f75e70c","Voador","P2","1","Peitoral:primary:1","needs_review","needs_review","not_in_scope","3K__fj8IMWQ","single_target | safety_metadata_gap","","","","","false"
"96d192f2-1d3f-4114-85de-63c3413cb68c","Voador Invertido","P2","1","Deltoide Lateral:primary:1","needs_review","not_in_scope","not_in_scope","7qWQ0RDsVEs","single_target","","","","","false"
"faa1019a-2bd5-411b-853a-e8ed2e49e996","Wall ankling (tornozelo na parede)","P2","1","Panturrilha:primary:100","needs_review","needs_review","needs_review","h7HR4Bpc2_k","single_target | safety_metadata_gap | duplicate_video_cluster","","","","","false"
"d2b04cb4-1a7d-4e74-af31-19809acb719a","Wall ball","P2","1","Funcional:primary:100","needs_review","needs_review","not_in_scope","WGM7FjbDJUA","single_target | safety_metadata_gap","","","","","false"
"49a466e8-8b75-499a-9595-b8c2dff6b6c4","Wall ball lateral","P2","1","Performance:primary:100","needs_review","needs_review","not_in_scope","i7Y5eZ0ZZdQ","single_target | safety_metadata_gap","","","","","false"
"2dbd7749-f70d-4021-b32c-79feb8e22e6e","Wall Ball Slide","P2","1","Quadríceps:primary:100","needs_review","needs_review","not_in_scope","O8N90lRiV6I","single_target | safety_metadata_gap","","","","","false"
"191b67b9-e656-4ec4-bcc4-8041176133a9","Wall ball unilateral","P2","1","Performance:primary:100","needs_review","needs_review","not_in_scope","JnuVklrbSxo","single_target | safety_metadata_gap","","","","","false"
"0e741d22-0879-4e6b-9e31-ed2dc4f5d974","Wall Drill Diagonal Reativo","P2","1","Performance:primary:100","needs_review","needs_review","not_in_scope","v4owpszQTAE","single_target | safety_metadata_gap","","","","","false"
"0a379d97-b76e-45f9-99b9-7fe1ad2298d6","Wall Drill Propulsão Diagonal","P2","1","Performance:primary:100","needs_review","needs_review","needs_review","yC3Vpiv9InY","single_target | safety_metadata_gap | duplicate_video_cluster","","","","","false"
"59bd4068-be22-46ce-a004-52abe5dc3112","Wall drive 3 contatos","P2","1","Performance:primary:100","needs_review","needs_review","not_in_scope","2yJA0mB1eA0","single_target | safety_metadata_gap","","","","","false"
"4bbcaec9-1ed8-4365-8573-1894c5e2cec4","Wall drive com banda no quadril","P2","1","Glúteo:primary:100","needs_review","needs_review","needs_review","u_lE_VMnYfU","single_target | safety_metadata_gap | duplicate_video_cluster","","","","","false"
"6dac4ab0-d5af-42ec-9dec-ea954a0387c1","Wall drive contínuo (rápido)","P2","1","Performance:primary:100","needs_review","needs_review","needs_review","u_lE_VMnYfU","single_target | safety_metadata_gap | duplicate_video_cluster","","","","","false"
"c93f9ae2-eca7-4cde-a34a-c4bed7f95087","Wall drive duplo (2 trocas)","P2","1","Performance:primary:100","needs_review","needs_review","needs_review","u_lE_VMnYfU","single_target | safety_metadata_gap | duplicate_video_cluster","","","","","false"
"36f9b012-2d66-48ca-84bf-154d2439ebfb","Wall drive isométrico (posição de aceleração)","P2","1","Performance:primary:100","needs_review","needs_review","not_in_scope","c9JOWgtrDk0","single_target | safety_metadata_gap","","","","","false"
"c2d07de8-c924-44d1-94b4-7338d2a5c4f4","Wall drive marcha (1 troca)","P2","1","Performance:primary:100","needs_review","needs_review","needs_review","u_lE_VMnYfU","single_target | safety_metadata_gap | duplicate_video_cluster","","","","","false"
"065e621b-2ba9-4332-9dee-fb3806b11545","Wall slide (controle escapular)","P2","1","Controle Motor:primary:100","needs_review","needs_review","not_in_scope","XwN3hXN4ZZE","single_target | safety_metadata_gap","","","","","false"
"1f396e9a-d008-4d23-9149-2d9edd8688d5","Wall slides (deslizar na parede)","P2","1","Ativação:primary:100","needs_review","needs_review","needs_review","i_0zLUcE-zk","single_target | safety_metadata_gap | duplicate_video_cluster","","","","","false"
"af1cab29-e1e0-4e01-81d1-66db789c39ec","Wall sprint march com banda","P2","1","Performance:primary:100","needs_review","needs_review","needs_review","yC3Vpiv9InY","single_target | safety_metadata_gap | duplicate_video_cluster","","","","","false"
"4fa314e0-0e6d-45d0-991d-6e96945505c0","Woodchop alto-baixo na polia","P2","1","Core:primary:100","needs_review","needs_review","not_in_scope","WKFHw415Vdw","single_target | safety_metadata_gap","","","","","false"
"435d6ec2-ca0c-4d2a-9b52-26099d0d0736","Woodchop baixo-alto na polia","P2","1","Core:primary:100","needs_review","needs_review","not_in_scope","rHfjG2Oflz0","single_target | safety_metadata_gap","","","","","false"
"b882b52e-1c17-4d1d-b743-6a65fa57ae3e","Worlds greatest stretch","P2","1","Mobilidade:primary:100","needs_review","not_in_scope","not_in_scope","_Bef0hkhNGw","single_target","","","","","false"
"e1ee3cf8-d8a4-4023-8ed2-ee967dacea2a","Y na Polia","P2","1","Deltoide Lateral:primary:1","needs_review","not_in_scope","not_in_scope","JMQuLPcLQxM","single_target","","","","","false"
